ID,Type,Node OK,Link OK,Arg Mismatch,Pred Tasks,Gold Tasks,Error Summary
88388827,chain,✗,✗,3,audio effects -> audio-to-image,audio-to-text -> audio effects -> audio-to-image,node_mismatch; link_mismatch; arg_mismatch(3)
36690562,dag,✓,✗,1,video-to-audio -> audio splicer -> audio-to-text -> audio effects -> audio-to-image,video-to-audio -> audio splicer -> audio-to-text -> audio effects -> audio-to-image,link_mismatch; arg_mismatch(1)
27258164,dag,✓,✓,1,voice changer -> audio noise reduction -> audio-to-image -> image-to-video,voice changer -> audio noise reduction -> audio-to-image -> image-to-video,arg_mismatch(1)
29292224,chain,✗,✗,5,text summarizer -> text sentiment analysis -> keyword extractor -> text simplifier -> topic generator,text simplifier -> text summarizer -> keyword extractor -> text sentiment analysis -> topic generator -> text search,node_mismatch; link_mismatch; arg_mismatch(5)
25866928,chain,✗,✗,5,text search -> text grammar checker -> topic generator -> text-to-image,text simplifier -> text search -> text grammar checker -> topic generator -> text-to-image,node_mismatch; link_mismatch; arg_mismatch(5)
27780863,chain,✓,✓,1,text translator -> video search -> video synchronization,text translator -> video search -> video synchronization,arg_mismatch(1)
15307439,chain,✓,✓,1,audio effects -> audio-to-text -> text expander -> video search -> video speed changer,audio effects -> audio-to-text -> text expander -> video search -> video speed changer,arg_mismatch(1)
28095039,chain,✗,✗,4,audio downloader -> text simplifier -> video voiceover -> video-to-audio -> audio-to-text -> url extractor,audio downloader -> audio-to-text -> text simplifier -> video voiceover -> video-to-text -> url extractor,node_mismatch; link_mismatch; arg_mismatch(4)
13018270,dag,✗,✓,3,audio splicer -> audio effects,text simplifier -> audio splicer -> audio effects,node_mismatch; arg_mismatch(3)
60932031,chain,✗,✗,4,audio-to-text -> text simplifier -> text-to-audio,audio-to-text -> text expander -> text grammar checker -> text-to-audio -> voice changer,node_mismatch; link_mismatch; arg_mismatch(4)
46051366,chain,✗,✗,3,topic generator -> image search,keyword extractor -> text expander -> topic generator -> text summarizer -> image search,node_mismatch; link_mismatch; arg_mismatch(3)
11425996,chain,✓,✗,1,image stitcher -> image colorizer -> image search (by image) -> image-to-video,image stitcher -> image colorizer -> image search (by image) -> image-to-video,link_mismatch; arg_mismatch(1)
11988217,chain,✗,✗,3,text summarizer -> text-to-audio,keyword extractor -> text summarizer -> text to speech,node_mismatch; link_mismatch; arg_mismatch(3)
19690344,chain,✗,✗,2,video-to-audio -> audio-to-image,audio-to-image -> video-to-audio,node_mismatch; link_mismatch; arg_mismatch(2)
18534983,chain,✗,✗,2,text downloader -> text-to-audio -> video voiceover,text downloader -> video voiceover -> video-to-audio,node_mismatch; link_mismatch; arg_mismatch(2)
15414201,dag,✗,✗,3,text-to-video -> video speed changer -> video splicer,text sentiment analysis -> text expander -> text-to-image -> video speed changer,node_mismatch; link_mismatch; arg_mismatch(3)
10135093,chain,✗,✗,1,keyword extractor -> text search -> text downloader,keyword extractor -> url extractor -> text downloader,node_mismatch; link_mismatch; arg_mismatch(1)
96133316,single,✓,✓,1,image search,image search,arg_mismatch(1)
24192922,chain,✗,✗,2,text-to-video -> video voiceover,text search -> text-to-video -> video voiceover,node_mismatch; link_mismatch; arg_mismatch(2)
87050118,single,✓,✓,1,text summarizer,text summarizer,arg_mismatch(1)
28319577,chain,✗,✗,4,text downloader -> text grammar checker -> topic generator -> image search,image search -> text extractor -> grammar and style checker -> theme extractor,node_mismatch; link_mismatch; arg_mismatch(4)
18153929,single,✗,✓,0,image search,web image search,node_mismatch
23427738,single,✓,✓,1,topic generator,topic generator,arg_mismatch(1)
21047396,chain,✗,✗,4,text simplifier -> text-to-image -> image stitcher,article spinner -> text simplifier -> text-to-image -> image stitcher,node_mismatch; link_mismatch; arg_mismatch(4)
10380769,single,✓,✓,1,image search,image search,arg_mismatch(1)
31664374,dag,✗,✗,0,text paraphraser -> text summarizer -> video speed changer,text paraphraser -> text summarizer -> speed adjuster,node_mismatch; link_mismatch
13802119,single,✓,✓,1,keyword extractor,keyword extractor,arg_mismatch(1)
26171658,single,✓,✓,1,text expander,text expander,arg_mismatch(1)
31893844,chain,✗,✗,5,text translator -> url extractor -> audio downloader -> audio effects,keyword extractor -> text translator -> url extractor -> audio downloader -> audio effects,node_mismatch; link_mismatch; arg_mismatch(5)
31310133,single,✗,✗,2,text-to-image -> image-to-video,text-to-video,node_mismatch; link_mismatch; arg_mismatch(2)
30872064,single,✓,✓,1,audio-to-image,audio-to-image,arg_mismatch(1)
23756502,single,✗,✗,1,video search -> video downloader,video search,node_mismatch; link_mismatch; arg_mismatch(1)
11307128,dag,✗,✗,0,audio splicer -> audio-to-text -> audio-to-image,audio splicer -> audio-to-image -> audio-to-text,node_mismatch; link_mismatch
14570693,chain,✓,✓,1,text expander -> article spinner -> text simplifier,text expander -> article spinner -> text simplifier,arg_mismatch(1)
16470663,single,✗,✗,2,text-to-image -> image-to-video,text-to-video,node_mismatch; link_mismatch; arg_mismatch(2)
17689799,single,✓,✓,1,text-to-audio,text-to-audio,arg_mismatch(1)
24402294,chain,✗,✗,4,text downloader -> text summarizer -> text-to-audio -> audio effects -> audio-to-image,text downloader -> text grammar checker -> text summarizer -> text-to-speech -> audio effects -> audio-to-image,node_mismatch; link_mismatch; arg_mismatch(4)
89116871,chain,✗,✗,5,video-to-audio -> text downloader -> text-to-audio -> audio splicer -> video synchronization,text downloader -> voice changer -> audio splicer -> video synchronization,node_mismatch; link_mismatch; arg_mismatch(5)
50534924,chain,✗,✗,3,text search -> audio effects -> audio-to-image,text search -> voice modulator -> audio-to-image -> image colorizer,node_mismatch; link_mismatch; arg_mismatch(3)
28619645,chain,✗,✗,1,text expander -> text sentiment analysis -> voice changer,text expander -> sentiment analysis -> voice modification,node_mismatch; link_mismatch; arg_mismatch(1)
21964207,chain,✗,✗,4,text downloader -> text search -> video speed changer -> video-to-image,article analysis -> keyword extractor -> video search -> video speed changer -> video-to-image,node_mismatch; link_mismatch; arg_mismatch(4)
15022263,chain,✗,✗,4,video synchronization -> video voiceover -> video-to-audio -> audio-to-image,audio-to-image -> video synchronization -> video voiceover -> video-to-audio,node_mismatch; link_mismatch; arg_mismatch(4)
18305025,single,✓,✓,1,audio effects,audio effects,arg_mismatch(1)
14140831,single,✗,✗,1,video-to-audio -> audio-to-text,video-to-text,node_mismatch; link_mismatch; arg_mismatch(1)
86044142,chain,✓,✓,2,image-to-text -> keyword extractor -> text-to-video -> video-to-image,image-to-text -> keyword extractor -> text-to-video -> video-to-image,arg_mismatch(2)
74222240,chain,✗,✗,4,image-to-video -> video synchronization -> video speed changer,image colorizer -> image-to-video -> video speed changer -> video synchronization,node_mismatch; link_mismatch; arg_mismatch(4)
74496196,chain,✗,✗,4,url extractor -> text downloader -> article spinner -> text sentiment analysis,article spinner -> text downloader -> text sentiment analysis -> url extractor,node_mismatch; link_mismatch; arg_mismatch(4)
27723483,chain,✗,✗,2,text search -> text-to-image,text search -> topic generator -> text-to-image,node_mismatch; link_mismatch; arg_mismatch(2)
17004308,single,✓,✓,1,image search,image search,arg_mismatch(1)
20522174,single,✗,✗,2,image search -> image downloader,image search,node_mismatch; link_mismatch; arg_mismatch(2)
62589731,single,✓,✓,1,topic generator,topic generator,arg_mismatch(1)
21858748,single,✓,✓,1,text search,text search,arg_mismatch(1)
21338123,chain,✓,✓,1,text expander -> audio effects,text expander -> audio effects,arg_mismatch(1)
22015847,chain,✓,✓,1,topic generator -> text paraphraser,topic generator -> text paraphraser,arg_mismatch(1)
13805623,chain,✗,✗,3,text-to-audio -> voice changer,text paraphraser -> text grammar checker -> text sentiment analysis -> voice changer,node_mismatch; link_mismatch; arg_mismatch(3)
26631272,chain,✗,✗,2,image downloader -> image-to-text -> text search -> video search,image downloader -> image-to-text -> web search -> video search,node_mismatch; link_mismatch; arg_mismatch(2)
11831430,chain,✗,✗,2,text search -> text simplifier -> text-to-audio,text search -> text simplifier -> text to voice conversion,node_mismatch; link_mismatch; arg_mismatch(2)
57619492,single,✓,✓,1,text-to-video,text-to-video,arg_mismatch(1)
16333963,dag,✓,✗,2,video search -> video synchronization -> video stabilizer -> video-to-text,video search -> video synchronization -> video stabilizer -> video-to-text,link_mismatch; arg_mismatch(2)
15217837,single,✗,✗,1,video-to-audio -> audio-to-text,video-to-text,node_mismatch; link_mismatch; arg_mismatch(1)
79466668,chain,✗,✗,2,topic generator -> text search -> text sentiment analysis,topic generator -> text simplifier -> text sentiment analysis -> url extractor,node_mismatch; link_mismatch; arg_mismatch(2)
41999382,single,✓,✓,1,text-to-audio,text-to-audio,arg_mismatch(1)
12684292,single,✓,✓,1,video speed changer,video speed changer,arg_mismatch(1)
54951370,chain,✗,✗,4,text summarizer -> topic generator -> article spinner,text grammar checker -> text paraphraser -> text search -> article spinner -> topic generator,node_mismatch; link_mismatch; arg_mismatch(4)
24934781,chain,✗,✗,2,audio-to-image -> image search,audio downloader -> audio-to-text -> image search,node_mismatch; link_mismatch; arg_mismatch(2)
30160324,dag,✗,✗,0,image-to-text -> url extractor -> text-to-image -> text-to-image,image-to-text -> text-to-image -> url extractor -> generate qr code,node_mismatch; link_mismatch
16819120,single,✓,✓,1,video search,video search,arg_mismatch(1)
31552088,chain,✗,✗,0,audio downloader -> audio noise reduction -> video synchronization -> video-to-audio,audio downloader -> audio noise reduction -> video synchronization -> audio extractor,node_mismatch; link_mismatch
76244107,dag,✗,✗,1,audio downloader -> audio-to-text -> video voiceover -> video-to-audio,audio downloader -> audio-to-text -> video synchronization -> video-to-audio,node_mismatch; link_mismatch; arg_mismatch(1)
13563445,chain,✗,✗,2,text expander -> text-to-image,text paraphraser -> text enhancer -> text-to-image,node_mismatch; link_mismatch; arg_mismatch(2)
11565320,chain,✗,✗,3,image search -> image downloader,text paraphraser -> text sentiment analysis -> image search,node_mismatch; link_mismatch; arg_mismatch(3)
29216690,dag,✓,✗,1,text paraphraser -> text-to-image -> url extractor,text paraphraser -> text-to-image -> url extractor,link_mismatch; arg_mismatch(1)
14586035,single,✗,✗,1,text-to-image -> image-to-video,text-to-video,node_mismatch; link_mismatch; arg_mismatch(1)
12966686,single,✗,✗,1,video-to-audio -> audio-to-text,video-to-text,node_mismatch; link_mismatch; arg_mismatch(1)
51165983,single,✗,✓,0,image search (by image),perform reverse image search,node_mismatch
22430176,chain,✗,✗,2,text-to-video -> video-to-audio -> audio noise reduction,text-to-video -> video stabilizer -> video-to-audio -> audio noise reduction,node_mismatch; link_mismatch; arg_mismatch(2)
89964487,single,✓,✓,1,voice changer,voice changer,arg_mismatch(1)
24144196,single,✓,✓,1,url extractor,url extractor,arg_mismatch(1)
62747985,chain,✗,✗,6,video speed changer -> video-to-audio -> audio-to-text -> text grammar checker -> text paraphraser -> video search,audio-to-text -> text grammar checker -> text paraphraser -> video search -> video speed changer -> video-to-audio,node_mismatch; link_mismatch; arg_mismatch(6)
70467871,dag,✗,✗,1,image-to-video -> video-to-audio -> video voiceover,image-to-video -> video-to-text -> video voiceover,node_mismatch; link_mismatch; arg_mismatch(1)
31734078,single,✓,✓,1,audio splicer,audio splicer,arg_mismatch(1)
32566527,chain,✗,✗,2,text grammar checker -> text simplifier -> text-to-audio -> voice changer,text grammar checker -> text simplifier -> voice changer,node_mismatch; link_mismatch; arg_mismatch(2)
11545630,dag,✗,✗,4,audio downloader -> video-to-audio -> audio-to-text -> text search -> audio effects,audio downloader -> audio effects -> text search -> video-to-text,node_mismatch; link_mismatch; arg_mismatch(4)
20688391,chain,✗,✗,4,video-to-audio -> audio-to-text -> text summarizer -> keyword extractor -> video speed changer,text summarizer -> keyword extractor -> video speed controller,node_mismatch; link_mismatch; arg_mismatch(4)
24280969,single,✓,✓,1,voice changer,voice changer,arg_mismatch(1)
17603966,dag,✗,✗,3,video-to-audio -> audio-to-text -> keyword extractor -> text grammar checker -> url extractor,video-to-text -> keyword extractor -> url extractor -> text grammar checker,node_mismatch; link_mismatch; arg_mismatch(3)
21781185,chain,✗,✗,7,video-to-audio -> audio-to-text -> article spinner -> text expander -> text simplifier -> topic generator -> text-to-image,video-to-text -> article spinner -> text expander -> text simplifier -> topic generator -> text-to-image,node_mismatch; link_mismatch; arg_mismatch(7)
16566071,chain,✓,✓,2,video synchronization -> video voiceover,video synchronization -> video voiceover,arg_mismatch(2)
23418188,single,✓,✓,1,topic generator,topic generator,arg_mismatch(1)
31202256,chain,✗,✗,4,audio-to-text -> keyword extractor -> url extractor -> image downloader -> image style transfer -> image colorizer,audio-to-text -> url extractor -> image downloader -> image style transfer -> image colorizer,node_mismatch; link_mismatch; arg_mismatch(4)
23180828,chain,✓,✗,2,audio-to-text -> voice changer -> audio effects,audio-to-text -> voice changer -> audio effects,link_mismatch; arg_mismatch(2)
18044964,chain,✗,✗,1,image stitcher -> image style transfer -> image-to-text -> video speed changer -> image-to-video,image stitcher -> image style transfer -> image-to-text -> video speed changer,node_mismatch; link_mismatch; arg_mismatch(1)
16273916,chain,✗,✗,3,text-to-audio -> video voiceover,keyword extractor -> text expander -> video voiceover,node_mismatch; link_mismatch; arg_mismatch(3)
85922837,chain,✗,✗,2,image search (by image) -> image stitcher -> audio-to-text,image search (by image) -> image-to-video -> video-to-text,node_mismatch; link_mismatch; arg_mismatch(2)
31788289,chain,✗,✗,1,audio-to-text -> text grammar checker -> text simplifier -> topic generator,audio-to-text -> text grammar checker -> text simplifier -> article spinner -> text expander -> topic generator,node_mismatch; link_mismatch; arg_mismatch(1)
22605629,chain,✗,✗,7,image search (by image) -> image style transfer -> video-to-audio -> audio-to-text -> keyword extractor -> text grammar checker,image downloader -> image search (by image) -> image style transfer -> image-to-video -> video-to-text -> keyword extractor -> text grammar checker,node_mismatch; link_mismatch; arg_mismatch(7)
28528820,chain,✗,✗,2,text translator -> text grammar checker -> text expander -> text-to-audio -> audio noise reduction,text translator -> text grammar checker -> text expander -> voice changer -> audio noise reduction,node_mismatch; link_mismatch; arg_mismatch(2)
22721756,chain,✗,✗,1,image-to-text -> text paraphraser -> video speed changer -> video-to-audio,image-to-text -> article spinner -> video speed changer -> video-to-audio,node_mismatch; link_mismatch; arg_mismatch(1)
31461277,chain,✗,✗,1,audio downloader -> audio-to-image -> image style transfer -> image-to-text,audio downloader -> audio-to-image -> image style transfer -> image colorizer -> image-to-text,node_mismatch; link_mismatch; arg_mismatch(1)
59923748,chain,✗,✗,2,audio-to-text -> topic generator,audio noise reduction -> audio-to-text -> text grammar checker -> text expander -> topic generator,node_mismatch; link_mismatch; arg_mismatch(2)
16682768,single,✗,✓,2,image search,image search -> download image,node_mismatch; arg_mismatch(2)
22804689,chain,✗,✗,3,video-to-image -> image-to-text -> text-to-image -> image style transfer,image style transfer -> image-to-text -> text-to-image -> video-to-image,node_mismatch; link_mismatch; arg_mismatch(3)
29582096,chain,✗,✗,2,text simplifier -> text grammar checker,text paraphraser -> text simplifier -> text grammar checker,node_mismatch; link_mismatch; arg_mismatch(2)
13336269,single,✓,✓,1,image search,image search,arg_mismatch(1)
11656312,single,✗,✗,2,video search -> video downloader,video search,node_mismatch; link_mismatch; arg_mismatch(2)
10752387,chain,✗,✗,2,video-to-image -> image colorizer -> image style transfer,video-to-image -> image search (by image) -> image colorizer -> image style transfer,node_mismatch; link_mismatch; arg_mismatch(2)
20465957,chain,✗,✗,3,video speed changer -> video-to-audio -> audio effects,video speed adjustment -> extract audio from video -> audio enhancement,node_mismatch; link_mismatch; arg_mismatch(3)
12176023,chain,✗,✗,2,text-to-url -> video downloader -> video synchronization -> video-to-image -> image search (by image) -> image colorizer,url extractor -> video downloader -> video synchronization -> video-to-image -> image search (by image) -> image colorizer,node_mismatch; link_mismatch; arg_mismatch(2)
15834651,single,✗,✗,2,video search -> video downloader,video search,node_mismatch; link_mismatch; arg_mismatch(2)
18187080,chain,✗,✗,3,text-to-video -> video voiceover -> video stabilizer,video search -> video stabilizer -> video voiceover,node_mismatch; link_mismatch; arg_mismatch(3)
19565758,chain,✗,✗,3,image-to-text -> text grammar checker -> image search,text grammar checker -> keyword extractor -> image search,node_mismatch; link_mismatch; arg_mismatch(3)
26887673,chain,✗,✗,4,image downloader -> image-to-text -> text sentiment analysis -> topic generator -> text grammar checker -> image search,image downloader -> image-to-text -> keyword extractor -> text grammar checker -> text sentiment analysis -> image search -> topic generator,node_mismatch; link_mismatch; arg_mismatch(4)
38692010,chain,✗,✗,2,text summarizer -> text-to-video,article spinner -> text summarizer -> text-to-video,node_mismatch; link_mismatch; arg_mismatch(2)
15857859,chain,✗,✗,2,topic generator -> text-to-audio,text expander -> text sentiment analysis -> topic generator -> text-to-audio,node_mismatch; link_mismatch; arg_mismatch(2)
30002506,chain,✗,✗,2,text-to-video -> video synchronization,text sentiment analysis -> text-to-video -> video synchronization,node_mismatch; link_mismatch; arg_mismatch(2)
18178536,single,✗,✗,2,text-to-image -> image downloader,text-to-image,node_mismatch; link_mismatch; arg_mismatch(2)
87663737,chain,✓,✓,1,text expander -> text-to-audio -> audio splicer,text expander -> text-to-audio -> audio splicer,arg_mismatch(1)
90555577,chain,✓,✓,1,text search -> text paraphraser -> text simplifier,text search -> text paraphraser -> text simplifier,arg_mismatch(1)
15678519,chain,✓,✗,1,image search (by image) -> image colorizer -> image-to-video -> video stabilizer,image search (by image) -> image colorizer -> image-to-video -> video stabilizer,link_mismatch; arg_mismatch(1)
13921012,dag,✗,✗,3,video-to-audio -> voice changer,text summarizer -> video-to-audio -> voice changer,node_mismatch; link_mismatch; arg_mismatch(3)
58963254,dag,✗,✗,7,audio splicer -> audio-to-image -> image-to-text -> text paraphraser -> keyword extractor -> topic generator,audio downloader -> audio downloader -> audio splicer -> audio-to-image -> image-to-text -> text paraphraser -> keyword extractor -> topic generator,node_mismatch; link_mismatch; arg_mismatch(7)
31416321,chain,✗,✗,1,text-to-image,text-to-image -> image colorizer,node_mismatch; link_mismatch; arg_mismatch(1)
77281257,chain,✓,✗,2,topic generator -> article spinner -> video voiceover -> video stabilizer,topic generator -> article spinner -> video voiceover -> video stabilizer,link_mismatch; arg_mismatch(2)
19561594,single,✓,✓,1,text-to-audio,text-to-audio,arg_mismatch(1)
24453242,chain,✓,✓,2,video stabilizer -> video synchronization -> video-to-audio -> audio noise reduction,video stabilizer -> video synchronization -> video-to-audio -> audio noise reduction,arg_mismatch(2)
15934907,chain,✗,✗,1,text expander,text sentiment analysis -> keyword extractor -> article spinner,node_mismatch; link_mismatch; arg_mismatch(1)
21983458,dag,✗,✗,4,image search (by image) -> text-to-audio -> image search -> image stitcher,keyword extractor -> url extractor -> image downloader -> audio downloader,node_mismatch; link_mismatch; arg_mismatch(4)
24431161,chain,✓,✓,1,topic generator -> video search -> video stabilizer -> video speed changer,topic generator -> video search -> video stabilizer -> video speed changer,arg_mismatch(1)
30809149,single,✗,✓,1,audio effects,enhance audio,node_mismatch; arg_mismatch(1)
17458146,chain,✓,✓,1,topic generator -> text grammar checker -> image search,topic generator -> text grammar checker -> image search,arg_mismatch(1)
24171859,chain,✗,✗,5,text downloader -> text-to-audio -> audio effects -> audio-to-image,url extractor -> text downloader -> text-to-audio -> audio effects -> audio-to-image,node_mismatch; link_mismatch; arg_mismatch(5)
31212655,chain,✗,✗,3,text-to-image -> image colorizer,text simplifier -> article spinner -> text-to-image -> image colorizer,node_mismatch; link_mismatch; arg_mismatch(3)
28885213,chain,✗,✗,1,text search -> text summarizer,text search -> topic generator,node_mismatch; link_mismatch; arg_mismatch(1)
85815202,chain,✓,✗,2,topic generator -> text summarizer -> text sentiment analysis -> audio effects,topic generator -> text summarizer -> text sentiment analysis -> audio effects,link_mismatch; arg_mismatch(2)
24685082,chain,✗,✗,1,text simplifier -> video search,text simplifier -> text paraphraser -> video search,node_mismatch; link_mismatch; arg_mismatch(1)
15107169,single,✓,✓,1,image search,image search,arg_mismatch(1)
30162809,single,✓,✓,1,audio splicer,audio splicer,arg_mismatch(1)
30443797,single,✓,✓,1,text expander,text expander,arg_mismatch(1)
25635980,chain,✗,✗,5,text downloader -> article spinner -> text sentiment analysis -> voice changer -> video synchronization,article spinner -> text downloader -> text sentiment analysis -> url extractor -> video synchronization -> voice changer,node_mismatch; link_mismatch; arg_mismatch(5)
82794359,dag,✓,✗,1,image-to-text -> article spinner -> url extractor -> audio effects,image-to-text -> article spinner -> url extractor -> audio effects,link_mismatch; arg_mismatch(1)
15917245,chain,✗,✗,7,audio-to-text -> audio-to-text -> text search -> video search -> video-to-image -> image stitcher,audio splicer -> audio-to-text -> text expander -> text grammar checker -> video search -> video-to-image -> image search (by image),node_mismatch; link_mismatch; arg_mismatch(7)
10605598,chain,✗,✗,1,keyword extractor -> video search,keyword extractor -> text simplifier -> video search,node_mismatch; link_mismatch; arg_mismatch(1)
19002274,single,✓,✓,1,text expander,text expander,arg_mismatch(1)
72347498,single,✓,✓,1,text-to-video,text-to-video,arg_mismatch(1)
15644057,chain,✗,✗,6,audio-to-image -> image stitcher -> image style transfer -> image-to-text -> text search -> video voiceover,audio downloader -> audio-to-image -> image style transfer -> image stitcher -> image-to-text -> video search -> video voiceover,node_mismatch; link_mismatch; arg_mismatch(6)
12220739,single,✓,✓,1,video voiceover,video voiceover,arg_mismatch(1)
19344248,chain,✓,✗,2,text-to-audio -> audio effects,text-to-audio -> audio effects,link_mismatch; arg_mismatch(2)
31655329,chain,✗,✗,1,keyword extractor -> video search,keyword extractor -> topic generator -> video search,node_mismatch; link_mismatch; arg_mismatch(1)
61036052,dag,✗,✓,3,video downloader -> video-to-audio -> text simplifier -> voice changer,text simplifier -> video downloader -> video-to-audio -> voice changer,node_mismatch; arg_mismatch(3)
45117679,single,✓,✓,1,video search,video search,arg_mismatch(1)
20648392,chain,✗,✓,3,video search -> video synchronization -> video-to-image,video-to-text -> video search -> video synchronization -> video-to-image,node_mismatch; arg_mismatch(3)
14480544,chain,✗,✗,3,image downloader -> image colorizer -> image-to-text -> text-to-image,image colorizer -> image downloader -> image-to-text -> text-to-image -> url extractor,node_mismatch; link_mismatch; arg_mismatch(3)
23695356,chain,✗,✗,0,text downloader -> text-to-image -> image style transfer -> image search,text downloader -> text-to-image -> image style transfer -> image search (by image),node_mismatch; link_mismatch
16490659,dag,✗,✗,1,text simplifier -> keyword extractor -> text summarizer -> text-to-audio,keyword extractor -> text simplifier -> text summarizer -> text-to-audio,node_mismatch; link_mismatch; arg_mismatch(1)
20204347,single,✓,✓,1,video search,video search,arg_mismatch(1)
18591337,dag,✗,✗,2,audio noise reduction -> text simplifier -> text-to-audio,audio noise reduction -> text simplifier -> text to speech conversion -> audio combiner,node_mismatch; link_mismatch; arg_mismatch(2)
24430869,chain,✗,✗,2,image colorizer -> image-to-video -> video-to-audio -> audio-to-text -> topic generator,image colorizer -> image-to-video -> video-to-text -> topic generator,node_mismatch; link_mismatch; arg_mismatch(2)
31073970,chain,✗,✗,2,text-to-image -> image colorizer -> image stitcher -> image search (by image) -> image style transfer,text-to-image -> image colorizer -> image stitcher -> image search (by text) -> image style transfer,node_mismatch; link_mismatch; arg_mismatch(2)
16243108,dag,✗,✗,3,text search -> text sentiment analysis -> image style transfer -> text-to-audio,keyword extractor -> text search -> text sentiment analysis -> sentiment to emotion converter -> text-to-speech -> audio-to-image -> image style transfer,node_mismatch; link_mismatch; arg_mismatch(3)
44675153,single,✓,✓,1,text-to-audio,text-to-audio,arg_mismatch(1)
58037843,chain,✓,✓,1,url extractor -> audio downloader,url extractor -> audio downloader,arg_mismatch(1)
17306349,chain,✗,✗,1,audio splicer -> video synchronization -> video-to-audio -> audio effects,audio merger -> video synchronization -> video-to-audio -> audio effects,node_mismatch; link_mismatch; arg_mismatch(1)
29940624,chain,✗,✗,2,audio-to-image -> image search (by image),audio downloader -> audio-to-image -> image search (by image),node_mismatch; link_mismatch; arg_mismatch(2)
24694333,chain,✗,✗,4,video-to-audio -> audio-to-text -> text-to-image -> image-to-video -> video synchronization,video-to-text -> text paraphraser -> text-to-video -> video synchronization,node_mismatch; link_mismatch; arg_mismatch(4)
40859821,chain,✗,✗,2,audio-to-text -> text sentiment analysis -> video voiceover -> audio splicer,audio-to-text -> text sentiment analysis -> video voiceover -> video-to-audio -> audio splicer,node_mismatch; link_mismatch; arg_mismatch(2)
87476971,chain,✗,✗,2,text summarizer -> article spinner -> keyword extractor,text summarizer -> keyword extractor -> article spinner,node_mismatch; link_mismatch; arg_mismatch(2)
62966459,dag,✗,✗,4,image search (by image) -> image stitcher -> video-to-audio -> audio-to-text,image search -> image-to-video -> video-to-text,node_mismatch; link_mismatch; arg_mismatch(4)
26459081,chain,✗,✗,2,audio splicer -> video synchronization -> video-to-audio -> audio-to-text -> text-to-video,audio splicer -> video synchronization -> video-to-text -> text-to-video,node_mismatch; link_mismatch; arg_mismatch(2)
30674665,dag,✓,✓,1,text paraphraser -> audio effects -> audio noise reduction,text paraphraser -> audio effects -> audio noise reduction,arg_mismatch(1)
58466120,single,✓,✓,1,audio effects,audio effects,arg_mismatch(1)
13251330,dag,✗,✗,3,video stabilizer -> video synchronization,audio downloader -> video stabilizer -> video synchronization,node_mismatch; link_mismatch; arg_mismatch(3)
31247575,chain,✗,✗,1,text downloader -> text summarizer -> video voiceover,text downloader -> text grammar checker -> video voiceover,node_mismatch; link_mismatch; arg_mismatch(1)
10868220,chain,✗,✗,4,audio downloader -> video synchronization -> video-to-audio,url extractor -> audio downloader -> video synchronization -> video-to-audio,node_mismatch; link_mismatch; arg_mismatch(4)
73298127,chain,✗,✗,3,text search -> text paraphraser -> keyword extractor,keyword extractor -> text paraphraser -> text search,node_mismatch; link_mismatch; arg_mismatch(3)
32330193,chain,✓,✓,2,url extractor -> audio downloader -> audio effects -> audio-to-image,url extractor -> audio downloader -> audio effects -> audio-to-image,arg_mismatch(2)
12219157,chain,✗,✗,4,text summarizer -> text-to-image -> image-to-video -> video voiceover,text paraphraser -> text summarizer -> text-to-video -> video synchronization -> video voiceover,node_mismatch; link_mismatch; arg_mismatch(4)
24536601,chain,✓,✗,2,text grammar checker -> keyword extractor -> url extractor -> image downloader,text grammar checker -> keyword extractor -> url extractor -> image downloader,link_mismatch; arg_mismatch(2)
23094284,single,✓,✓,1,url extractor,url extractor,arg_mismatch(1)
20343348,single,✗,✗,2,video search -> video downloader,video search,node_mismatch; link_mismatch; arg_mismatch(2)
18186461,chain,✗,✗,2,text-to-image -> image-to-video,text-to-image -> image colorizer -> image-to-video,node_mismatch; link_mismatch; arg_mismatch(2)
17156873,chain,✗,✗,4,audio-to-image -> image style transfer -> image style transfer -> image stitcher,audio-to-image -> image search (by image) -> image colorizer -> image style transfer -> image stitcher,node_mismatch; link_mismatch; arg_mismatch(4)
13543080,dag,✗,✗,4,voice changer -> video synchronization -> video stabilizer -> video-to-text,video stabilizer -> voice changer -> video synchronization -> video-to-text,node_mismatch; link_mismatch; arg_mismatch(4)
21261054,chain,✓,✓,1,image downloader -> image search (by image) -> image colorizer,image downloader -> image search (by image) -> image colorizer,arg_mismatch(1)
17934342,chain,✓,✓,1,text grammar checker -> url extractor -> audio downloader,text grammar checker -> url extractor -> audio downloader,arg_mismatch(1)
28903319,chain,✓,✗,2,keyword extractor -> text translator -> text summarizer -> video voiceover,keyword extractor -> text translator -> text summarizer -> video voiceover,link_mismatch; arg_mismatch(2)
23543826,chain,✓,✗,2,text paraphraser -> text grammar checker,text paraphraser -> text grammar checker,link_mismatch; arg_mismatch(2)
90821846,chain,✓,✓,2,text downloader -> text-to-image -> image-to-video,text downloader -> text-to-image -> image-to-video,arg_mismatch(2)
70339215,single,✗,✗,1,audio splicer -> audio splicer,audio splicer,node_mismatch; link_mismatch; arg_mismatch(1)
28356804,chain,✓,✓,1,voice changer -> audio-to-image -> image-to-video,voice changer -> audio-to-image -> image-to-video,arg_mismatch(1)
25671101,dag,✗,✗,2,audio-to-image -> image colorizer -> image stitcher,audio-to-image -> image colorizer -> image search (by image) -> image stitcher,node_mismatch; link_mismatch; arg_mismatch(2)
23190139,dag,✗,✓,3,video downloader -> video speed changer -> audio-to-text,audio-to-text -> video downloader -> video speed changer,node_mismatch; arg_mismatch(3)
79870802,chain,✗,✗,3,url extractor -> image downloader -> image colorizer,image colorizer -> image downloader -> url extractor,node_mismatch; link_mismatch; arg_mismatch(3)
18188794,single,✗,✗,1,image search -> image downloader,,node_mismatch; link_mismatch; arg_mismatch(1)
48612870,chain,✓,✓,1,text grammar checker -> text simplifier -> url extractor -> video downloader,text grammar checker -> text simplifier -> url extractor -> video downloader,arg_mismatch(1)
65576465,chain,✗,✓,4,image-to-text -> text sentiment analysis -> text-to-audio,topic generator -> image-to-text -> text sentiment analysis -> text-to-audio,node_mismatch; arg_mismatch(4)
20786177,chain,✗,✗,2,text search -> audio-to-text,topic generator -> url extractor -> podcast downloader -> podcast-to-text,node_mismatch; link_mismatch; arg_mismatch(2)
15864571,single,✓,✓,1,text-to-audio,text-to-audio,arg_mismatch(1)
32313628,chain,✓,✓,1,video stabilizer -> video voiceover -> video speed changer,video stabilizer -> video voiceover -> video speed changer,arg_mismatch(1)
51390841,chain,✗,✗,3,url extractor -> video downloader -> video voiceover,article spinner -> url extractor -> video downloader -> video voiceover,node_mismatch; link_mismatch; arg_mismatch(3)
14279881,chain,✗,✗,3,url extractor -> audio downloader -> audio-to-text,audio downloader -> audio-to-text -> url extractor,node_mismatch; link_mismatch; arg_mismatch(3)
26493368,single,✓,✓,1,text-to-audio,text-to-audio,arg_mismatch(1)
42164344,single,✓,✓,1,audio effects,audio effects,arg_mismatch(1)
68700408,chain,✗,✗,1,text translator -> keyword extractor -> text search,text translator -> keyword extractor -> text search -> url extractor,node_mismatch; link_mismatch; arg_mismatch(1)
45395631,chain,✗,✗,0,text translator -> url extractor -> text summarizer,text translator -> text summarizer -> url extractor,node_mismatch; link_mismatch
33065416,single,✓,✓,1,image downloader,image downloader,arg_mismatch(1)
78662083,chain,✗,✗,2,topic generator,topic generator -> keyword extractor -> text sentiment analysis,node_mismatch; link_mismatch; arg_mismatch(2)
33439445,dag,✗,✗,4,text grammar checker -> audio effects -> audio-to-text,audio effects -> audio-to-text -> text grammar checker -> text grammar checker,node_mismatch; link_mismatch; arg_mismatch(4)
26406843,chain,✗,✗,6,image-to-video -> video-to-audio -> video-to-text -> topic generator -> text translator -> text-to-audio -> video synchronization -> video-to-image,image-to-video -> video-to-text -> topic generator -> text translator -> text-to-audio -> video synchronization -> video-to-image,node_mismatch; link_mismatch; arg_mismatch(6)
13468023,chain,✗,✗,1,text downloader -> keyword extractor -> voice changer -> audio effects,text downloader -> keyword extractor -> voice changer,node_mismatch; link_mismatch; arg_mismatch(1)
16278013,chain,✗,✗,5,audio-to-text -> url extractor -> video voiceover -> video-to-image -> image search (by image),audio noise reduction -> audio-to-text -> url extractor -> text downloader -> article spinner -> video voiceover -> video-to-image -> image search (by image),node_mismatch; link_mismatch; arg_mismatch(5)
26068251,chain,✗,✗,4,image-to-text -> text sentiment analysis -> video downloader -> video-to-image -> image search (by image),image-to-text -> text sentiment analysis -> url extractor -> video downloader -> video-to-image -> image search (by image),node_mismatch; link_mismatch; arg_mismatch(4)
17527773,chain,✗,✓,2,video speed changer,text translator -> video speed changer,node_mismatch; arg_mismatch(2)
16017611,chain,✓,✓,1,audio splicer -> audio effects -> audio noise reduction -> audio-to-image,audio splicer -> audio effects -> audio noise reduction -> audio-to-image,arg_mismatch(1)
32663184,single,✓,✓,1,video speed changer,video speed changer,arg_mismatch(1)
19363242,single,✓,✓,1,voice changer,voice changer,arg_mismatch(1)
10884823,chain,✗,✗,3,video-to-audio -> audio-to-text -> keyword extractor -> audio effects -> video synchronization -> video speed changer -> video voiceover,audio downloader -> audio-to-text -> keyword extractor -> audio effects -> video synchronization -> video speed changer -> video voiceover,node_mismatch; link_mismatch; arg_mismatch(3)
26380110,dag,✗,✗,3,audio-to-image -> image colorizer -> image-to-text,audio-to-text -> text-to-image -> image colorizer -> image-to-text,node_mismatch; link_mismatch; arg_mismatch(3)
18040031,single,✓,✓,1,image search,image search,arg_mismatch(1)
33837419,single,✓,✓,1,image downloader,image downloader,arg_mismatch(1)
33359257,dag,✗,✗,1,text translator -> text expander,text translator -> text expander -> text grammar checker,node_mismatch; link_mismatch; arg_mismatch(1)
89932753,dag,✗,✗,1,topic generator -> text-to-image,topic generator -> keyword extractor -> text summarizer -> text-to-image,node_mismatch; link_mismatch; arg_mismatch(1)
32540189,chain,✗,✗,2,text search -> text summarizer -> text expander -> keyword extractor -> text-to-image,text search -> text summarizer -> article rewrite -> keyword extractor -> text-to-image,node_mismatch; link_mismatch; arg_mismatch(2)
15961119,chain,✗,✗,3,text search -> text summarizer,text simplifier -> text search -> topic generator,node_mismatch; link_mismatch; arg_mismatch(3)
33941946,chain,✗,✗,3,video-to-audio -> audio-to-text -> text paraphraser -> text summarizer,video-to-text -> text paraphraser -> text summarizer,node_mismatch; link_mismatch; arg_mismatch(3)
13754311,chain,✗,✗,4,text summarizer -> text-to-audio -> audio-to-text -> text search -> text translator,text translator -> text summarizer -> text-to-audio -> audio-to-text -> text search,node_mismatch; link_mismatch; arg_mismatch(4)
26559903,chain,✓,✓,1,video speed changer -> video-to-audio -> audio-to-text -> video search,video speed changer -> video-to-audio -> audio-to-text -> video search,arg_mismatch(1)
19631397,single,✓,✓,1,url extractor,url extractor,arg_mismatch(1)
28140414,dag,✗,✗,2,text-to-audio -> video voiceover,text sentiment analysis -> video processing -> video voiceover,node_mismatch; link_mismatch; arg_mismatch(2)
31212211,chain,✗,✗,4,video-to-audio -> audio-to-text -> video speed changer -> video speed changer,text expander -> text simplifier -> video speed changer,node_mismatch; link_mismatch; arg_mismatch(4)
13370631,single,✓,✓,1,text-to-image,text-to-image,arg_mismatch(1)
25511517,chain,✗,✗,4,video-to-audio -> audio-to-text -> keyword extractor -> image search -> image-to-video,video-to-text -> keyword extractor -> text search -> text-to-video,node_mismatch; link_mismatch; arg_mismatch(4)
23321317,chain,✓,✓,1,url extractor -> text downloader -> video speed changer,url extractor -> text downloader -> video speed changer,arg_mismatch(1)
21426178,chain,✗,✗,6,audio noise reduction -> audio noise reduction -> audio splicer -> audio-to-image -> image-to-video -> video synchronization,audio splicer -> audio noise reduction -> audio-to-text -> keyword extractor -> text-to-video -> video synchronization,node_mismatch; link_mismatch; arg_mismatch(6)
13450285,chain,✓,✗,1,audio-to-text -> text sentiment analysis -> text search -> text-to-audio,audio-to-text -> text sentiment analysis -> text search -> text-to-audio,link_mismatch; arg_mismatch(1)
15854959,chain,✓,✓,1,text simplifier -> text translator -> text grammar checker -> text summarizer -> article spinner -> video voiceover,text simplifier -> text translator -> text grammar checker -> text summarizer -> article spinner -> video voiceover,arg_mismatch(1)
28231852,single,✗,✗,2,text-to-video -> image stitcher,text-to-video,node_mismatch; link_mismatch; arg_mismatch(2)
50953250,chain,✗,✗,2,image-to-text -> article spinner,article spinner -> image-to-text,node_mismatch; link_mismatch; arg_mismatch(2)
10949447,chain,✗,✗,4,video-to-audio -> audio-to-text -> text grammar checker -> video search -> video-to-image,video-to-text -> text grammar checker -> video search -> video-to-image,node_mismatch; link_mismatch; arg_mismatch(4)
73089175,chain,✓,✓,1,text search -> text sentiment analysis -> text-to-video,text search -> text sentiment analysis -> text-to-video,arg_mismatch(1)
10594142,chain,✓,✗,1,audio noise reduction -> audio splicer -> audio-to-text -> text paraphraser -> text grammar checker -> voice changer,audio noise reduction -> audio splicer -> audio-to-text -> text paraphraser -> text grammar checker -> voice changer,link_mismatch; arg_mismatch(1)
79564927,chain,✗,✗,1,audio effects -> audio-to-image -> image search,audio effects -> audio-to-image -> image search (by image),node_mismatch; link_mismatch; arg_mismatch(1)
57189510,single,✓,✓,1,audio effects,audio effects,arg_mismatch(1)
74781405,chain,✗,✗,2,image-to-text -> video speed changer,image-to-text -> keyword extractor -> video speed adjuster,node_mismatch; link_mismatch; arg_mismatch(2)
29327419,dag,✗,✗,3,keyword extractor -> video-to-image -> image search (by image),keyword extractor -> image search -> video-to-image -> image search (by image),node_mismatch; link_mismatch; arg_mismatch(3)
22743517,chain,✓,✗,3,video speed changer -> video-to-audio -> audio noise reduction -> video synchronization,video speed changer -> video-to-audio -> audio noise reduction -> video synchronization,link_mismatch; arg_mismatch(3)
62452405,single,✓,✓,1,text-to-image,text-to-image,arg_mismatch(1)
13587508,dag,✗,✗,4,audio noise reduction -> text-to-audio -> audio splicer,article spinner -> voice changer -> audio noise reduction -> audio splicer,node_mismatch; link_mismatch; arg_mismatch(4)
19175928,single,✗,✗,2,image search -> image downloader,image search,node_mismatch; link_mismatch; arg_mismatch(2)
28165088,chain,✓,✗,1,text sentiment analysis -> text translator -> text-to-audio -> audio splicer,text sentiment analysis -> text translator -> text-to-audio -> audio splicer,link_mismatch; arg_mismatch(1)
14880287,chain,✗,✗,3,text simplifier -> keyword extractor -> url extractor,text simplifier -> topic generator -> text paraphraser -> url extractor,node_mismatch; link_mismatch; arg_mismatch(3)
91590573,dag,✗,✗,2,audio splicer -> audio noise reduction -> voice changer -> video-to-audio -> video synchronization -> video stabilizer,audio splicer -> audio noise reduction -> voice changer -> video stabilizer -> video synchronization,node_mismatch; link_mismatch; arg_mismatch(2)
28353590,chain,✗,✗,2,text search -> text-to-image,text translator -> text search -> text-to-image,node_mismatch; link_mismatch; arg_mismatch(2)
16283641,dag,✓,✗,1,text-to-image -> video-to-image -> image-to-video,text-to-image -> video-to-image -> image-to-video,link_mismatch; arg_mismatch(1)
20451284,chain,✓,✗,3,text downloader -> topic generator -> text search -> video speed changer -> video-to-image,text downloader -> topic generator -> text search -> video speed changer -> video-to-image,link_mismatch; arg_mismatch(3)
15289357,chain,✓,✓,1,url extractor -> audio downloader -> audio-to-text -> image search,url extractor -> audio downloader -> audio-to-text -> image search,arg_mismatch(1)
88823141,chain,✗,✗,2,audio-to-image -> image search (by image),audio-to-text -> topic generator -> text-to-image -> image search (by image),node_mismatch; link_mismatch; arg_mismatch(2)
74478360,chain,✗,✗,6,image colorizer -> image-to-video -> video stabilizer -> video voiceover -> video speed changer,image downloader -> image colorizer -> image-to-video -> video stabilizer -> video voiceover -> video speed changer,node_mismatch; link_mismatch; arg_mismatch(6)
15307609,chain,✗,✗,3,video search -> video synchronization,video search -> video synchronization -> video stabilizer,node_mismatch; link_mismatch; arg_mismatch(3)
21790319,dag,✓,✓,1,audio downloader -> voice changer -> audio-to-image,audio downloader -> voice changer -> audio-to-image,arg_mismatch(1)
29888089,chain,✗,✗,3,text grammar checker -> text sentiment analysis -> text expander -> text-to-audio -> audio effects,text grammar checker -> text sentiment analysis -> text expander -> audio effects,node_mismatch; link_mismatch; arg_mismatch(3)
22006537,chain,✗,✗,5,video-to-image -> image-to-text -> text paraphraser -> text translator -> video voiceover,image-to-text -> text paraphraser -> text translator -> video voiceover -> video synchronization,node_mismatch; link_mismatch; arg_mismatch(5)
20363313,chain,✓,✗,1,text downloader -> text simplifier -> text sentiment analysis -> article spinner -> video voiceover,text downloader -> text simplifier -> text sentiment analysis -> article spinner -> video voiceover,link_mismatch; arg_mismatch(1)
11200164,single,✓,✓,1,text search,text search,arg_mismatch(1)
36722099,single,✓,✓,1,video-to-image,video-to-image,arg_mismatch(1)
23180765,chain,✓,✓,1,url extractor -> audio downloader -> audio splicer -> audio-to-text -> keyword extractor -> image search,url extractor -> audio downloader -> audio splicer -> audio-to-text -> keyword extractor -> image search,arg_mismatch(1)
20282771,chain,✗,✗,3,audio-to-image -> image style transfer,audio splicer -> audio-to-image -> image style transfer,node_mismatch; link_mismatch; arg_mismatch(3)
21065854,chain,✗,✗,2,audio downloader -> voice changer -> audio-to-image,audio downloader -> voice changer -> audio-to-image -> image colorizer,node_mismatch; link_mismatch; arg_mismatch(2)
30848933,dag,✗,✗,2,video downloader -> video voiceover,video downloader -> audio-to-text -> video voiceover,node_mismatch; link_mismatch; arg_mismatch(2)
25676038,chain,✗,✗,0,audio downloader -> audio-to-image -> image style transfer -> image stitcher,audio downloader -> audio-to-image -> image style transfer -> image generator,node_mismatch; link_mismatch
14687208,single,✓,✓,1,topic generator,topic generator,arg_mismatch(1)
29492283,chain,✗,✗,2,topic generator -> video search,topic generator -> keyword extractor -> text simplifier -> video search,node_mismatch; link_mismatch; arg_mismatch(2)
27110058,single,✓,✓,1,video search,video search,arg_mismatch(1)
30916057,single,✗,✗,1,video-to-audio -> audio-to-text,video-to-text,node_mismatch; link_mismatch; arg_mismatch(1)
34450680,single,✗,✗,2,text-to-image -> image stitcher,text-to-image,node_mismatch; link_mismatch; arg_mismatch(2)
69499607,dag,✗,✗,5,video-to-audio -> audio-to-text -> audio noise reduction -> text-to-audio -> video synchronization -> video stabilizer,audio noise reduction -> text-to-audio generation -> video stabilizer -> audio-video synchronization -> video-to-text transcription,node_mismatch; link_mismatch; arg_mismatch(5)
28534440,chain,✗,✗,4,audio downloader -> audio-to-text -> text simplifier -> text-to-image -> image-to-text -> text simplifier,audio downloader -> audio-to-image -> image search (by image) -> image-to-text -> text simplifier,node_mismatch; link_mismatch; arg_mismatch(4)
15383295,chain,✗,✗,1,text downloader -> voice changer -> audio splicer -> audio-to-text -> text grammar checker -> text-to-image,text downloader -> voice changer -> audio splicer -> audio-to-text -> text grammar checker -> image search,node_mismatch; link_mismatch; arg_mismatch(1)
58053439,chain,✓,✗,1,image-to-text -> text grammar checker -> keyword extractor -> text summarizer,image-to-text -> text grammar checker -> keyword extractor -> text summarizer,link_mismatch; arg_mismatch(1)
12173015,single,✓,✓,1,url extractor,url extractor,arg_mismatch(1)
30013772,chain,✗,✗,2,video-to-audio -> audio-to-text -> image search,video-to-text -> article spinner -> image search,node_mismatch; link_mismatch; arg_mismatch(2)
17953094,single,✓,✓,1,text summarizer,text summarizer,arg_mismatch(1)
30997967,single,✓,✓,1,video voiceover,video voiceover,arg_mismatch(1)
89422632,chain,✗,✗,5,image style transfer -> image-to-video -> video-to-image -> image search (by image),image downloader -> image style transfer -> image-to-video -> video-to-image -> image search (by image),node_mismatch; link_mismatch; arg_mismatch(5)
21366352,chain,✗,✗,0,audio downloader -> audio noise reduction -> video synchronization -> audio-to-text,audio downloader -> audio noise reduction -> video synchronization -> video-to-text,node_mismatch; link_mismatch
85808767,chain,✓,✓,1,text-to-video -> video speed changer -> video-to-image,text-to-video -> video speed changer -> video-to-image,arg_mismatch(1)
61397393,single,✓,✓,1,video search,video search,arg_mismatch(1)
11576405,dag,✗,✗,3,text search -> text grammar checker -> video voiceover,text search -> text grammar checker -> video stabilizer -> video voiceover,node_mismatch; link_mismatch; arg_mismatch(3)
20972034,single,✓,✓,1,voice changer,voice changer,arg_mismatch(1)
26608785,chain,✓,✓,1,video downloader -> video stabilizer -> video-to-audio -> voice changer,video downloader -> video stabilizer -> video-to-audio -> voice changer,arg_mismatch(1)
16980316,dag,✗,✓,3,article spinner -> text translator -> audio effects,article spinner -> audio effects -> text translator,node_mismatch; arg_mismatch(3)
14628829,single,✓,✓,1,topic generator,topic generator,arg_mismatch(1)
38050367,chain,✓,✓,2,audio downloader -> video synchronization -> video speed changer -> video-to-image -> image stitcher -> image colorizer,audio downloader -> video synchronization -> video speed changer -> video-to-image -> image stitcher -> image colorizer,arg_mismatch(2)
19320371,chain,✓,✓,1,text summarizer -> keyword extractor -> video speed changer -> video stabilizer,text summarizer -> keyword extractor -> video speed changer -> video stabilizer,arg_mismatch(1)
21300903,single,✓,✓,1,video search,video search,arg_mismatch(1)
44517120,chain,✗,✗,4,text search -> video-to-audio -> voice changer,topic generator -> url extractor -> audio downloader -> voice changer,node_mismatch; link_mismatch; arg_mismatch(4)
94684467,chain,✓,✗,1,image-to-text -> text search -> text-to-image -> image search (by image) -> image stitcher,image-to-text -> text search -> text-to-image -> image search (by image) -> image stitcher,link_mismatch; arg_mismatch(1)
29345727,dag,✗,✗,2,text downloader -> video search,topic generator -> text sentiment analysis -> video search,node_mismatch; link_mismatch; arg_mismatch(2)
20503682,single,✗,✗,1,video-to-audio -> audio-to-text,video-to-text,node_mismatch; link_mismatch; arg_mismatch(1)
30616895,single,✓,✓,1,text paraphraser,text paraphraser,arg_mismatch(1)
33314517,chain,✗,✗,2,video speed changer -> video-to-audio -> audio-to-text,video speed changer -> video-to-text,node_mismatch; link_mismatch; arg_mismatch(2)
19129432,single,✓,✓,1,text grammar checker,text grammar checker,arg_mismatch(1)
84433782,chain,✓,✗,5,keyword extractor -> video speed changer -> video voiceover -> video synchronization -> video-to-text -> text-to-image -> image-to-video,keyword extractor -> video speed changer -> video voiceover -> video synchronization -> video-to-text -> text-to-image -> image-to-video,link_mismatch; arg_mismatch(5)
21740997,chain,✗,✗,3,video speed changer -> video voiceover,text grammar checker -> video speed changer -> video voiceover,node_mismatch; link_mismatch; arg_mismatch(3)
27921176,chain,✗,✗,3,article spinner -> topic generator -> audio effects,article spinner -> audio effects -> topic generator,node_mismatch; link_mismatch; arg_mismatch(3)
20630305,chain,✓,✓,1,video-to-audio -> audio-to-text -> text translator,video-to-audio -> audio-to-text -> text translator,arg_mismatch(1)
21794376,chain,✗,✗,6,text search -> topic generator -> video search -> video speed changer -> video-to-image -> image style transfer,image style transfer -> text search -> topic generator -> video finder -> video speed changer -> video-to-image,node_mismatch; link_mismatch; arg_mismatch(6)
96462319,chain,✓,✗,3,text grammar checker -> url extractor -> image downloader -> image colorizer,text grammar checker -> url extractor -> image downloader -> image colorizer,link_mismatch; arg_mismatch(3)
10505816,single,✗,✗,1,image-to-text -> text-to-audio,image-to-text,node_mismatch; link_mismatch; arg_mismatch(1)
22836030,dag,✗,✗,6,text search -> text sentiment analysis -> text-to-video -> video-to-image -> image-to-text -> text-to-image,text search -> text grammar checker -> text sentiment analysis -> video speed changer -> video-to-image -> image-to-text -> text-to-image,node_mismatch; link_mismatch; arg_mismatch(6)
18952118,chain,✓,✓,1,video speed changer -> video synchronization -> video-to-image -> image search (by image),video speed changer -> video synchronization -> video-to-image -> image search (by image),arg_mismatch(1)
29974280,chain,✗,✗,2,text expander -> video voiceover,text expander -> text paraphraser -> video voiceover,node_mismatch; link_mismatch; arg_mismatch(2)
54874621,chain,✗,✗,2,audio-to-image -> image-to-video -> video stabilizer -> video voiceover,audio-to-image -> image-to-video -> video voiceover -> video stabilizer,node_mismatch; link_mismatch; arg_mismatch(2)
26305900,dag,✓,✗,3,video-to-image -> image search (by image) -> image-to-text -> image colorizer,video-to-image -> image search (by image) -> image-to-text -> image colorizer,link_mismatch; arg_mismatch(3)
26739474,dag,✗,✗,2,text sentiment analysis -> image search,text translator -> text sentiment analysis -> keyword extractor -> image search,node_mismatch; link_mismatch; arg_mismatch(2)
23300112,chain,✗,✗,3,url extractor -> text downloader -> text summarizer -> keyword extractor -> text-to-audio -> video speed changer -> video synchronization,url extractor -> text downloader -> text paraphraser -> keyword extractor -> text-to-audio -> video synchronization -> video speed changer,node_mismatch; link_mismatch; arg_mismatch(3)
78797459,chain,✗,✗,2,url extractor -> text search -> video search,url extractor -> audio downloader -> speech-to-text -> topic generator -> video search,node_mismatch; link_mismatch; arg_mismatch(2)
19060072,chain,✓,✓,1,audio effects -> audio-to-image -> image search (by image) -> image colorizer,audio effects -> audio-to-image -> image search (by image) -> image colorizer,arg_mismatch(1)
13228354,chain,✗,✗,3,text paraphraser -> text-to-image -> image search (by image),article spinner -> text paraphraser -> text-to-image -> image search (by image),node_mismatch; link_mismatch; arg_mismatch(3)
92619748,chain,✗,✗,3,article spinner -> text grammar checker -> text-to-audio,article spinner -> text grammar checker -> text-to-audio -> audio effects,node_mismatch; link_mismatch; arg_mismatch(3)
27485626,dag,✗,✓,2,video stabilizer -> text search -> video speed changer,text search -> video stabilizer -> video speed changer,node_mismatch; arg_mismatch(2)
30557612,chain,✗,✗,2,text downloader -> text expander -> video search -> video synchronization -> video voiceover,text downloader -> text expander -> video finder -> video synchronization -> video voiceover,node_mismatch; link_mismatch; arg_mismatch(2)
19288717,chain,✗,✗,2,audio noise reduction -> audio-to-text -> text search -> image search,audio noise reduction -> audio-to-text -> web search -> text summarizer -> image search,node_mismatch; link_mismatch; arg_mismatch(2)
25320554,chain,✓,✓,1,video-to-audio -> video synchronization -> video speed changer,video-to-audio -> video synchronization -> video speed changer,arg_mismatch(1)
27440252,chain,✗,✗,2,image-to-text -> text-to-audio -> voice changer -> audio-to-text,image-to-text -> voice changer -> audio-to-text,node_mismatch; link_mismatch; arg_mismatch(2)
52697422,single,✓,✓,1,text-to-audio,text-to-audio,arg_mismatch(1)
21126813,chain,✓,✗,2,text search -> text-to-image -> image-to-text,text search -> text-to-image -> image-to-text,link_mismatch; arg_mismatch(2)
16353130,chain,✗,✗,2,voice changer -> video synchronization -> video-to-image,voice modification -> audio video synchronization -> capture still image,node_mismatch; link_mismatch; arg_mismatch(2)
24128765,chain,✗,✗,5,url extractor -> text-to-audio -> audio-to-image -> image stitcher,text downloader -> keyword extractor -> text-to-audio -> audio-to-image -> image stitcher,node_mismatch; link_mismatch; arg_mismatch(5)
21504123,chain,✓,✗,1,text summarizer -> url extractor -> image downloader,text summarizer -> url extractor -> image downloader,link_mismatch; arg_mismatch(1)
87309661,single,✓,✓,1,image search,image search,arg_mismatch(1)
11270432,chain,✓,✓,1,audio noise reduction -> voice changer -> audio-to-text -> text-to-audio,audio noise reduction -> voice changer -> audio-to-text -> text-to-audio,arg_mismatch(1)
30752874,chain,✗,✗,3,image-to-text -> text simplifier -> text grammar checker -> text paraphraser -> keyword extractor -> url extractor -> image downloader -> image colorizer,image-to-text -> text simplifier -> text grammar checker -> text paraphraser -> url extractor -> image downloader -> image colorizer,node_mismatch; link_mismatch; arg_mismatch(3)
26880385,chain,✓,✓,2,text-to-video -> video voiceover -> video-to-image,text-to-video -> video voiceover -> video-to-image,arg_mismatch(2)
27012317,chain,✓,✓,1,audio noise reduction -> audio effects -> video synchronization,audio noise reduction -> audio effects -> video synchronization,arg_mismatch(1)
15063066,chain,✗,✗,3,text grammar checker -> keyword extractor -> text translator -> text sentiment analysis -> text paraphraser -> text-to-image,text grammar checker -> keyword extractor -> language translator -> text sentiment analysis -> creative writing generator -> text-to-image generator,node_mismatch; link_mismatch; arg_mismatch(3)
12448286,single,✗,✗,1,video-to-audio -> audio-to-text,video-to-text,node_mismatch; link_mismatch; arg_mismatch(1)
17308325,dag,✗,✓,2,video-to-audio -> text sentiment analysis -> voice changer,text sentiment analysis -> video-to-audio -> voice changer,node_mismatch; arg_mismatch(2)
18245048,chain,✓,✓,1,video speed changer -> video-to-audio -> audio splicer -> audio-to-image -> image-to-video,video speed changer -> video-to-audio -> audio splicer -> audio-to-image -> image-to-video,arg_mismatch(1)
12051655,chain,✓,✗,1,image-to-text -> text sentiment analysis -> video search,image-to-text -> text sentiment analysis -> video search,link_mismatch; arg_mismatch(1)
14367009,single,✓,✓,1,video-to-audio,video-to-audio,arg_mismatch(1)
22041773,chain,✗,✗,3,image-to-video -> video synchronization,image search (by image) -> image-to-video -> video synchronization,node_mismatch; link_mismatch; arg_mismatch(3)
22056253,single,✓,✓,1,text search,text search,arg_mismatch(1)
32076797,single,✗,✗,2,text search -> url extractor,text search,node_mismatch; link_mismatch; arg_mismatch(2)
31847149,dag,✗,✗,4,video-to-audio -> video synchronization -> audio-to-image -> voice changer,audio downloader -> audio-to-image -> video synchronization -> voice changer,node_mismatch; link_mismatch; arg_mismatch(4)
28556707,chain,✓,✗,1,text grammar checker -> article spinner,text grammar checker -> article spinner,link_mismatch; arg_mismatch(1)
38849521,chain,✗,✗,2,text-to-audio -> video synchronization,topic generator -> text-to-audio -> video synchronization,node_mismatch; link_mismatch; arg_mismatch(2)
23586235,chain,✗,✗,3,video-to-audio -> audio-to-text -> video speed changer,audio-to-text -> video speed changer -> video-to-audio,node_mismatch; link_mismatch; arg_mismatch(3)
24427258,chain,✓,✓,1,topic generator -> text-to-video,topic generator -> text-to-video,arg_mismatch(1)
11996714,chain,✗,✗,3,video speed changer -> video stabilizer -> video-to-audio -> audio-to-text -> voice changer,video speed changer -> video stabilizer -> video-to-text -> voice changer,node_mismatch; link_mismatch; arg_mismatch(3)
51995670,single,✓,✓,1,topic generator,topic generator,arg_mismatch(1)
19355466,chain,✗,✗,1,text-to-audio -> topic generator,text-to-audio -> keyword extractor -> topic generator,node_mismatch; link_mismatch; arg_mismatch(1)
16196833,single,✓,✓,1,keyword extractor,keyword extractor,arg_mismatch(1)
84138870,chain,✗,✗,3,audio noise reduction -> audio-to-text,audio downloader -> audio noise reduction -> audio-to-text,node_mismatch; link_mismatch; arg_mismatch(3)
24753467,chain,✓,✓,2,audio effects -> audio splicer -> voice changer,audio effects -> audio splicer -> voice changer,arg_mismatch(2)
14940638,chain,✓,✗,2,text translator -> text summarizer -> image search,text translator -> text summarizer -> image search,link_mismatch; arg_mismatch(2)
20681073,dag,✗,✓,3,text expander -> audio effects,audio downloader -> text expander -> audio effects,node_mismatch; arg_mismatch(3)
19574598,dag,✗,✗,2,text simplifier -> text expander -> text grammar checker -> text paraphraser -> text search -> video voiceover -> video stabilizer -> video synchronization,text simplifier -> text expander -> text grammar checker -> text paraphraser -> internet research -> video voiceover -> video stabilizer -> video synchronization,node_mismatch; link_mismatch; arg_mismatch(2)
24373351,chain,✗,✗,2,text-to-audio -> video synchronization,keyword extractor -> voice changer -> video synchronization,node_mismatch; link_mismatch; arg_mismatch(2)
11322311,single,✗,✗,2,video search -> video downloader,video search,node_mismatch; link_mismatch; arg_mismatch(2)
84391040,chain,✓,✓,1,image downloader -> image colorizer -> image style transfer,image downloader -> image colorizer -> image style transfer,arg_mismatch(1)
72664360,single,✓,✓,1,text translator,text translator,arg_mismatch(1)
29314366,single,✓,✓,1,voice changer,voice changer,arg_mismatch(1)
17866646,single,✓,✓,1,text search,text search,arg_mismatch(1)
19387371,chain,✗,✗,2,audio-to-image -> image-to-video -> video-to-audio -> video synchronization -> video splicer,audio-to-image -> image-to-video -> video synchronization,node_mismatch; link_mismatch; arg_mismatch(2)
37224018,chain,✗,✗,1,topic generator,topic generator -> text sentiment analysis -> text expander -> text grammar checker,node_mismatch; link_mismatch; arg_mismatch(1)
26390400,single,✓,✓,1,image search,image search,arg_mismatch(1)
41557330,chain,✓,✓,1,url extractor -> video downloader -> video-to-audio,url extractor -> video downloader -> video-to-audio,arg_mismatch(1)
68920417,chain,✗,✗,3,video-to-image -> image colorizer -> image style transfer -> image-to-text,video-to-image -> image search (by image) -> image colorizer -> image style transfer -> image-to-text,node_mismatch; link_mismatch; arg_mismatch(3)
67337974,dag,✓,✓,2,text search -> text translator -> text paraphraser -> image search,text search -> text translator -> text paraphraser -> image search,arg_mismatch(2)
24824279,chain,✗,✗,1,image-to-text -> text-to-image -> image-to-video,image-to-text -> text-to-video,node_mismatch; link_mismatch; arg_mismatch(1)
33128410,single,✓,✓,1,text-to-image,text-to-image,arg_mismatch(1)
24276856,dag,✗,✗,2,image downloader -> image-to-video -> image-to-text -> video-to-audio,image downloader -> image-to-video -> video-to-audio -> image-to-text,node_mismatch; link_mismatch; arg_mismatch(2)
32811543,chain,✗,✗,1,image colorizer -> image stitcher -> image search (by image),image colorizer -> image stitcher -> image-to-text -> text simplifier -> video search,node_mismatch; link_mismatch; arg_mismatch(1)
15684013,chain,✗,✗,2,text sentiment analysis -> text paraphraser,text expander -> text sentiment analysis -> text paraphraser,node_mismatch; link_mismatch; arg_mismatch(2)
18303031,chain,✗,✗,5,text search -> text summarizer -> text translator -> keyword extractor,text expander -> text grammar checker -> text simplifier -> keyword extractor -> text summarizer -> url extractor,node_mismatch; link_mismatch; arg_mismatch(5)
54687187,chain,✓,✓,1,image-to-text -> text-to-audio -> voice changer,image-to-text -> text-to-audio -> voice changer,arg_mismatch(1)
14108335,chain,✗,✗,2,url extractor -> text-to-video,url extractor -> text downloader -> article spinner -> text-to-video,node_mismatch; link_mismatch; arg_mismatch(2)
30066404,dag,✗,✗,3,image-to-text -> url extractor -> image downloader -> video search,image downloader -> image-to-text -> url extractor -> video search,node_mismatch; link_mismatch; arg_mismatch(3)
25717055,chain,✗,✗,3,video-to-audio -> voice changer -> audio-to-image,video-to-audio -> pitch adjustment -> audio-to-spectrogram -> color enhancer,node_mismatch; link_mismatch; arg_mismatch(3)
26699405,single,✓,✓,1,video voiceover,video voiceover,arg_mismatch(1)
16605894,chain,✗,✗,2,video-to-audio -> audio-to-text -> text simplifier,video-to-text -> text simplifier,node_mismatch; link_mismatch; arg_mismatch(2)
21184259,chain,✓,✗,3,image colorizer -> image style transfer -> image-to-text -> text summarizer,image colorizer -> image style transfer -> image-to-text -> text summarizer,link_mismatch; arg_mismatch(3)
26338629,single,✓,✓,1,image stitcher,image stitcher,arg_mismatch(1)
25684132,chain,✗,✗,4,image downloader -> image style transfer -> image search,image downloader -> image colorizer -> image style transfer -> image search (by image),node_mismatch; link_mismatch; arg_mismatch(4)
61636814,chain,✗,✗,4,url extractor -> video downloader -> text grammar checker -> text paraphraser,text grammar checker -> text paraphraser -> url extractor -> video downloader,node_mismatch; link_mismatch; arg_mismatch(4)
15801712,chain,✓,✓,2,text downloader -> text summarizer -> text sentiment analysis -> video speed changer,text downloader -> text summarizer -> text sentiment analysis -> video speed changer,arg_mismatch(2)
90705077,single,✓,✓,1,article spinner,article spinner,arg_mismatch(1)
20702226,chain,✗,✗,4,video-to-text -> keyword extractor -> audio effects -> audio splicer,audio effects -> audio joiner -> keyword extractor -> video-to-text,node_mismatch; link_mismatch; arg_mismatch(4)
17885247,chain,✗,✗,1,text simplifier -> text expander,text simplifier -> text expander -> text-to-audio,node_mismatch; link_mismatch; arg_mismatch(1)
17497913,chain,✓,✓,1,voice changer -> audio-to-image -> image search (by image) -> image-to-video -> video-to-image -> image style transfer,voice changer -> audio-to-image -> image search (by image) -> image-to-video -> video-to-image -> image style transfer,arg_mismatch(1)
19111733,chain,✗,✗,3,text search -> text summarizer -> text paraphraser -> video voiceover,text search -> text paraphraser -> keyword extractor -> video voiceover,node_mismatch; link_mismatch; arg_mismatch(3)
18957262,chain,✗,✗,4,text expander -> text sentiment analysis -> audio effects,audio effects -> text expander -> text paraphraser -> text sentiment analysis,node_mismatch; link_mismatch; arg_mismatch(4)
62680496,chain,✓,✗,1,text sentiment analysis -> text paraphraser -> text-to-image,text sentiment analysis -> text paraphraser -> text-to-image,link_mismatch; arg_mismatch(1)
74015436,single,✓,✓,1,video-to-audio,video-to-audio,arg_mismatch(1)
15504195,single,✗,✗,2,audio downloader -> audio downloader,audio downloader,node_mismatch; link_mismatch; arg_mismatch(2)
31137053,chain,✓,✓,1,video downloader -> video stabilizer -> video-to-image -> image colorizer,video downloader -> video stabilizer -> video-to-image -> image colorizer,arg_mismatch(1)
33534363,dag,✗,✗,4,image stitcher -> image downloader -> image search (by image) -> image style transfer,image downloader -> image search (by image) -> image stitcher -> image style transfer,node_mismatch; link_mismatch; arg_mismatch(4)
22965699,chain,✗,✗,4,audio-to-text -> topic generator -> voice changer -> audio splicer,audio splicer -> audio-to-text -> topic generator -> voice changer,node_mismatch; link_mismatch; arg_mismatch(4)
27761471,single,✓,✓,1,text expander,text expander,arg_mismatch(1)
26418325,chain,✗,✗,2,audio-to-image -> image style transfer,audio-to-text -> text translator -> text-to-image -> image style transfer,node_mismatch; link_mismatch; arg_mismatch(2)
32644314,chain,✓,✗,3,keyword extractor -> text sentiment analysis -> text expander -> topic generator,keyword extractor -> text sentiment analysis -> text expander -> topic generator,link_mismatch; arg_mismatch(3)
72995758,single,✗,✗,1,text-to-image -> image style transfer,text-to-image,node_mismatch; link_mismatch; arg_mismatch(1)
16255297,chain,✗,✗,3,text summarizer -> text-to-audio,text summarizer -> text-to-audio -> voice changer,node_mismatch; link_mismatch; arg_mismatch(3)
19684951,chain,✗,✗,3,image search (by image) -> image search,topic generator -> text paraphraser -> text search -> text-to-image,node_mismatch; link_mismatch; arg_mismatch(3)
10698917,chain,✗,✗,2,image-to-video -> video synchronization,image-to-video -> video stabilizer -> video synchronization,node_mismatch; link_mismatch; arg_mismatch(2)
29517463,chain,✗,✗,4,topic generator -> text sentiment analysis -> text simplifier -> url extractor,text simplifier -> url extractor -> topic generator -> text sentiment analysis,node_mismatch; link_mismatch; arg_mismatch(4)
19563449,chain,✓,✓,1,text-to-audio -> video synchronization,text-to-audio -> video synchronization,arg_mismatch(1)
27256286,chain,✗,✗,4,text sentiment analysis -> text paraphraser -> video voiceover -> video-to-audio -> video speed changer,text sentiment analysis -> article spinner -> video voiceover -> video speed changer -> video-to-text,node_mismatch; link_mismatch; arg_mismatch(4)
28666858,chain,✗,✗,1,image search,topic generator -> url extractor -> image downloader,node_mismatch; link_mismatch; arg_mismatch(1)
52479682,chain,✗,✗,6,video-to-audio -> audio-to-text -> text translator -> text paraphraser -> text sentiment analysis -> keyword extractor -> video search,video-to-text -> text translator -> article spinner -> text sentiment analysis -> keyword extractor -> video search,node_mismatch; link_mismatch; arg_mismatch(6)
12699246,chain,✓,✓,1,text paraphraser -> video search -> video-to-image,text paraphraser -> video search -> video-to-image,arg_mismatch(1)
45171424,chain,✗,✗,4,text paraphraser -> text simplifier -> text sentiment analysis -> url extractor,text paraphraser -> article spinner -> text simplifier -> text sentiment analysis -> url extractor,node_mismatch; link_mismatch; arg_mismatch(4)
34008563,chain,✗,✗,4,video search -> video downloader -> video voiceover,keyword extractor -> content finder -> video downloader -> video voiceover,node_mismatch; link_mismatch; arg_mismatch(4)
43977615,single,✓,✓,1,article spinner,article spinner,arg_mismatch(1)
92917533,chain,✓,✗,1,image search (by image) -> image colorizer -> image-to-video,image search (by image) -> image colorizer -> image-to-video,link_mismatch; arg_mismatch(1)
47690628,chain,✗,✗,3,text simplifier -> text-to-audio,text simplifier -> text expander -> voice changer,node_mismatch; link_mismatch; arg_mismatch(3)
10475660,chain,✗,✗,2,audio noise reduction -> video stabilizer -> video synchronization,audio noise reduction -> video synchronization -> video stabilizer,node_mismatch; link_mismatch; arg_mismatch(2)
16605808,chain,✓,✓,1,audio downloader -> audio-to-text -> text expander -> video voiceover -> video-to-text,audio downloader -> audio-to-text -> text expander -> video voiceover -> video-to-text,arg_mismatch(1)
52515177,chain,✗,✗,2,video search -> video downloader,search video -> get video url -> video downloader,node_mismatch; link_mismatch; arg_mismatch(2)
86238296,single,✓,✓,1,article spinner,article spinner,arg_mismatch(1)
44835288,single,✗,✓,1,voice changer,voice alteration,node_mismatch; arg_mismatch(1)
25800384,chain,✗,✗,4,audio-to-image -> text expander -> text-to-video -> video speed changer,audio-to-text -> text paraphraser -> text expander -> article spinner -> video speed changer -> video-to-text,node_mismatch; link_mismatch; arg_mismatch(4)
82580628,chain,✗,✗,1,keyword extractor -> video search,keyword extractor -> text paraphraser -> video search,node_mismatch; link_mismatch; arg_mismatch(1)
14055362,chain,✓,✓,1,text paraphraser -> text-to-video -> video speed changer,text paraphraser -> text-to-video -> video speed changer,arg_mismatch(1)
26811069,chain,✓,✓,1,text downloader -> text translator,text downloader -> text translator,arg_mismatch(1)
16565136,chain,✗,✗,5,video speed changer -> video-to-audio -> audio noise reduction -> audio-to-image,text translator -> video speed changer -> video-to-audio converter -> audio noise reduction -> audio-to-image converter,node_mismatch; link_mismatch; arg_mismatch(5)
80914013,chain,✗,✗,3,text search -> video search,text search -> text summarizer -> topic generator -> text expander -> text paraphraser -> video search,node_mismatch; link_mismatch; arg_mismatch(3)
11126699,chain,✗,✗,2,video-to-audio -> audio-to-text -> text search,video-to-text -> text search,node_mismatch; link_mismatch; arg_mismatch(2)
10277798,chain,✓,✓,1,audio effects -> audio-to-text -> text-to-audio -> audio-to-image,audio effects -> audio-to-text -> text-to-audio -> audio-to-image,arg_mismatch(1)
10740185,single,✗,✗,2,text-to-image -> text-to-audio -> image-to-video,text-to-video,node_mismatch; link_mismatch; arg_mismatch(2)
10502341,chain,✗,✗,2,text downloader -> text-to-image -> image style transfer,text downloader -> text expander -> text paraphraser -> topic generator -> img placeholder creator -> image style transfer,node_mismatch; link_mismatch; arg_mismatch(2)
75269679,single,✗,✗,2,text search -> text summarizer,text search,node_mismatch; link_mismatch; arg_mismatch(2)
15730764,chain,✗,✗,3,audio-to-text -> topic generator -> text-to-audio,audio noise reduction -> audio-to-text -> topic generator -> text-to-audio,node_mismatch; link_mismatch; arg_mismatch(3)
22976614,dag,✗,✗,3,text-to-audio -> audio splicer -> audio noise reduction,text-to-speech -> video-to-audio -> audio noise reduction -> audio splicer,node_mismatch; link_mismatch; arg_mismatch(3)
15284557,dag,✓,✗,1,audio-to-text -> topic generator -> text paraphraser,audio-to-text -> topic generator -> text paraphraser,link_mismatch; arg_mismatch(1)
20933750,chain,✗,✗,3,keyword extractor -> article spinner -> text-to-audio -> voice changer,article spinner -> keyword extractor -> text-to-audio -> voice changer,node_mismatch; link_mismatch; arg_mismatch(3)
29665687,chain,✓,✓,1,image search (by image) -> image stitcher -> image-to-video -> video speed changer,image search (by image) -> image stitcher -> image-to-video -> video speed changer,arg_mismatch(1)
60946858,single,✓,✓,1,image search,image search,arg_mismatch(1)
19765312,chain,✓,✓,3,image style transfer -> image-to-text -> video speed changer -> video-to-text -> text expander -> audio effects,image style transfer -> image-to-text -> video speed changer -> video-to-text -> text expander -> audio effects,arg_mismatch(3)
25477216,chain,✗,✗,2,video-to-image -> image search (by image) -> image style transfer,video-to-image -> image style transfer -> image search (by image),node_mismatch; link_mismatch; arg_mismatch(2)
18919679,chain,✗,✗,0,audio-to-text -> text sentiment analysis -> text-to-image,audio-to-text -> text sentiment analysis -> sentiment-to-image,node_mismatch; link_mismatch
84613914,single,✓,✓,1,text expander,text expander,arg_mismatch(1)
14046029,single,✓,✓,1,audio downloader,audio downloader,arg_mismatch(1)
43596528,single,✓,✓,1,text expander,text expander,arg_mismatch(1)
53772751,chain,✗,✗,3,video search -> video-to-image -> image stitcher,image stitcher -> video search -> video-to-image,node_mismatch; link_mismatch; arg_mismatch(3)
88387407,chain,✗,✗,5,text downloader -> text summarizer -> keyword extractor -> text expander -> text-to-audio,text summarizer -> keyword extractor -> topic generator -> text expander -> voice changer -> audio noise reduction,node_mismatch; link_mismatch; arg_mismatch(5)
28488308,single,✓,✓,1,text grammar checker,text grammar checker,arg_mismatch(1)
20782511,chain,✗,✗,3,text translator -> voice changer -> audio-to-image,audio-to-image -> text translator -> voice changer,node_mismatch; link_mismatch; arg_mismatch(3)
15910371,chain,✗,✗,4,text simplifier -> text paraphraser -> text-to-audio -> video voiceover -> video speed changer,text paraphraser -> text simplifier -> text-to-audio -> audio-to-video -> video speed changer,node_mismatch; link_mismatch; arg_mismatch(4)
35256077,single,✗,✗,1,text-to-image -> image-to-video,text-to-video,node_mismatch; link_mismatch; arg_mismatch(1)
26870016,chain,✗,✗,2,video-to-audio -> audio-to-text -> text translator -> video search,video-to-image -> image-to-text -> text translator -> video search,node_mismatch; link_mismatch; arg_mismatch(2)
31869730,chain,✓,✓,1,voice changer -> audio splicer -> video synchronization,voice changer -> audio splicer -> video synchronization,arg_mismatch(1)
26627553,single,✗,✗,2,text-to-audio -> audio splicer,text-to-audio,node_mismatch; link_mismatch; arg_mismatch(2)
27083487,chain,✓,✗,1,audio-to-text -> text simplifier -> text translator -> text-to-image -> image search (by image),audio-to-text -> text simplifier -> text translator -> text-to-image -> image search (by image),link_mismatch; arg_mismatch(1)
19122651,chain,✗,✗,3,audio noise reduction -> audio effects,text expander -> audio effects -> audio noise reduction,node_mismatch; link_mismatch; arg_mismatch(3)
19808500,chain,✓,✗,3,text translator -> text sentiment analysis -> text-to-audio -> audio-to-text -> article spinner -> topic generator -> text summarizer -> text simplifier,text translator -> text sentiment analysis -> text-to-audio -> audio-to-text -> article spinner -> topic generator -> text summarizer -> text simplifier,link_mismatch; arg_mismatch(3)
11780229,chain,✗,✗,2,image colorizer -> image-to-text -> text translator -> text paraphraser -> text simplifier -> topic generator,image colorizer -> image-to-text -> text translator -> text paraphraser -> text simplifier -> article spinner -> topic generator,node_mismatch; link_mismatch; arg_mismatch(2)
12158145,chain,✗,✗,4,video voiceover -> video-to-image -> image stitcher,text grammar checker -> text simplifier -> article spinner -> text expander -> video voiceover -> video-to-image -> image stitcher,node_mismatch; link_mismatch; arg_mismatch(4)
14452314,chain,✗,✗,1,image downloader -> image-to-text -> video voiceover -> video-to-audio,image downloader -> image-to-text -> video voiceover -> video-to-text,node_mismatch; link_mismatch; arg_mismatch(1)
26432584,single,✗,✗,1,video-to-audio -> audio-to-text,video-to-text,node_mismatch; link_mismatch; arg_mismatch(1)
22328789,dag,✗,✗,4,image downloader -> image stitcher -> image colorizer -> image style transfer,image colorizer -> image downloader -> image stitcher -> image style transfer,node_mismatch; link_mismatch; arg_mismatch(4)
32901055,chain,✓,✓,1,voice changer -> audio-to-text -> text-to-video -> video stabilizer,voice changer -> audio-to-text -> text-to-video -> video stabilizer,arg_mismatch(1)
13191750,chain,✓,✗,2,video search -> video-to-audio -> audio noise reduction,video search -> video-to-audio -> audio noise reduction,link_mismatch; arg_mismatch(2)
87464293,chain,✗,✗,1,audio-to-text -> text simplifier -> text grammar checker,audio-to-text -> text simplifier -> text grammar checker -> text summarizer,node_mismatch; link_mismatch; arg_mismatch(1)
10923990,chain,✗,✗,2,article spinner -> text-to-image -> image style transfer -> image colorizer -> image stitcher,article spinner -> text-to-image generator -> image style transfer -> image colorizer -> image stitcher,node_mismatch; link_mismatch; arg_mismatch(2)
30946644,chain,✗,✗,3,text downloader -> text grammar checker -> keyword extractor,keyword extractor -> text downloader -> text grammar checker,node_mismatch; link_mismatch; arg_mismatch(3)
19902371,chain,✗,✗,2,video-to-audio -> audio-to-text -> text paraphraser,video-to-text -> text paraphraser,node_mismatch; link_mismatch; arg_mismatch(2)
14083234,chain,✗,✗,6,video stabilizer -> video-to-text -> keyword extractor -> url extractor -> image downloader -> image stitcher -> video synchronization -> video-to-image -> image-to-text,video stabilizer -> video-to-text -> url extractor -> image downloader -> image-to-video -> video synchronization -> video-to-image -> image-to-text,node_mismatch; link_mismatch; arg_mismatch(6)
18169831,dag,✗,✗,5,article spinner -> text summarizer -> text-to-audio -> voice changer -> url extractor,article spinner -> url extractor -> text-to-audio -> voice changer,node_mismatch; link_mismatch; arg_mismatch(5)
14051527,chain,✓,✗,1,audio downloader -> audio-to-text -> text sentiment analysis -> text search,audio downloader -> audio-to-text -> text sentiment analysis -> text search,link_mismatch; arg_mismatch(1)
25014100,chain,✓,✗,1,text simplifier -> video voiceover -> video-to-image,text simplifier -> video voiceover -> video-to-image,link_mismatch; arg_mismatch(1)
19133962,single,✓,✓,1,url extractor,url extractor,arg_mismatch(1)
32222614,chain,✗,✗,3,text translator -> audio effects,text translator -> text summarizer -> audio effects,node_mismatch; link_mismatch; arg_mismatch(3)
23496617,chain,✗,✗,3,video stabilizer -> video-to-image,video search -> video stabilizer -> video-to-image,node_mismatch; link_mismatch; arg_mismatch(3)
48845823,chain,✗,✗,2,text downloader -> topic generator -> text summarizer,text downloader -> topic generator -> text simplifier -> text summarizer -> text paraphraser,node_mismatch; link_mismatch; arg_mismatch(2)
12288504,single,✓,✓,1,video speed changer,video speed changer,arg_mismatch(1)
13848474,chain,✗,✗,1,audio-to-image -> image stitcher -> image-to-video,audio-to-image -> image-to-video -> video stabilizer,node_mismatch; link_mismatch; arg_mismatch(1)
12361058,single,✗,✗,2,text search -> text summarizer,text search,node_mismatch; link_mismatch; arg_mismatch(2)
28536195,single,✓,✓,1,url extractor,url extractor,arg_mismatch(1)
92283519,chain,✗,✗,2,text translator -> text search,keyword extractor -> text expander -> text search -> text translator -> url extractor,node_mismatch; link_mismatch; arg_mismatch(2)
15434725,single,✓,✓,1,text-to-video,text-to-video,arg_mismatch(1)
24528058,chain,✓,✓,1,url extractor -> video downloader -> video speed changer -> video synchronization -> video-to-audio,url extractor -> video downloader -> video speed changer -> video synchronization -> video-to-audio,arg_mismatch(1)
17047996,dag,✗,✗,2,video stabilizer -> video synchronization -> video-to-audio -> audio-to-text -> video speed changer,video stabilizer -> video synchronization -> video-to-text -> video speed changer,node_mismatch; link_mismatch; arg_mismatch(2)
15097576,chain,✓,✗,2,audio downloader -> audio-to-text -> text search -> text grammar checker -> article spinner,audio downloader -> audio-to-text -> text search -> text grammar checker -> article spinner,link_mismatch; arg_mismatch(2)
33399207,chain,✗,✗,8,video downloader -> video synchronization -> video-to-audio -> audio-to-text -> topic generator -> text paraphraser -> keyword extractor -> voice changer,keyword extractor -> text paraphraser -> topic generator -> video downloader -> video synchronization -> video-to-text -> voice modifier,node_mismatch; link_mismatch; arg_mismatch(8)
93956666,single,✓,✓,1,text search,text search,arg_mismatch(1)
23971640,single,✗,✓,1,text search,internet search,node_mismatch; arg_mismatch(1)
46668585,single,✓,✓,1,keyword extractor,keyword extractor,arg_mismatch(1)
10560674,single,✓,✓,1,text-to-audio,text-to-audio,arg_mismatch(1)
30873053,single,✗,✗,2,audio effects -> audio effects,audio effects,node_mismatch; link_mismatch; arg_mismatch(2)
23396783,chain,✓,✗,2,voice changer -> audio-to-text -> audio effects -> video synchronization,voice changer -> audio-to-text -> audio effects -> video synchronization,link_mismatch; arg_mismatch(2)
24934626,chain,✓,✗,2,topic generator -> text summarizer -> text search,topic generator -> text summarizer -> text search,link_mismatch; arg_mismatch(2)
24168723,chain,✗,✗,4,video-to-audio -> audio-to-image -> image style transfer -> image stitcher,video downloader -> video-to-audio -> audio-to-image -> image stitcher -> image style transfer,node_mismatch; link_mismatch; arg_mismatch(4)
21871773,chain,✗,✗,2,audio-to-text -> topic generator -> text translator -> video search -> video voiceover,audio-to-text -> topic generator -> text translator -> video search -> video stabilizer -> video voiceover,node_mismatch; link_mismatch; arg_mismatch(2)
31014078,chain,✗,✗,3,keyword extractor -> text-to-audio -> audio splicer,keyword extractor -> text-to-audio -> audio splicer -> voice changer -> audio-to-text -> text-to-video,node_mismatch; link_mismatch; arg_mismatch(3)
19448771,single,✓,✓,1,video speed changer,video speed changer,arg_mismatch(1)
93708475,chain,✓,✓,2,text translator -> topic generator -> url extractor -> image downloader -> image stitcher,text translator -> topic generator -> url extractor -> image downloader -> image stitcher,arg_mismatch(2)
22346131,single,✓,✓,1,video voiceover,video voiceover,arg_mismatch(1)
19842589,chain,✗,✗,1,audio-to-text -> text search,audio-to-text -> text search -> url extractor -> text downloader,node_mismatch; link_mismatch; arg_mismatch(1)
10375723,chain,✓,✗,3,article spinner -> audio effects -> audio-to-image -> image search (by image),article spinner -> audio effects -> audio-to-image -> image search (by image),link_mismatch; arg_mismatch(3)
15404634,chain,✓,✓,1,text expander -> text grammar checker -> url extractor -> video downloader -> video-to-audio -> audio-to-image -> image-to-text -> image search,text expander -> text grammar checker -> url extractor -> video downloader -> video-to-audio -> audio-to-image -> image-to-text -> image search,arg_mismatch(1)
25593706,single,✓,✓,1,image-to-video,image-to-video,arg_mismatch(1)
63036124,chain,✗,✗,5,url extractor -> video downloader -> video speed changer -> video-to-audio -> audio-to-text -> text grammar checker -> text translator,text downloader -> url extractor -> video downloader -> video speed changer -> video-to-text -> text grammar checker -> text translator,node_mismatch; link_mismatch; arg_mismatch(5)
17019208,chain,✗,✗,3,text translator -> text paraphraser -> text simplifier -> text expander,text translator -> article spinner -> text paraphraser -> text simplifier -> text expander,node_mismatch; link_mismatch; arg_mismatch(3)
13787129,dag,✗,✗,4,voice changer -> audio noise reduction -> audio splicer -> audio-to-image,audio noise reduction -> audio splicer -> audio-to-image -> voice changer,node_mismatch; link_mismatch; arg_mismatch(4)
27599500,chain,✗,✗,5,audio splicer -> video synchronization -> video-to-audio -> audio-to-text -> text-to-image -> image-to-video,audio splicing -> audio-to-text -> text-to-image -> slideshow creator -> video synchronization -> video-to-audio,node_mismatch; link_mismatch; arg_mismatch(5)
24782437,dag,✗,✗,3,audio-to-text -> image style transfer -> text-to-image,audio-to-text -> image downloader -> image style transfer -> text-to-image,node_mismatch; link_mismatch; arg_mismatch(3)
98831378,chain,✗,✗,2,text-to-image,text summarizer -> text expander -> text-to-image,node_mismatch; link_mismatch; arg_mismatch(2)
22347997,chain,✓,✗,1,image-to-text -> keyword extractor -> text translator -> text summarizer,image-to-text -> keyword extractor -> text translator -> text summarizer,link_mismatch; arg_mismatch(1)
92663699,single,✓,✓,1,video search,video search,arg_mismatch(1)
26959395,dag,✓,✗,1,video-to-audio -> voice changer -> video-to-text,video-to-audio -> voice changer -> video-to-text,link_mismatch; arg_mismatch(1)
67635630,chain,✗,✗,3,topic generator -> text-to-image -> image-to-video,generate topics -> text-to-image -> image-to-video,node_mismatch; link_mismatch; arg_mismatch(3)
15618640,dag,✗,✗,2,video synchronization -> video-to-image -> image colorizer,video synchronization -> video-to-text -> video-to-image -> image colorizer,node_mismatch; link_mismatch; arg_mismatch(2)
24042503,chain,✗,✗,1,audio downloader -> audio-to-image,audio downloader -> audio-to-image -> image colorizer,node_mismatch; link_mismatch; arg_mismatch(1)
23858266,dag,✗,✗,3,image-to-text -> audio effects -> audio splicer -> text sentiment analysis,audio effects -> audio joiner -> image-to-text -> text sentiment analysis,node_mismatch; link_mismatch; arg_mismatch(3)
58722823,single,✓,✓,1,video speed changer,video speed changer,arg_mismatch(1)
48998781,chain,✗,✗,2,text summarizer -> text-to-image,text summarizer -> video search -> video-to-image,node_mismatch; link_mismatch; arg_mismatch(2)
90579819,chain,✗,✗,2,image search,keyword extractor -> text expander -> text search -> text-to-image,node_mismatch; link_mismatch; arg_mismatch(2)
25597161,single,✓,✓,1,voice changer,voice changer,arg_mismatch(1)
21844900,chain,✗,✗,3,text sentiment analysis -> text-to-image -> image-to-video -> video voiceover -> video speed changer,text sentiment analysis -> video search -> video synchronization -> video stabilizer -> video speed changer,node_mismatch; link_mismatch; arg_mismatch(3)
21988245,chain,✓,✗,1,audio-to-text -> text paraphraser -> text sentiment analysis,audio-to-text -> text paraphraser -> text sentiment analysis,link_mismatch; arg_mismatch(1)
13238918,chain,✗,✗,0,text expander -> keyword extractor -> text search,text expander -> keyword extractor -> url extractor,node_mismatch; link_mismatch
11305011,dag,✓,✗,1,audio-to-text -> voice changer -> audio noise reduction -> audio splicer,audio-to-text -> voice changer -> audio noise reduction -> audio splicer,link_mismatch; arg_mismatch(1)
73078699,chain,✗,✗,3,text-to-video -> video-to-image -> image-to-text -> topic generator,topic generator -> text-to-video -> video-to-image -> image-to-text,node_mismatch; link_mismatch; arg_mismatch(3)
12641743,chain,✗,✗,4,video search -> video downloader -> video-to-audio -> audio-to-text -> text sentiment analysis -> text summarizer -> text-to-audio,video search -> text sentiment analysis -> positive sentiment filter -> text summarization -> text-to-audio,node_mismatch; link_mismatch; arg_mismatch(4)
19663820,chain,✗,✗,5,video-to-audio -> audio-to-text -> text simplifier -> voice changer -> video voiceover,video-to-text -> article spinner -> text simplifier -> text-to-audio -> voice changer -> video synchronization -> video voiceover,node_mismatch; link_mismatch; arg_mismatch(5)
16487781,chain,✗,✗,3,audio-to-text -> text search -> text paraphraser -> voice changer -> video voiceover,audio-to-text -> internet search -> content spinner -> voice modifier -> video sync,node_mismatch; link_mismatch; arg_mismatch(3)
20883638,single,✓,✓,1,audio noise reduction,audio noise reduction,arg_mismatch(1)
18199915,chain,✗,✗,4,video-to-audio -> audio-to-text -> text expander -> video speed changer -> video-to-image,video-to-text -> text expander -> video speed changer -> video-to-image,node_mismatch; link_mismatch; arg_mismatch(4)
22309933,chain,✓,✓,1,audio effects -> video synchronization,audio effects -> video synchronization,arg_mismatch(1)
31793479,chain,✓,✓,1,video voiceover -> video-to-audio -> voice changer,video voiceover -> video-to-audio -> voice changer,arg_mismatch(1)
18747039,chain,✗,✗,3,video-to-image -> image search (by image) -> video-to-text -> video voiceover,image search (by image) -> video voiceover -> video-to-image -> video-to-text,node_mismatch; link_mismatch; arg_mismatch(3)
34229615,single,✓,✓,1,voice changer,voice changer,arg_mismatch(1)
37507890,chain,✓,✗,4,text sentiment analysis -> text grammar checker -> keyword extractor -> article spinner -> text-to-image,text sentiment analysis -> text grammar checker -> keyword extractor -> article spinner -> text-to-image,link_mismatch; arg_mismatch(4)
65761757,chain,✗,✗,2,text simplifier -> video voiceover,text summarizer -> text simplifier -> video voiceover,node_mismatch; link_mismatch; arg_mismatch(2)
31176578,chain,✗,✗,3,text search -> video search,topic modelling -> article generator -> keyword extraction -> internet research -> educational video finder,node_mismatch; link_mismatch; arg_mismatch(3)
24698156,dag,✗,✗,4,text downloader -> url extractor -> image downloader -> image style transfer -> image colorizer,url extractor -> image downloader -> image downloader -> image style transfer -> image colorizer,node_mismatch; link_mismatch; arg_mismatch(4)
25217076,chain,✓,✓,1,audio noise reduction -> audio-to-text -> text paraphraser -> text-to-video -> video speed changer,audio noise reduction -> audio-to-text -> text paraphraser -> text-to-video -> video speed changer,arg_mismatch(1)
27875586,single,✓,✓,1,text-to-image,text-to-image,arg_mismatch(1)
11043946,chain,✗,✗,1,text paraphraser -> keyword extractor -> text-to-image -> image-to-text -> video downloader,text paraphraser -> keyword extractor -> text-to-image -> image-to-text -> url extractor -> video downloader,node_mismatch; link_mismatch; arg_mismatch(1)
19976476,chain,✗,✗,2,image colorizer -> image-to-video -> video-to-audio -> audio-to-text,image colorizer -> create slideshow -> video-to-text,node_mismatch; link_mismatch; arg_mismatch(2)
15253680,chain,✗,✗,4,text simplifier -> keyword extractor -> text-to-audio -> text-to-image -> image stitcher,text simplifier -> keyword extractor -> text-to-audio -> audio-to-image -> image stitcher,node_mismatch; link_mismatch; arg_mismatch(4)
35706619,single,✓,✓,1,video search,video search,arg_mismatch(1)
21849381,chain,✗,✗,2,text expander -> image search,image search -> text expander,node_mismatch; link_mismatch; arg_mismatch(2)
12021661,single,✓,✓,1,article spinner,article spinner,arg_mismatch(1)
30905649,chain,✗,✗,4,image style transfer -> image style transfer -> image-to-video -> video synchronization,image style transfer -> image stitcher -> image-to-video -> video synchronization,node_mismatch; link_mismatch; arg_mismatch(4)
23305290,dag,✓,✓,1,text search -> text grammar checker -> video stabilizer -> video speed changer,text search -> text grammar checker -> video stabilizer -> video speed changer,arg_mismatch(1)
47238855,chain,✗,✗,1,audio-to-text -> text search -> text-to-audio,audio-to-text -> web search -> voice modifier,node_mismatch; link_mismatch; arg_mismatch(1)
17529566,dag,✗,✓,6,video-to-text -> keyword extractor -> text simplifier -> url extractor -> text downloader -> audio effects,audio effects -> video-to-text -> keyword extractor -> text simplifier -> url extractor -> text downloader,node_mismatch; arg_mismatch(6)
57130314,chain,✓,✓,2,text search -> text sentiment analysis -> text translator,text search -> text sentiment analysis -> text translator,arg_mismatch(2)
13897367,chain,✓,✓,1,text simplifier -> keyword extractor -> text expander,text simplifier -> keyword extractor -> text expander,arg_mismatch(1)
27179099,chain,✗,✗,1,audio-to-image,audio downloader -> audio-to-image,node_mismatch; link_mismatch; arg_mismatch(1)
24890322,chain,✗,✗,3,audio-to-text -> voice changer -> audio noise reduction -> video-to-audio -> video synchronization,audio-to-text -> voice changer -> audio noise reduction -> video synchronization,node_mismatch; link_mismatch; arg_mismatch(3)
62468277,chain,✓,✓,1,audio-to-image -> image-to-video -> video speed changer -> video synchronization,audio-to-image -> image-to-video -> video speed changer -> video synchronization,arg_mismatch(1)
12214320,chain,✓,✗,3,video search -> video-to-text -> keyword extractor -> url extractor -> audio downloader -> audio effects,video search -> video-to-text -> keyword extractor -> url extractor -> audio downloader -> audio effects,link_mismatch; arg_mismatch(3)
11379866,chain,✗,✗,3,image search (by image) -> image stitcher -> image colorizer,image colorizer -> image search (by image) -> image stitcher,node_mismatch; link_mismatch; arg_mismatch(3)
87184037,chain,✗,✗,3,audio noise reduction -> video search,image-to-text -> audio noise reduction -> audio-to-text -> text aggregator -> video search,node_mismatch; link_mismatch; arg_mismatch(3)
33717666,single,✗,✗,2,text-to-image -> image-to-image,text-to-video,node_mismatch; link_mismatch; arg_mismatch(2)
96222124,chain,✗,✗,4,keyword extractor -> text search -> text summarizer -> text-to-audio -> audio splicer,keyword extractor -> text search -> voice changer -> audio effects -> audio splicer,node_mismatch; link_mismatch; arg_mismatch(4)
29501103,chain,✗,✗,1,text paraphraser -> text grammar checker -> text expander -> video search,article spinner -> text grammar checker -> text expander -> video search,node_mismatch; link_mismatch; arg_mismatch(1)
26234921,chain,✗,✗,2,text search -> text expander,text grammar checker -> topic generator -> text search -> text expander,node_mismatch; link_mismatch; arg_mismatch(2)
28220564,single,✗,✗,1,video-to-audio -> audio-to-text,video-to-text,node_mismatch; link_mismatch; arg_mismatch(1)
29740563,chain,✗,✗,2,text simplifier -> image search,article spinner -> text simplifier -> text summarizer -> image search,node_mismatch; link_mismatch; arg_mismatch(2)
26662822,chain,✗,✗,6,video-to-audio -> audio-to-text -> text sentiment analysis -> text-to-image -> image stitcher -> image-to-text -> image search,video-to-text -> text sentiment analysis -> text-to-image -> image stitcher -> image-to-text -> image search,node_mismatch; link_mismatch; arg_mismatch(6)
27607093,chain,✗,✗,3,text-to-video -> video synchronization,article spinner -> text expander -> keyword extractor -> text paraphraser -> text-to-video -> video stabilizer -> video synchronization,node_mismatch; link_mismatch; arg_mismatch(3)
94014959,chain,✗,✗,1,url extractor -> audio downloader -> audio noise reduction -> audio-to-image -> image-to-text,url extractor -> audio downloader -> audio noise reduction -> audio-to-image -> image colorizer,node_mismatch; link_mismatch; arg_mismatch(1)
13909299,single,✓,✓,1,video downloader,video downloader,arg_mismatch(1)
25583899,chain,✗,✗,2,audio splicer -> audio noise reduction -> voice changer,audio splicing -> audio noise reduction -> voice modifier,node_mismatch; link_mismatch; arg_mismatch(2)
31785349,single,✓,✓,1,audio splicer,audio splicer,arg_mismatch(1)
25387172,chain,✓,✓,1,article spinner -> text grammar checker -> text-to-video,article spinner -> text grammar checker -> text-to-video,arg_mismatch(1)
24913383,chain,✓,✓,1,voice changer -> audio-to-image -> image-to-video,voice changer -> audio-to-image -> image-to-video,arg_mismatch(1)
21546265,single,✓,✓,1,topic generator,topic generator,arg_mismatch(1)
29009671,chain,✗,✗,4,text simplifier -> video voiceover -> video-to-audio -> audio-to-image,audio-to-image -> text simplifier -> video voiceover -> video-to-audio,node_mismatch; link_mismatch; arg_mismatch(4)
13870028,chain,✓,✗,2,text summarizer -> text sentiment analysis -> text paraphraser -> topic generator -> video speed changer,text summarizer -> text sentiment analysis -> text paraphraser -> topic generator -> video speed changer,link_mismatch; arg_mismatch(2)
28770393,single,✓,✓,1,topic generator,topic generator,arg_mismatch(1)
16336784,dag,✗,✗,4,text-to-video -> video-to-audio -> audio-to-text -> video synchronization,text-to-video -> video synchronization -> video-to-text,node_mismatch; link_mismatch; arg_mismatch(4)
31188732,chain,✗,✗,2,text expander,text paraphraser -> text expander -> article spinner,node_mismatch; link_mismatch; arg_mismatch(2)
24732754,single,✓,✓,1,video speed changer,video speed changer,arg_mismatch(1)
31884288,chain,✗,✗,3,text expander -> text paraphraser -> text summarizer -> text-to-audio,text expander -> article spinner -> text summarizer -> voice changer,node_mismatch; link_mismatch; arg_mismatch(3)
24443812,single,✓,✓,1,video search,video search,arg_mismatch(1)
12343429,single,✓,✓,1,video speed changer,video speed changer,arg_mismatch(1)
32704049,single,✓,✓,1,audio splicer,audio splicer,arg_mismatch(1)
33161478,chain,✗,✗,3,text-to-video -> video synchronization -> video speed changer,text paraphraser -> text-to-video -> video speed changer -> video synchronization,node_mismatch; link_mismatch; arg_mismatch(3)
28120861,dag,✓,✗,2,text sentiment analysis -> text simplifier -> audio effects -> audio noise reduction,text sentiment analysis -> text simplifier -> audio effects -> audio noise reduction,link_mismatch; arg_mismatch(2)
35400770,single,✓,✓,1,text simplifier,text simplifier,arg_mismatch(1)
20841358,chain,✓,✓,1,audio noise reduction -> audio-to-text -> text translator -> text sentiment analysis,audio noise reduction -> audio-to-text -> text translator -> text sentiment analysis,arg_mismatch(1)
10023607,dag,✓,✗,1,video-to-image -> text-to-image -> image-to-video,video-to-image -> text-to-image -> image-to-video,link_mismatch; arg_mismatch(1)
27253961,single,✗,✗,1,image-to-text -> text downloader,image-to-text -> save as text file,node_mismatch; link_mismatch; arg_mismatch(1)
19838389,chain,✗,✗,2,audio downloader -> audio noise reduction -> video synchronization -> video-to-text,audio downloader -> noise reduction -> video synchronization -> speech transcription,node_mismatch; link_mismatch; arg_mismatch(2)
22764088,chain,✗,✗,4,text search -> url extractor -> text downloader -> text translator -> text sentiment analysis -> text summarizer -> text-to-image,text search -> text sentiment analysis -> text translator -> text summarizer -> text-to-image,node_mismatch; link_mismatch; arg_mismatch(4)
63277506,chain,✗,✗,5,text-to-image -> image stitcher -> image-to-text -> text paraphraser -> text grammar checker,text search -> text-to-image -> image stitcher -> image-to-text -> text paraphraser -> text grammar checker,node_mismatch; link_mismatch; arg_mismatch(5)
31376398,dag,✓,✗,1,text expander -> text summarizer -> text-to-image,text expander -> text summarizer -> text-to-image,link_mismatch; arg_mismatch(1)
32638320,chain,✗,✗,3,text expander -> text-to-audio -> audio effects,text expander -> keyword extractor -> topic generator -> text simplifier -> text-to-audio,node_mismatch; link_mismatch; arg_mismatch(3)
35024897,chain,✗,✗,3,text search -> image search (by image) -> image stitcher -> video-to-audio -> video maker,keyword extractor -> video search -> video synchronization,node_mismatch; link_mismatch; arg_mismatch(3)
19316510,chain,✗,✗,2,audio effects -> audio splicer,audio effects -> audio merger -> text interpreter,node_mismatch; link_mismatch; arg_mismatch(2)
24024695,chain,✗,✗,2,image stitcher -> image-to-text -> text simplifier -> text search -> text sentiment analysis,image stitcher -> image-to-text -> text simplifier -> text paraphraser -> text search -> text sentiment analysis,node_mismatch; link_mismatch; arg_mismatch(2)
18007237,single,✓,✓,1,audio effects,audio effects,arg_mismatch(1)
22699256,chain,✗,✗,3,text-to-video -> video voiceover,text translator -> text grammar checker -> video search -> video voiceover,node_mismatch; link_mismatch; arg_mismatch(3)
23349605,chain,✗,✗,4,audio downloader -> audio-to-image -> image stitcher,url extractor -> audio downloader -> audio visualizer -> image combiner,node_mismatch; link_mismatch; arg_mismatch(4)
15254968,chain,✓,✗,0,audio noise reduction -> audio-to-text -> video search -> video-to-text -> keyword extractor -> audio effects -> audio-to-image,audio noise reduction -> audio-to-text -> video search -> video-to-text -> keyword extractor -> audio effects -> audio-to-image,link_mismatch
11259496,chain,✗,✗,3,text summarizer -> text paraphraser -> text grammar checker -> topic generator -> image search,text paraphraser -> text summarizer -> text grammar checker -> topic generator -> image search,node_mismatch; link_mismatch; arg_mismatch(3)
20390150,single,✗,✗,1,url extractor -> image downloader,url extractor,node_mismatch; link_mismatch; arg_mismatch(1)
13328287,dag,✗,✗,2,keyword extractor -> text sentiment analysis -> text summarizer -> video speed changer,keyword extractor -> text sentiment analysis -> summarize sentiment analysis -> video speed adjuster,node_mismatch; link_mismatch; arg_mismatch(2)
21203251,single,✗,✗,2,video search -> url extractor -> video downloader,video search,node_mismatch; link_mismatch; arg_mismatch(2)
33377661,dag,✗,✗,4,text summarizer -> article spinner -> text-to-image -> video speed changer -> video-to-image -> image colorizer,article spinner -> text summarizer -> text-to-image -> video speed changer -> video-to-image -> image colorizer,node_mismatch; link_mismatch; arg_mismatch(4)
23776031,single,✗,✗,1,video-to-audio -> audio-to-text,video-to-text,node_mismatch; link_mismatch; arg_mismatch(1)
59229994,chain,✗,✗,2,image stitcher -> image colorizer -> image style transfer -> image-to-video -> video-to-audio -> audio-to-text -> text-to-image,image stitcher -> image colorizer -> image style transfer -> image-to-video -> video-to-text -> text-to-image,node_mismatch; link_mismatch; arg_mismatch(2)
17231162,chain,✓,✓,2,audio downloader -> voice changer -> audio-to-image -> image-to-video -> video synchronization -> video-to-audio,audio downloader -> voice changer -> audio-to-image -> image-to-video -> video synchronization -> video-to-audio,arg_mismatch(2)
14878853,chain,✓,✗,1,audio-to-text -> text sentiment analysis -> article spinner,audio-to-text -> text sentiment analysis -> article spinner,link_mismatch; arg_mismatch(1)
20631231,chain,✓,✓,2,audio effects -> audio noise reduction -> voice changer -> audio splicer -> audio-to-image -> image-to-video,audio effects -> audio noise reduction -> voice changer -> audio splicer -> audio-to-image -> image-to-video,arg_mismatch(2)
22556056,dag,✗,✗,1,image downloader -> image style transfer -> image-to-video,image downloader -> image style transfer -> slideshow maker,node_mismatch; link_mismatch; arg_mismatch(1)
15893908,chain,✓,✓,1,text translator -> url extractor -> text downloader -> video voiceover,text translator -> url extractor -> text downloader -> video voiceover,arg_mismatch(1)
13302423,single,✗,✗,2,video-to-audio -> audio-to-text,video-to-text,node_mismatch; link_mismatch; arg_mismatch(2)
17720314,chain,✓,✓,1,text search -> text summarizer -> text sentiment analysis,text search -> text summarizer -> text sentiment analysis,arg_mismatch(1)
12700481,dag,✗,✗,4,text-to-audio -> audio-to-image -> audio splicer -> audio-to-text,audio splicer -> audio-to-image -> image-to-text -> text-to-audio,node_mismatch; link_mismatch; arg_mismatch(4)
41541341,dag,✗,✗,1,text downloader -> text sentiment analysis -> text-to-image,text downloader -> text sentiment analysis -> text expander -> text-to-image,node_mismatch; link_mismatch; arg_mismatch(1)
72827580,single,✓,✓,1,text-to-video,text-to-video,arg_mismatch(1)
31250413,chain,✗,✗,3,text search -> audio effects,text search -> text simplifier -> audio effects,node_mismatch; link_mismatch; arg_mismatch(3)
18412263,chain,✗,✗,4,video voiceover -> video-to-audio -> voice changer -> audio-to-image,audio-to-image -> video voiceover -> video-to-audio -> voice changer,node_mismatch; link_mismatch; arg_mismatch(4)
13590705,dag,✓,✗,3,text expander -> audio effects -> voice changer,text expander -> audio effects -> voice changer,link_mismatch; arg_mismatch(3)
28649390,chain,✗,✗,1,text downloader -> keyword extractor -> text search -> text simplifier,text downloader -> topic generator -> text search -> text simplifier,node_mismatch; link_mismatch; arg_mismatch(1)
26296294,chain,✓,✓,1,audio effects -> audio-to-text -> video search -> video-to-audio,audio effects -> audio-to-text -> video search -> video-to-audio,arg_mismatch(1)
65319518,single,✓,✓,1,voice changer,voice changer,arg_mismatch(1)
22387171,dag,✓,✗,1,article spinner -> text expander -> keyword extractor -> text grammar checker -> video voiceover -> video stabilizer,article spinner -> text expander -> keyword extractor -> text grammar checker -> video voiceover -> video stabilizer,link_mismatch; arg_mismatch(1)
21045373,chain,✗,✗,2,audio-to-text -> keyword extractor -> text sentiment analysis -> text paraphraser -> text grammar checker,audio-to-text -> topic extraction -> positive sentiment filter -> text paraphraser -> text grammar checker,node_mismatch; link_mismatch; arg_mismatch(2)
10219651,dag,✗,✗,3,image colorizer -> audio-to-image -> image-to-video,audio-to-image -> image colorizer -> image style transfer -> image-to-video,node_mismatch; link_mismatch; arg_mismatch(3)
24133585,chain,✗,✗,5,video-to-audio -> audio-to-text -> keyword extractor -> url extractor -> audio-to-image -> image style transfer,video-to-text -> url extractor -> audio downloader -> audio-to-image -> image style transfer,node_mismatch; link_mismatch; arg_mismatch(5)
26815357,chain,✗,✗,5,image style transfer -> image search (by image) -> image stitcher -> image colorizer,image downloader -> image style transfer -> image search (by image) -> image stitcher -> image color enhancer,node_mismatch; link_mismatch; arg_mismatch(5)
29912692,chain,✗,✗,5,text paraphraser -> video voiceover -> video-to-image -> image style transfer,video-to-text -> text paraphraser -> video voiceover -> video-to-image -> image style transfer,node_mismatch; link_mismatch; arg_mismatch(5)
26988311,chain,✓,✗,6,text summarizer -> keyword extractor -> voice changer -> audio-to-text -> text-to-image -> image style transfer,text summarizer -> keyword extractor -> voice changer -> audio-to-text -> text-to-image -> image style transfer,link_mismatch; arg_mismatch(6)
31335856,dag,✓,✗,1,audio-to-text -> text sentiment analysis -> article spinner -> text grammar checker,audio-to-text -> text sentiment analysis -> article spinner -> text grammar checker,link_mismatch; arg_mismatch(1)
11382433,chain,✓,✗,3,topic generator -> video voiceover -> video stabilizer -> video-to-audio,topic generator -> video voiceover -> video stabilizer -> video-to-audio,link_mismatch; arg_mismatch(3)
30790694,chain,✗,✗,1,text translator -> text simplifier,text translator -> text simplifier -> keyword extractor,node_mismatch; link_mismatch; arg_mismatch(1)
26704563,dag,✗,✗,1,text translator -> text summarizer,text translator -> text summarizer -> topic generator,node_mismatch; link_mismatch; arg_mismatch(1)
33177791,chain,✗,✗,6,video-to-audio -> video-to-text -> text simplifier -> keyword extractor -> url extractor -> audio downloader -> video synchronization,audio downloader -> text simplifier -> url extractor -> video synchronization -> video-to-text,node_mismatch; link_mismatch; arg_mismatch(6)
63991533,chain,✗,✗,2,text search -> text summarizer -> text-to-video,text search -> topic generator -> text expander -> text paraphraser -> text summarizer -> text-to-video,node_mismatch; link_mismatch; arg_mismatch(2)
27904030,chain,✗,✗,5,video-to-audio -> audio-to-text -> text sentiment analysis -> text simplifier -> article spinner -> text paraphraser,video-to-text -> text sentiment analysis -> text simplifier -> article spinner -> text paraphraser,node_mismatch; link_mismatch; arg_mismatch(5)
19722680,chain,✗,✗,3,text-to-image -> image style transfer,keyword extractor -> text paraphraser -> article spinner -> text-to-image -> image style transfer -> image colorizer,node_mismatch; link_mismatch; arg_mismatch(3)
76983178,single,✓,✓,1,video speed changer,video speed changer,arg_mismatch(1)
54487864,chain,✓,✗,1,text downloader -> text grammar checker -> topic generator -> video search,text downloader -> text grammar checker -> topic generator -> video search,link_mismatch; arg_mismatch(1)
22151225,dag,✗,✗,3,image-to-video -> video-to-audio -> video synchronization,image-to-video -> video stabilizer -> video-to-audio -> video synchronization,node_mismatch; link_mismatch; arg_mismatch(3)
87974508,chain,✗,✗,2,topic generator -> video voiceover,text search -> topic generator -> script generator -> video voiceover,node_mismatch; link_mismatch; arg_mismatch(2)
36434138,chain,✗,✗,1,text summarizer -> text-to-video -> video-to-audio -> audio-to-text,text summarizer -> text-to-video -> video stabilizer -> video-to-text,node_mismatch; link_mismatch; arg_mismatch(1)
85267987,chain,✗,✗,2,topic generator -> text-to-image,topic generator -> keyword extractor -> image search,node_mismatch; link_mismatch; arg_mismatch(2)
29308977,chain,✗,✗,2,topic generator,text simplifier -> text grammar checker -> topic generator,node_mismatch; link_mismatch; arg_mismatch(2)
28202531,single,✓,✓,1,article spinner,article spinner,arg_mismatch(1)
16616283,chain,✗,✗,1,text downloader -> text-to-video -> text paraphraser,text downloader -> text paraphraser -> text-to-video,node_mismatch; link_mismatch; arg_mismatch(1)
18531478,chain,✓,✓,1,article spinner -> text summarizer -> text sentiment analysis -> text-to-audio,article spinner -> text summarizer -> text sentiment analysis -> text-to-audio,arg_mismatch(1)
32552570,chain,✗,✗,3,audio downloader -> audio-to-image -> image-to-text -> text search -> voice changer,audio downloader -> audio-to-image -> image colorizer -> image-to-text -> text search -> voice changer,node_mismatch; link_mismatch; arg_mismatch(3)
29728026,chain,✗,✗,2,image-to-text -> video search -> video downloader,image-to-text -> text simplifier -> text search -> url extractor -> video downloader,node_mismatch; link_mismatch; arg_mismatch(2)
10053954,chain,✗,✗,3,text downloader -> text-to-image -> image stitcher -> image search (by image),text downloader -> text-to-image -> image colorizer -> image stitcher -> image search (by image),node_mismatch; link_mismatch; arg_mismatch(3)
28376419,dag,✗,✓,2,video-to-image -> image colorizer -> image stitcher,image colorizer -> video-to-image -> image stitcher,node_mismatch; arg_mismatch(2)
20822854,dag,✗,✗,3,text expander -> text-to-audio -> audio-to-text -> audio-to-image,text expander -> text-to-speech -> speech-to-text -> audio-to-image,node_mismatch; link_mismatch; arg_mismatch(3)
24043969,single,✓,✓,1,video speed changer,video speed changer,arg_mismatch(1)
10532275,single,✓,✓,1,text search,text search,arg_mismatch(1)
13178868,single,✓,✓,1,audio effects,audio effects,arg_mismatch(1)
82328237,chain,✓,✗,2,text expander -> text summarizer -> text translator -> text search,text expander -> text summarizer -> text translator -> text search,link_mismatch; arg_mismatch(2)
28854741,chain,✗,✗,4,video synchronization -> video-to-audio -> audio-to-text -> text grammar checker -> keyword extractor -> text simplifier,video synchronization -> video-to-text -> text grammar checker -> keyword extractor -> text simplifier,node_mismatch; link_mismatch; arg_mismatch(4)
31133384,dag,✗,✓,4,article spinner -> text-to-video -> video search,article spinner -> text search -> text-to-video -> video search,node_mismatch; arg_mismatch(4)
25069761,single,✓,✓,1,text sentiment analysis,text sentiment analysis,arg_mismatch(1)
20600805,chain,✗,✗,4,keyword extractor -> text summarizer -> text-to-video -> video speed changer,keyword extractor -> topic generator -> text-to-video -> video speed changer,node_mismatch; link_mismatch; arg_mismatch(4)
82886139,single,✓,✓,1,url extractor,url extractor,arg_mismatch(1)
23154964,single,✗,✗,2,image search -> image downloader,image search,node_mismatch; link_mismatch; arg_mismatch(2)
24180514,chain,✓,✓,1,text search -> text paraphraser -> text-to-video,text search -> text paraphraser -> text-to-video,arg_mismatch(1)
32282456,chain,✗,✗,5,video-to-audio -> audio-to-text -> text paraphraser -> text-to-audio -> video synchronization -> video-to-image,video-to-text -> text paraphraser -> text-to-audio -> video synchronization -> video-to-image,node_mismatch; link_mismatch; arg_mismatch(5)
98293818,chain,✗,✗,2,image-to-text -> text-to-audio -> audio splicer,image-to-text -> voice changer -> audio splicer,node_mismatch; link_mismatch; arg_mismatch(2)
22886800,single,✓,✓,1,url extractor,url extractor,arg_mismatch(1)
18966822,dag,✗,✗,2,text summarizer -> url extractor -> audio downloader -> audio effects -> audio splicer,text summarizer -> url extractor -> audio downloader -> audio effects -> audio mixer,node_mismatch; link_mismatch; arg_mismatch(2)
22093760,chain,✗,✗,2,topic generator,text translator -> topic generator -> text grammar checker,node_mismatch; link_mismatch; arg_mismatch(2)
29272607,chain,✓,✓,1,video speed changer -> video stabilizer -> video synchronization -> video-to-audio,video speed changer -> video stabilizer -> video synchronization -> video-to-audio,arg_mismatch(1)
53338319,chain,✗,✗,3,text downloader -> text summarizer -> text-to-audio -> video stabilizer -> video synchronization,text downloader -> text expander -> video stabilizer -> video voiceover,node_mismatch; link_mismatch; arg_mismatch(3)
45140777,dag,✓,✓,1,text-to-audio -> voice changer -> audio splicer -> audio-to-text,text-to-audio -> voice changer -> audio splicer -> audio-to-text,arg_mismatch(1)
11685484,dag,✗,✗,3,text search -> text simplifier -> video speed changer,text search -> keyword extractor -> text simplifier -> video speed changer,node_mismatch; link_mismatch; arg_mismatch(3)
28205828,dag,✗,✗,4,audio search -> video search -> audio downloader -> video downloader,text expander -> url extractor -> audio downloader -> video downloader,node_mismatch; link_mismatch; arg_mismatch(4)
24298786,chain,✗,✗,4,audio downloader -> audio splicer -> audio noise reduction -> voice changer -> audio-to-image -> image search (by image) -> image-to-video,audio downloader -> audio combiner -> audio noise reduction -> voice modifier -> audio visualizer -> image search (by image) -> slideshow creator,node_mismatch; link_mismatch; arg_mismatch(4)
31852542,chain,✗,✗,5,image-to-text -> text expander -> text simplifier -> text sentiment analysis -> video voiceover -> video synchronization -> video-to-audio,image downloader -> image-to-text -> text simplifier -> text sentiment analysis -> video voiceover -> video synchronization -> video-to-audio,node_mismatch; link_mismatch; arg_mismatch(5)
68601347,dag,✗,✗,3,topic generator -> text expander -> video speed changer -> video voiceover,text expander -> topic generator -> video speed changer -> video voiceover,node_mismatch; link_mismatch; arg_mismatch(3)
44403562,chain,✗,✗,4,video-to-audio -> audio-to-text -> text search -> text-to-audio -> audio splicer,video-to-text -> text search -> text-to-audio -> audio splicer,node_mismatch; link_mismatch; arg_mismatch(4)
26046746,single,✓,✓,1,text-to-audio,text-to-audio,arg_mismatch(1)
19965243,chain,✗,✗,2,video search -> video speed changer -> video voiceover,text search -> video speed changer -> video voiceover,node_mismatch; link_mismatch; arg_mismatch(2)
20333324,single,✓,✓,1,text summarizer,text summarizer,arg_mismatch(1)
96263403,single,✗,✗,1,video-to-audio -> audio-to-text,video-to-text,node_mismatch; link_mismatch; arg_mismatch(1)
22018641,chain,✓,✓,1,audio downloader -> audio noise reduction -> video synchronization -> video speed changer -> video-to-text,audio downloader -> audio noise reduction -> video synchronization -> video speed changer -> video-to-text,arg_mismatch(1)
26045735,chain,✗,✗,4,video speed changer -> video stabilizer -> video-to-audio -> audio-to-text -> text expander -> image search,video speed changer -> video stabilizer -> video-to-text -> text expander -> image search,node_mismatch; link_mismatch; arg_mismatch(4)
18738272,chain,✗,✗,4,text grammar checker -> text simplifier -> topic generator,text grammar checker -> keyword extractor -> topic generator -> synonym recommender,node_mismatch; link_mismatch; arg_mismatch(4)
68627496,single,✗,✗,1,video-to-audio -> audio-to-text,video-to-text,node_mismatch; link_mismatch; arg_mismatch(1)
29076966,chain,✗,✗,1,text downloader -> text sentiment analysis -> text expander -> text paraphraser -> text translator,text downloader -> text sentiment analysis -> text expander -> article spinner -> text translator,node_mismatch; link_mismatch; arg_mismatch(1)
19029090,chain,✗,✗,4,text search -> text extractor -> image search -> image stitcher,text expander -> article spinner -> url extractor -> text downloader -> image-to-text -> image search (by image) -> text-to-image,node_mismatch; link_mismatch; arg_mismatch(4)
20986321,single,✗,✗,1,video-to-audio -> audio-to-text,video-to-text,node_mismatch; link_mismatch; arg_mismatch(1)
10176126,chain,✗,✗,2,text-to-image -> image search (by image) -> image-to-video,text-to-image -> image search (by theme) -> image-to-video,node_mismatch; link_mismatch; arg_mismatch(2)
16921895,chain,✓,✓,1,voice changer -> audio-to-image -> image stitcher -> image-to-text -> text translator -> text grammar checker,voice changer -> audio-to-image -> image stitcher -> image-to-text -> text translator -> text grammar checker,arg_mismatch(1)
65794446,dag,✗,✗,4,text simplifier -> video stabilizer -> video voiceover,video stabilizer -> text simplifier -> video voiceover -> video synchronization,node_mismatch; link_mismatch; arg_mismatch(4)
16375814,chain,✗,✗,1,text grammar checker -> text simplifier -> text-to-image,text grammar checker -> article spinner -> text-to-image,node_mismatch; link_mismatch; arg_mismatch(1)
24693323,single,✓,✓,1,audio downloader,audio downloader,arg_mismatch(1)
29139082,single,✓,✓,1,video speed changer,video speed changer,arg_mismatch(1)
66944781,chain,✗,✗,2,video stabilizer -> video speed changer -> voice changer,video stabilizer -> video speed changer -> video-to-audio -> voice changer,node_mismatch; link_mismatch; arg_mismatch(2)
15376372,chain,✗,✗,1,text translator -> text summarizer,text translator -> text paraphraser -> text summarizer,node_mismatch; link_mismatch; arg_mismatch(1)
10755258,dag,✗,✗,2,text summarizer -> video search -> text-to-video,text summarizer -> keyword extractor -> text-to-video -> video search,node_mismatch; link_mismatch; arg_mismatch(2)
46379227,dag,✗,✗,4,video synchronization -> audio noise reduction -> audio-to-image,audio noise reduction -> video synchronization -> video-to-audio -> audio-to-image,node_mismatch; link_mismatch; arg_mismatch(4)
13963085,chain,✗,✗,4,video-to-audio -> audio-to-text -> keyword extractor -> text-to-audio -> video synchronization,convert video to text -> extract keywords -> create audio from text -> merge video and audio,node_mismatch; link_mismatch; arg_mismatch(4)
11090037,chain,✗,✗,5,text search -> text summarizer -> image search -> image search,topic generator -> text search -> text simplifier -> text summarizer -> image search,node_mismatch; link_mismatch; arg_mismatch(5)
14425232,single,✗,✗,1,video-to-audio -> audio-to-text,video-to-text,node_mismatch; link_mismatch; arg_mismatch(1)
23528150,chain,✓,✗,1,text simplifier -> keyword extractor -> topic generator -> video search,text simplifier -> keyword extractor -> topic generator -> video search,link_mismatch; arg_mismatch(1)
23105982,chain,✗,✗,2,topic generator -> text-to-audio -> audio effects,topic generator -> voice changer -> audio effects,node_mismatch; link_mismatch; arg_mismatch(2)
27699936,chain,✗,✗,4,video synchronization -> video speed changer -> video-to-text -> video search,video synchronization -> video speed adjuster -> speech-to-text -> video search,node_mismatch; link_mismatch; arg_mismatch(4)
23228100,chain,✓,✓,1,keyword extractor -> voice changer -> audio noise reduction -> audio-to-image,keyword extractor -> voice changer -> audio noise reduction -> audio-to-image,arg_mismatch(1)
15210768,chain,✗,✗,2,text-to-image -> image style transfer -> image colorizer -> image stitcher,text-to-image -> image style transfer -> image search (by image) -> image colorizer -> image stitcher,node_mismatch; link_mismatch; arg_mismatch(2)
21849689,chain,✓,✗,1,text simplifier -> keyword extractor -> url extractor,text simplifier -> keyword extractor -> url extractor,link_mismatch; arg_mismatch(1)
61505969,single,✓,✓,1,voice changer,voice changer,arg_mismatch(1)
67022435,chain,✓,✓,1,video downloader -> video speed changer,video downloader -> video speed changer,arg_mismatch(1)
27021703,chain,✗,✗,4,video speed changer -> video-to-audio -> audio-to-text -> article spinner -> text translator,video speed changer -> video-to-text -> article spinner -> text translator,node_mismatch; link_mismatch; arg_mismatch(4)
39491094,dag,✗,✗,2,keyword extractor -> text-to-audio -> audio noise reduction,keyword extractor -> text-to-audio -> audio noise reduction -> audio splicer,node_mismatch; link_mismatch; arg_mismatch(2)
23699878,chain,✗,✗,3,image search (by image) -> image-to-text -> text paraphraser,image downloader -> image search (by image) -> image-to-text -> text paraphraser,node_mismatch; link_mismatch; arg_mismatch(3)
81798632,chain,✗,✗,2,topic generator -> audio effects,topic generator -> text sentiment analysis -> audio effects,node_mismatch; link_mismatch; arg_mismatch(2)
31761373,dag,✓,✗,1,audio downloader -> video synchronization -> audio-to-image -> image style transfer,audio downloader -> video synchronization -> audio-to-image -> image style transfer,link_mismatch; arg_mismatch(1)
75411655,chain,✗,✗,2,text-to-video -> text-to-audio -> video synchronization,text-to-video -> video stabilizer -> video voiceover,node_mismatch; link_mismatch; arg_mismatch(2)
28080671,chain,✓,✓,1,video speed changer -> video voiceover -> video-to-audio,video speed changer -> video voiceover -> video-to-audio,arg_mismatch(1)
96157488,chain,✗,✗,2,text translator -> video voiceover,text summarizer -> text translator -> text expander -> video voiceover,node_mismatch; link_mismatch; arg_mismatch(2)
20786151,chain,✗,✗,2,text search -> text-to-image,text search -> topic generator -> text-to-image,node_mismatch; link_mismatch; arg_mismatch(2)
18394595,dag,✓,✗,2,video downloader -> video-to-image -> video synchronization,video downloader -> video-to-image -> video synchronization,link_mismatch; arg_mismatch(2)
30030030,chain,✓,✓,2,url extractor -> video downloader -> video stabilizer -> video-to-audio -> audio effects -> audio noise reduction,url extractor -> video downloader -> video stabilizer -> video-to-audio -> audio effects -> audio noise reduction,arg_mismatch(2)
30546653,chain,✓,✓,1,audio-to-text -> text-to-video -> video speed changer,audio-to-text -> text-to-video -> video speed changer,arg_mismatch(1)
72670744,chain,✓,✗,2,text downloader -> text summarizer -> video voiceover -> video-to-image -> image colorizer,text downloader -> text summarizer -> video voiceover -> video-to-image -> image colorizer,link_mismatch; arg_mismatch(2)
32412700,chain,✓,✓,1,keyword extractor -> text-to-audio -> audio splicer,keyword extractor -> text-to-audio -> audio splicer,arg_mismatch(1)
23064926,chain,✗,✗,8,video synchronization -> video-to-audio -> audio-to-text -> video voiceover -> video-to-image -> image colorizer -> image style transfer -> image search (by image),video synchronization -> video-to-text -> video voiceover -> video-to-image -> image colorizer -> image style transfer -> image search (by image),node_mismatch; link_mismatch; arg_mismatch(8)
37793581,chain,✗,✗,4,text expander -> text simplifier -> text-to-image,text expander -> text paraphraser -> text simplifier -> text-to-image,node_mismatch; link_mismatch; arg_mismatch(4)
88016703,dag,✗,✗,3,text-to-audio -> text-to-video -> video synchronization,text expander -> text paraphraser -> text-to-video -> video voiceover,node_mismatch; link_mismatch; arg_mismatch(3)
41490208,chain,✗,✗,3,text paraphraser -> video speed changer,text paraphraser -> article spinner -> video speed changer,node_mismatch; link_mismatch; arg_mismatch(3)
22846464,chain,✓,✗,4,text summarizer -> url extractor -> text downloader -> text simplifier -> audio effects -> audio-to-text -> video speed changer -> video voiceover,text summarizer -> url extractor -> text downloader -> text simplifier -> audio effects -> audio-to-text -> video speed changer -> video voiceover,link_mismatch; arg_mismatch(4)
41046758,chain,✗,✗,1,text grammar checker -> text summarizer,text grammar checker -> text summarizer -> url extractor,node_mismatch; link_mismatch; arg_mismatch(1)
15737359,single,✓,✓,1,topic generator,topic generator,arg_mismatch(1)
16674948,chain,✗,✗,4,topic generator -> text expander -> text-to-image -> image-to-video -> video voiceover,text expander -> text search -> text translator -> topic generator -> video voiceover,node_mismatch; link_mismatch; arg_mismatch(4)
23667358,chain,✗,✗,1,keyword extractor -> video search,keyword extractor -> topic generator -> video search,node_mismatch; link_mismatch; arg_mismatch(1)
19916475,chain,✗,✗,2,image-to-text -> text simplifier -> text-to-image,image-to-text -> text expander -> text simplifier -> text-to-image,node_mismatch; link_mismatch; arg_mismatch(2)
21803666,chain,✓,✓,1,video-to-audio -> voice changer,video-to-audio -> voice changer,arg_mismatch(1)
12389554,single,✗,✗,2,image search -> image downloader,image search,node_mismatch; link_mismatch; arg_mismatch(2)
12773944,single,✓,✓,1,text search,text search,arg_mismatch(1)
86973817,chain,✗,✗,1,text translator -> text summarizer,text translator -> text summarizer -> text grammar checker,node_mismatch; link_mismatch; arg_mismatch(1)
12271185,chain,✗,✗,3,text summarizer -> text-to-audio,keyword extractor -> text summarizer -> text simplifier -> video voiceover,node_mismatch; link_mismatch; arg_mismatch(3)
30302713,dag,✗,✗,4,video-to-audio -> audio-to-text -> text translator -> audio noise reduction -> audio effects,video-to-text -> text translator -> audio noise reduction -> audio effects,node_mismatch; link_mismatch; arg_mismatch(4)
55092630,chain,✓,✗,1,text summarizer -> video speed changer,text summarizer -> video speed changer,link_mismatch; arg_mismatch(1)
29360324,dag,✗,✗,2,video-to-image -> image colorizer -> image stitcher,image colorizer -> video-to-image -> image stitcher,node_mismatch; link_mismatch; arg_mismatch(2)
65105524,chain,✗,✗,3,text grammar checker -> text-to-audio -> video voiceover,text grammar checker -> text expander -> text simplifier -> text-to-audio -> video synchronization,node_mismatch; link_mismatch; arg_mismatch(3)
30462936,dag,✗,✗,4,video-to-audio -> audio-to-text -> text expander -> text-to-image -> image search,video-to-text -> text expander -> text-to-image -> image search,node_mismatch; link_mismatch; arg_mismatch(4)
28080976,chain,✗,✗,3,video-to-audio -> audio-to-text -> text simplifier -> text grammar checker,video-to-text -> text simplifier -> text grammar checker,node_mismatch; link_mismatch; arg_mismatch(3)
15572103,chain,✓,✓,1,url extractor -> video downloader -> video-to-text -> article spinner -> text summarizer,url extractor -> video downloader -> video-to-text -> article spinner -> text summarizer,arg_mismatch(1)
15212737,dag,✗,✗,1,text-to-audio,text-to-audio -> text sentiment analysis -> audio effects,node_mismatch; link_mismatch; arg_mismatch(1)
20099496,single,✗,✓,0,video synchronization,voiceover video synchronization,node_mismatch
72252509,chain,✓,✓,1,video voiceover -> video stabilizer -> video-to-text -> text summarizer -> text-to-image,video voiceover -> video stabilizer -> video-to-text -> text summarizer -> text-to-image,arg_mismatch(1)
35687364,chain,✗,✗,1,text translator -> image search,text translator -> text-to-image -> image search (by image),node_mismatch; link_mismatch; arg_mismatch(1)
25890948,chain,✗,✗,3,text grammar checker -> text expander -> text summarizer -> text paraphraser -> keyword extractor -> text-to-audio,text grammar checker -> text expander -> text summarizer -> text paraphraser -> keyword extractor -> text simplifier -> text-to-audio,node_mismatch; link_mismatch; arg_mismatch(3)
15235944,single,✓,✓,1,text search,text search,arg_mismatch(1)
67919417,chain,✗,✗,2,text-to-audio,text-to-audio -> audio noise reduction -> voice changer,node_mismatch; link_mismatch; arg_mismatch(2)
29918846,chain,✗,✗,2,video downloader -> video voiceover -> video speed changer -> video-to-audio -> audio-to-text,video downloader -> video voiceover -> video speed changer -> video-to-text,node_mismatch; link_mismatch; arg_mismatch(2)
80678448,single,✓,✓,1,topic generator,topic generator,arg_mismatch(1)
36080136,chain,✗,✗,2,audio noise reduction -> audio splicer -> audio-to-text -> keyword extractor,audio noise reduction -> audio merger -> audio-to-text conversion -> keyword discovery,node_mismatch; link_mismatch; arg_mismatch(2)
14478977,chain,✗,✗,3,video stabilizer -> video-to-audio,video downloader -> video stabilizer -> video-to-audio,node_mismatch; link_mismatch; arg_mismatch(3)
23512890,dag,✗,✗,4,video downloader -> video stabilizer -> video-to-audio -> audio-to-text -> text summarizer,video downloader -> video stabilizer -> video-to-text -> summary generator -> text-to-video -> speech-to-text,node_mismatch; link_mismatch; arg_mismatch(4)
21725713,chain,✓,✓,1,text downloader -> video speed changer -> video synchronization -> video-to-text -> text simplifier -> video search,text downloader -> video speed changer -> video synchronization -> video-to-text -> text simplifier -> video search,arg_mismatch(1)
16052113,chain,✗,✗,4,audio noise reduction -> audio effects -> video synchronization -> audio-to-image,audio-to-text -> text summarizer -> keyword extractor -> text paraphraser -> audio effects -> video synchronization -> video-to-audio -> audio-to-image,node_mismatch; link_mismatch; arg_mismatch(4)
96812775,chain,✗,✗,4,video search -> article spinner -> video synchronization -> video speed changer,article spinner -> video search -> video synchronization -> video speed changer,node_mismatch; link_mismatch; arg_mismatch(4)
18726651,chain,✗,✗,2,image style transfer,image search (by image) -> image style transfer,node_mismatch; link_mismatch; arg_mismatch(2)
23807822,chain,✗,✗,3,text search -> audio effects,keyword extractor -> text search -> audio effects,node_mismatch; link_mismatch; arg_mismatch(3)
30819184,single,✓,✓,1,topic generator,topic generator,arg_mismatch(1)
19826080,single,✗,✗,1,image search (by image) -> image downloader,analyse image -> image search,node_mismatch; link_mismatch; arg_mismatch(1)
24850720,chain,✓,✗,1,text search -> text grammar checker -> text translator -> text-to-video -> video-to-audio -> audio effects -> voice changer -> audio splicer,text search -> text grammar checker -> text translator -> text-to-video -> video-to-audio -> audio effects -> voice changer -> audio splicer,link_mismatch; arg_mismatch(1)
52754091,chain,✗,✗,4,video downloader -> video-to-audio -> audio-to-text -> audio effects -> audio noise reduction,video downloader -> video-to-text -> audio effects -> audio noise reduction,node_mismatch; link_mismatch; arg_mismatch(4)
24460419,chain,✓,✓,1,audio-to-image -> image-to-text -> text translator -> text summarizer,audio-to-image -> image-to-text -> text translator -> text summarizer,arg_mismatch(1)
21275373,chain,✗,✗,2,text search -> article spinner,text search -> article spinner -> text paraphraser,node_mismatch; link_mismatch; arg_mismatch(2)
15666525,chain,✗,✗,2,text summarizer -> text sentiment analysis -> text paraphraser -> video voiceover -> video stabilizer,text summarizer -> text sentiment analysis -> article spinner -> video voiceover -> video stabilizer,node_mismatch; link_mismatch; arg_mismatch(2)
32128001,dag,✗,✗,4,video-to-audio -> audio-to-image -> image stitcher -> video synchronization -> image-to-video,audio downloader -> audio-to-image -> image stitcher -> video synchronization,node_mismatch; link_mismatch; arg_mismatch(4)
25322356,chain,✓,✗,2,image-to-text -> text sentiment analysis -> text grammar checker -> text paraphraser -> text-to-video,image-to-text -> text sentiment analysis -> text grammar checker -> text paraphraser -> text-to-video,link_mismatch; arg_mismatch(2)
15114086,chain,✗,✗,1,audio-to-image -> image-to-text -> text simplifier,audio-to-image -> image-to-text -> text simplifier -> article spinner,node_mismatch; link_mismatch; arg_mismatch(1)
16349713,single,✓,✓,1,image downloader,image downloader,arg_mismatch(1)
17899002,single,✓,✓,1,topic generator,topic generator,arg_mismatch(1)
24021065,single,✓,✓,1,text summarizer,text summarizer,arg_mismatch(1)
69132358,chain,✗,✗,2,text translator -> text-to-audio -> voice changer,text translator -> voice changer,node_mismatch; link_mismatch; arg_mismatch(2)
24429330,chain,✗,✗,4,video downloader -> video synchronization -> video-to-image -> image stitcher,image stitcher -> video downloader -> video synchronization -> video-to-image,node_mismatch; link_mismatch; arg_mismatch(4)
13689407,chain,✗,✗,3,video search -> video-to-text,text search -> video search -> video synchronization -> video-to-text,node_mismatch; link_mismatch; arg_mismatch(3)
47916395,chain,✓,✓,1,video stabilizer -> video synchronization -> video-to-audio -> audio effects -> audio-to-text,video stabilizer -> video synchronization -> video-to-audio -> audio effects -> audio-to-text,arg_mismatch(1)
14903619,chain,✗,✗,3,url extractor -> audio downloader -> audio-to-text -> text sentiment analysis,text simplifier -> text sentiment analysis -> url extractor -> audio downloader,node_mismatch; link_mismatch; arg_mismatch(3)
33905060,dag,✓,✗,2,audio-to-text -> audio effects -> image search,audio-to-text -> audio effects -> image search,link_mismatch; arg_mismatch(2)
15702513,single,✗,✗,2,text-to-image -> image downloader,text-to-image -> save,node_mismatch; link_mismatch; arg_mismatch(2)
30032719,chain,✗,✗,1,text search -> url extractor,text search -> topic generator -> url extractor,node_mismatch; link_mismatch; arg_mismatch(1)
12708324,chain,✓,✓,1,text translator -> article spinner -> keyword extractor -> video voiceover,text translator -> article spinner -> keyword extractor -> video voiceover,arg_mismatch(1)
13585206,chain,✗,✗,2,text search -> image search,text search -> text sentiment analysis -> image search,node_mismatch; link_mismatch; arg_mismatch(2)
44121365,single,✓,✓,1,url extractor,url extractor,arg_mismatch(1)
17950368,chain,✗,✓,3,text summarizer -> text-to-audio -> audio noise reduction -> video-to-audio -> video synchronization,text summarizer -> text-to-audio -> audio noise reduction -> video synchronization,node_mismatch; arg_mismatch(3)
88268220,chain,✗,✗,3,image style transfer -> image-to-video -> video-to-audio -> audio-to-text -> topic generator -> text-to-video,image style transfer -> image-to-video -> video-to-text -> topic generator -> text-to-video,node_mismatch; link_mismatch; arg_mismatch(3)
56740402,chain,✗,✗,4,text summarizer -> keyword extractor -> article spinner -> text-to-audio,text summarizer -> keyword extractor -> voice changer,node_mismatch; link_mismatch; arg_mismatch(4)
17578076,single,✓,✓,1,text-to-video,text-to-video,arg_mismatch(1)
31457304,chain,✓,✓,2,voice changer -> audio effects -> audio-to-text -> url extractor,voice changer -> audio effects -> audio-to-text -> url extractor,arg_mismatch(2)
15156776,single,✗,✗,2,image search (by image) -> video search,video search,node_mismatch; link_mismatch; arg_mismatch(2)
14516552,single,✓,✓,1,text-to-image,text-to-image,arg_mismatch(1)
29432279,chain,✗,✗,0,image-to-text -> text simplifier -> video search -> video synchronization,image-to-text -> text simplifier -> video search -> voiceover synchronization,node_mismatch; link_mismatch
28956495,dag,✗,✗,0,image-to-text -> url extractor -> text sentiment analysis,image-to-text -> text sentiment analysis -> url extractor,node_mismatch; link_mismatch
21041488,single,✗,✓,0,image colorizer,ai image colorizer,node_mismatch
14949793,chain,✗,✗,4,text-to-video -> video-to-audio -> video synchronization,audio-to-text -> text-to-video -> video-to-audio -> video synchronization,node_mismatch; link_mismatch; arg_mismatch(4)
21286112,chain,✓,✗,2,text sentiment analysis -> text translator -> text grammar checker -> text-to-video,text sentiment analysis -> text translator -> text grammar checker -> text-to-video,link_mismatch; arg_mismatch(2)
97680679,single,✓,✓,1,text-to-image,text-to-image,arg_mismatch(1)
33234463,chain,✗,✗,2,audio-to-image -> image search (by image),audio downloader -> audio-to-image -> image search (by image),node_mismatch; link_mismatch; arg_mismatch(2)
32082374,single,✗,✗,1,video-to-audio -> audio-to-text,video-to-text,node_mismatch; link_mismatch; arg_mismatch(1)
10195679,single,✗,✗,2,text-to-image -> image-to-video,text-to-video,node_mismatch; link_mismatch; arg_mismatch(2)
82959447,chain,✗,✗,2,article spinner -> topic generator,text grammar checker -> text expander -> article spinner -> topic generator,node_mismatch; link_mismatch; arg_mismatch(2)
17430136,single,✓,✓,1,voice changer,voice changer,arg_mismatch(1)
44333784,chain,✗,✗,2,text downloader -> video voiceover,text downloader -> topic generator -> text-to-video -> video voiceover,node_mismatch; link_mismatch; arg_mismatch(2)
51301685,chain,✗,✗,3,image-to-text -> text search -> text-to-video,image to text -> topic generator -> text search -> text paraphraser -> text-to-video,node_mismatch; link_mismatch; arg_mismatch(3)
20509312,dag,✗,✗,2,text downloader -> text-to-video -> video synchronization,text downloader -> text-to-video -> video-to-audio -> video synchronization,node_mismatch; link_mismatch; arg_mismatch(2)
26480608,chain,✓,✗,4,audio-to-text -> audio effects -> audio-to-image -> image-to-video -> video-to-audio,audio-to-text -> audio effects -> audio-to-image -> image-to-video -> video-to-audio,link_mismatch; arg_mismatch(4)
25582442,chain,✓,✓,1,image-to-text -> text-to-video -> video speed changer,image-to-text -> text-to-video -> video speed changer,arg_mismatch(1)
24211551,chain,✓,✗,1,video stabilizer -> video-to-text -> text summarizer -> url extractor,video stabilizer -> video-to-text -> text summarizer -> url extractor,link_mismatch; arg_mismatch(1)
33891225,chain,✗,✗,1,text downloader -> text summarizer -> text-to-video -> video stabilizer -> video synchronization,text downloader -> keyword extractor -> text-to-video -> video stabilizer -> video synchronization,node_mismatch; link_mismatch; arg_mismatch(1)
26983139,single,✓,✓,1,text search,text search,arg_mismatch(1)
33576919,dag,✗,✗,3,text-to-video -> video downloader -> video synchronization,audio downloader -> text-to-video -> video synchronization,node_mismatch; link_mismatch; arg_mismatch(3)
51693317,chain,✗,✗,2,text-to-audio -> video synchronization,text summarizer -> text paraphraser -> text expander -> text sentiment analysis -> video voiceover,node_mismatch; link_mismatch; arg_mismatch(2)
62851863,chain,✗,✗,5,image-to-video -> video synchronization -> video speed changer -> video-to-audio -> audio-to-text -> text-to-audio -> voice changer -> audio splicer,image-to-video -> video synchronization -> video speed changer -> video-to-text -> text-to-audio -> voice changer -> audio splicer,node_mismatch; link_mismatch; arg_mismatch(5)
23293690,chain,✗,✗,2,image colorizer -> image-to-video,image search (by image) -> image colorizer -> image-to-video,node_mismatch; link_mismatch; arg_mismatch(2)
50147356,chain,✗,✗,0,keyword extractor -> text search,keyword extractor -> web content search,node_mismatch; link_mismatch
14621793,chain,✓,✗,6,text paraphraser -> text sentiment analysis -> text summarizer -> text grammar checker -> article spinner -> text expander -> video search,text paraphraser -> text sentiment analysis -> text summarizer -> text grammar checker -> article spinner -> text expander -> video search,link_mismatch; arg_mismatch(6)
33480688,chain,✗,✗,5,image colorizer -> image search (by image) -> image-to-text -> url extractor,image style transfer -> image colorizer -> image search (by image) -> image-to-text -> url extractor,node_mismatch; link_mismatch; arg_mismatch(5)
32715948,chain,✓,✓,1,text search -> text summarizer -> topic generator -> image search,text search -> text summarizer -> topic generator -> image search,arg_mismatch(1)
62868547,chain,✗,✗,2,text summarizer -> text-to-video -> text-to-audio -> video synchronization,text summarizer -> text-to-video -> video-to-audio,node_mismatch; link_mismatch; arg_mismatch(2)
15426849,single,✗,✗,2,audio splicer -> audio splicer,audio splicer,node_mismatch; link_mismatch; arg_mismatch(2)
25443927,single,✓,✓,1,audio effects,audio effects,arg_mismatch(1)
32040431,single,✓,✓,1,text search,text search,arg_mismatch(1)
24325624,single,✓,✓,1,text-to-image,text-to-image,arg_mismatch(1)
15296704,single,✓,✓,1,voice changer,voice changer,arg_mismatch(1)
27275169,chain,✗,✗,1,audio-to-image -> image stitcher -> image-to-video,audio-to-image -> image-to-video,node_mismatch; link_mismatch; arg_mismatch(1)
81049953,dag,✓,✗,1,image colorizer -> image search (by image) -> image-to-video,image colorizer -> image search (by image) -> image-to-video,link_mismatch; arg_mismatch(1)
33787019,chain,✗,✗,2,text expander -> image search (by image),text paraphraser -> text expander -> article spinner -> text-to-image -> image search (by image),node_mismatch; link_mismatch; arg_mismatch(2)
32298041,chain,✓,✓,3,audio downloader -> voice changer -> audio effects -> audio-to-text -> text simplifier,audio downloader -> voice changer -> audio effects -> audio-to-text -> text simplifier,arg_mismatch(3)
27361393,single,✓,✓,1,video speed changer,video speed changer,arg_mismatch(1)
58009932,chain,✗,✗,1,audio-to-text -> video voiceover -> video-to-audio -> audio-to-text,audio-to-text -> video voiceover -> video-to-text,node_mismatch; link_mismatch; arg_mismatch(1)
31062380,chain,✗,✗,7,text search -> text search -> text search -> text search -> text search -> text search,text search -> url extractor -> text summarizer -> text simplifier -> text expander -> text grammar checker -> topic generator,node_mismatch; link_mismatch; arg_mismatch(7)
18437549,single,✓,✓,1,voice changer,voice changer,arg_mismatch(1)
18613357,chain,✓,✓,2,text summarizer -> url extractor -> text downloader -> text expander,text summarizer -> url extractor -> text downloader -> text expander,arg_mismatch(2)
21872845,chain,✓,✓,1,audio effects -> audio-to-text -> url extractor,audio effects -> audio-to-text -> url extractor,arg_mismatch(1)
72894081,single,✗,✗,1,video-to-audio -> audio-to-text,video-to-text,node_mismatch; link_mismatch; arg_mismatch(1)
26426129,chain,✓,✗,1,image-to-text -> text paraphraser -> text summarizer -> text search -> text-to-image -> image-to-video -> video-to-image -> image colorizer,image-to-text -> text paraphraser -> text summarizer -> text search -> text-to-image -> image-to-video -> video-to-image -> image colorizer,link_mismatch; arg_mismatch(1)
27690577,chain,✗,✗,4,video-to-audio -> audio-to-text -> text simplifier -> text search -> audio effects,video-to-text -> text simplifier -> text search -> audio effects,node_mismatch; link_mismatch; arg_mismatch(4)
20229935,chain,✗,✗,1,text downloader -> text summarizer -> text-to-audio -> video voiceover,text downloader -> text summarizer -> keyword extractor -> video voiceover,node_mismatch; link_mismatch; arg_mismatch(1)
11368898,chain,✓,✓,1,keyword extractor -> text sentiment analysis,keyword extractor -> text sentiment analysis,arg_mismatch(1)
89655702,chain,✗,✗,5,image colorizer -> image stitcher -> video stabilizer -> video speed changer -> video-to-audio,image downloader -> image colorizer -> image-to-video -> video stabilizer -> video speed changer -> video-to-audio,node_mismatch; link_mismatch; arg_mismatch(5)
39702355,chain,✗,✗,5,topic generator -> video voiceover -> video synchronization -> video stabilizer -> video-to-image,topic generator -> text-to-audio -> audio splicer -> audio effects -> audio noise reduction -> video synchronization -> video stabilizer -> video-to-image,node_mismatch; link_mismatch; arg_mismatch(5)
29316770,chain,✗,✗,2,audio downloader -> video synchronization,url extractor -> audio downloader -> video voiceover,node_mismatch; link_mismatch; arg_mismatch(2)
18888991,single,✓,✓,1,voice changer,voice changer,arg_mismatch(1)
33482844,chain,✗,✗,5,video-to-audio -> audio-to-text -> text simplifier -> text-to-audio -> audio noise reduction -> audio splicer,video-to-text -> article spinner -> text-to-audio -> audio noise reduction -> audio splicer,node_mismatch; link_mismatch; arg_mismatch(5)
10623113,chain,✗,✗,2,article spinner -> video voiceover,text paraphraser -> article spinner -> video voiceover,node_mismatch; link_mismatch; arg_mismatch(2)
24197490,dag,✗,✗,2,audio-to-image -> image stitcher,audio downloader -> audio-to-text -> text paraphraser -> text-to-image -> text-to-image -> image stitcher,node_mismatch; link_mismatch; arg_mismatch(2)
29651002,dag,✗,✗,3,image-to-video -> audio-to-text -> video voiceover,audio-to-text -> create slideshow -> add voiceover,node_mismatch; link_mismatch; arg_mismatch(3)
97272699,chain,✗,✗,5,video voiceover -> audio splicer -> audio noise reduction -> video-to-text -> url extractor,video voiceover -> video-to-audio -> audio splicer -> audio noise reduction -> audio-to-text -> url extractor,node_mismatch; link_mismatch; arg_mismatch(5)
20191362,chain,✗,✗,2,image search (by image) -> image stitcher,image-to-text -> text-to-image -> image search (by image) -> image stitcher,node_mismatch; link_mismatch; arg_mismatch(2)
25022496,chain,✗,✗,1,video-to-audio -> video synchronization -> audio-to-text,video downloader -> video synchronization -> video-to-text,node_mismatch; link_mismatch; arg_mismatch(1)
22539486,chain,✓,✓,1,video downloader -> video speed changer -> video synchronization,video downloader -> video speed changer -> video synchronization,arg_mismatch(1)
92380502,chain,✗,✗,7,keyword extractor -> text simplifier -> text grammar checker -> text paraphraser -> url extractor -> text downloader -> image search,image search -> keyword extractor -> text downloader -> text grammar checker -> text paraphraser -> text simplifier -> url extractor,node_mismatch; link_mismatch; arg_mismatch(7)
14009618,chain,✗,✗,1,video downloader -> video-to-audio,video downloader -> video stabilizer -> video-to-audio,node_mismatch; link_mismatch; arg_mismatch(1)
19213463,chain,✗,✗,3,video-to-audio -> voice changer -> audio splicer,audio splicer -> video-to-audio -> voice changer,node_mismatch; link_mismatch; arg_mismatch(3)
28117108,chain,✗,✗,4,video-to-audio -> audio-to-text -> voice changer -> audio-to-image,audio-to-image -> key insights extractor -> video-to-text -> voice modifier,node_mismatch; link_mismatch; arg_mismatch(4)
40209985,chain,✓,✓,1,text search -> text translator -> text summarizer,text search -> text translator -> text summarizer,arg_mismatch(1)
12821655,dag,✓,✗,1,text sentiment analysis -> text paraphraser -> audio effects,text sentiment analysis -> text paraphraser -> audio effects,link_mismatch; arg_mismatch(1)
21529891,chain,✗,✗,1,text sentiment analysis -> video search -> video synchronization,text sentiment analysis -> video search -> audio-video synchronization,node_mismatch; link_mismatch; arg_mismatch(1)
17463068,single,✓,✓,1,video-to-image,video-to-image,arg_mismatch(1)
31085234,dag,✓,✗,1,audio-to-image -> image search (by image) -> image stitcher -> image style transfer,audio-to-image -> image search (by image) -> image stitcher -> image style transfer,link_mismatch; arg_mismatch(1)
13667630,chain,✓,✓,1,audio noise reduction -> voice changer -> audio-to-image,audio noise reduction -> voice changer -> audio-to-image,arg_mismatch(1)
49391585,dag,✗,✗,2,image downloader -> image-to-text -> image style transfer -> keyword extractor,image downloader -> image style transfer -> image-to-text -> keyword extractor,node_mismatch; link_mismatch; arg_mismatch(2)
65810253,chain,✗,✗,1,text translator -> text-to-image,text translator -> text grammar checker -> text-to-image,node_mismatch; link_mismatch; arg_mismatch(1)
22196561,chain,✓,✓,2,text translator -> text-to-audio -> video synchronization,text translator -> text-to-audio -> video synchronization,arg_mismatch(2)
63614769,chain,✗,✗,2,text expander -> text simplifier,text expander -> text paraphraser -> text simplifier -> url extractor,node_mismatch; link_mismatch; arg_mismatch(2)
22233189,single,✓,✓,1,text grammar checker,text grammar checker,arg_mismatch(1)
33879102,chain,✗,✗,2,text-to-image -> image-to-video,text simplifier -> text-to-image -> image-to-video,node_mismatch; link_mismatch; arg_mismatch(2)
19817381,chain,✗,✗,1,text-to-image,keyword extractor -> text expander -> text-to-image,node_mismatch; link_mismatch; arg_mismatch(1)
33129048,dag,✗,✗,3,video-to-audio -> voice changer -> audio splicer,audio splicer -> video-to-audio -> voice changer,node_mismatch; link_mismatch; arg_mismatch(3)
28671780,chain,✗,✗,6,text translator -> article spinner -> text-to-audio -> audio effects -> video synchronization -> video-to-audio -> audio noise reduction,text translator -> article spinner -> voice changer -> audio effects -> video synchronization -> video voiceover -> video-to-audio -> audio noise reduction,node_mismatch; link_mismatch; arg_mismatch(6)
10557009,dag,✓,✓,1,text-to-audio -> voice changer -> audio noise reduction -> audio splicer,text-to-audio -> voice changer -> audio noise reduction -> audio splicer,arg_mismatch(1)
11013338,chain,✓,✗,1,audio-to-text -> text summarizer -> keyword extractor -> text translator,audio-to-text -> text summarizer -> keyword extractor -> text translator,link_mismatch; arg_mismatch(1)
19679927,chain,✓,✓,1,image-to-text -> text translator -> text-to-image,image-to-text -> text translator -> text-to-image,arg_mismatch(1)
77876598,chain,✓,✓,1,text-to-video -> video-to-image,text-to-video -> video-to-image,arg_mismatch(1)
21930593,single,✗,✗,2,image search -> image downloader,image search -> file save,node_mismatch; link_mismatch; arg_mismatch(2)
17685564,chain,✗,✗,2,text summarizer -> text simplifier,text sentiment analysis -> article spinner -> text summarizer,node_mismatch; link_mismatch; arg_mismatch(2)
17977153,chain,✗,✗,4,audio splicer -> video synchronization -> video-to-audio,audio downloader -> audio splicer -> video synchronization -> video-to-audio,node_mismatch; link_mismatch; arg_mismatch(4)
22735160,single,✓,✓,1,image search,image search,arg_mismatch(1)
21259351,chain,✗,✗,4,video-to-audio -> audio noise reduction -> audio-to-text -> keyword extractor,video-to-text -> topic generator -> text-to-audio -> audio noise reduction -> audio-to-text,node_mismatch; link_mismatch; arg_mismatch(4)
21475642,chain,✓,✓,1,text search -> text simplifier -> text-to-audio,text search -> text simplifier -> text-to-audio,arg_mismatch(1)
30508647,single,✓,✓,1,topic generator,topic generator,arg_mismatch(1)
16875579,chain,✓,✓,1,video speed changer -> video synchronization -> video-to-text -> text-to-video,video speed changer -> video synchronization -> video-to-text -> text-to-video,arg_mismatch(1)
13641817,dag,✗,✗,4,text-to-image -> image-to-video -> video synchronization,text-to-image -> image colorizer -> image-to-video -> video synchronization,node_mismatch; link_mismatch; arg_mismatch(4)
21780851,chain,✗,✗,4,text downloader -> text simplifier -> topic generator -> audio effects,audio effects -> text downloader -> text simplifier -> topic generator,node_mismatch; link_mismatch; arg_mismatch(4)
27027585,chain,✗,✗,4,audio downloader -> video synchronization -> video stabilizer -> video-to-image,url extractor -> audio downloader -> video synchronization -> video stabilizer -> video-to-image,node_mismatch; link_mismatch; arg_mismatch(4)
24587224,chain,✓,✓,1,video speed changer -> video-to-audio -> audio-to-image,video speed changer -> video-to-audio -> audio-to-image,arg_mismatch(1)
13709432,chain,✗,✗,2,video downloader -> video voiceover -> video speed changer,video downloader -> video speed changer -> video voiceover,node_mismatch; link_mismatch; arg_mismatch(2)
14362314,chain,✗,✗,0,text translator -> text sentiment analysis -> text simplifier,text translator -> text simplifier -> text sentiment analysis,node_mismatch; link_mismatch
37118154,single,✓,✓,1,text-to-image,text-to-image,arg_mismatch(1)
15184687,chain,✓,✗,1,text translator -> text simplifier,text translator -> text simplifier,link_mismatch; arg_mismatch(1)
10816606,dag,✓,✓,1,audio downloader -> keyword extractor -> voice changer,audio downloader -> keyword extractor -> voice changer,arg_mismatch(1)
19694888,single,✓,✓,1,text-to-video,text-to-video,arg_mismatch(1)
28344809,dag,✗,✗,3,text-to-video -> video-to-audio -> audio-to-text -> video voiceover -> video stabilizer,text-to-video -> video-to-text -> video voiceover -> video stabilizer,node_mismatch; link_mismatch; arg_mismatch(3)
13663982,single,✓,✓,1,url extractor,url extractor,arg_mismatch(1)
95344322,chain,✗,✗,3,video speed changer -> video voiceover -> video-to-text,video speed changer -> video voiceover -> video-to-text -> topic generator,node_mismatch; link_mismatch; arg_mismatch(3)
29083818,chain,✗,✗,5,video-to-audio -> audio-to-text -> text translator -> keyword extractor -> text-to-image -> image stitcher,video-to-text -> text translator -> keyword extractor -> text-to-image -> image stitcher,node_mismatch; link_mismatch; arg_mismatch(5)
32841626,chain,✓,✓,1,text-to-video -> video synchronization -> video stabilizer -> video-to-image,text-to-video -> video synchronization -> video stabilizer -> video-to-image,arg_mismatch(1)
14859910,single,✓,✓,1,voice changer,voice changer,arg_mismatch(1)
74061861,single,✓,✓,1,text-to-image,text-to-image,arg_mismatch(1)
85782550,dag,✗,✗,3,text-to-image -> image colorizer -> image stitcher,image colorizer -> image stitcher -> text-to-image,node_mismatch; link_mismatch; arg_mismatch(3)
33533258,chain,✗,✗,2,text-to-image -> image-to-text -> image downloader,text-to-image -> image-to-text -> url extractor -> image downloader,node_mismatch; link_mismatch; arg_mismatch(2)
22715278,chain,✗,✗,4,video-to-audio -> audio-to-text -> text search,text grammar checker -> text search -> text expander -> video search,node_mismatch; link_mismatch; arg_mismatch(4)
84016418,single,✗,✗,2,text-to-video -> video downloader,text-to-video,node_mismatch; link_mismatch; arg_mismatch(2)
14295287,chain,✓,✓,1,video stabilizer -> video synchronization -> video-to-image -> image-to-text -> voice changer,video stabilizer -> video synchronization -> video-to-image -> image-to-text -> voice changer,arg_mismatch(1)
15684197,chain,✗,✗,2,video-to-audio -> audio-to-image -> image-to-video,video-to-text -> text-to-image -> image-to-video,node_mismatch; link_mismatch; arg_mismatch(2)
28177919,dag,✗,✗,3,video synchronization -> video voiceover,video-to-audio -> audio splicer -> video voiceover -> video synchronization,node_mismatch; link_mismatch; arg_mismatch(3)
11785764,single,✓,✓,1,image search,image search,arg_mismatch(1)
16905293,chain,✗,✗,3,text downloader -> text sentiment analysis -> text search -> url extractor -> audio downloader -> video synchronization,text downloader -> text sentiment analysis -> url extractor -> audio downloader -> video synchronization,node_mismatch; link_mismatch; arg_mismatch(3)
45291499,chain,✗,✗,2,audio-to-text -> text sentiment analysis -> text grammar checker -> text summarizer -> text-to-video,audio-to-text -> text sentiment analysis -> text grammar checker -> text-to-video,node_mismatch; link_mismatch; arg_mismatch(2)
30669397,chain,✓,✓,1,text search -> text summarizer,text search -> text summarizer,arg_mismatch(1)
33629099,chain,✗,✗,3,text simplifier -> article spinner -> text grammar checker -> text-to-audio -> audio effects,text simplifier -> article rewriter -> grammar checker -> audio creator,node_mismatch; link_mismatch; arg_mismatch(3)
16541655,chain,✗,✗,2,text summarizer -> text translator -> topic generator -> text-to-audio,text translator -> text summarizer -> topic generator -> text-to-audio,node_mismatch; link_mismatch; arg_mismatch(2)
29697374,chain,✓,✓,1,image-to-video -> video speed changer -> video synchronization -> video voiceover,image-to-video -> video speed changer -> video synchronization -> video voiceover,arg_mismatch(1)
32449590,chain,✓,✗,2,text grammar checker -> url extractor -> image downloader -> image search (by image),text grammar checker -> url extractor -> image downloader -> image search (by image),link_mismatch; arg_mismatch(2)
47152358,single,✗,✓,2,image search (by image) -> image search,image search,node_mismatch; arg_mismatch(2)
21953982,single,✗,✓,1,image downloader,image search,node_mismatch; arg_mismatch(1)
27791495,dag,✗,✗,3,keyword extractor -> image search -> image downloader,text translator -> keyword extractor -> text search -> url extractor -> image downloader,node_mismatch; link_mismatch; arg_mismatch(3)
81607953,chain,✗,✗,2,audio-to-image -> image stitcher -> image-to-video,audio-to-image -> image search (by image) -> image-to-video,node_mismatch; link_mismatch; arg_mismatch(2)
13875356,dag,✗,✗,3,video-to-audio -> audio-to-text -> article spinner -> keyword extractor -> text grammar checker,video-to-text -> article spinner -> keyword extractor -> text grammar checker,node_mismatch; link_mismatch; arg_mismatch(3)
13668490,single,✗,✓,0,text search,web search,node_mismatch
33378522,dag,✗,✗,3,text-to-audio -> keyword extractor -> audio effects,keyword extractor -> text-to-audio -> audio effects -> video synchronization,node_mismatch; link_mismatch; arg_mismatch(3)
12683126,chain,✗,✗,3,audio-to-text -> text-to-image -> image style transfer -> image-to-video,audio-to-image -> image style transfer -> image-to-video,node_mismatch; link_mismatch; arg_mismatch(3)
18260260,chain,✓,✓,1,url extractor -> text downloader -> text sentiment analysis -> audio effects -> audio-to-text -> text summarizer -> text paraphraser -> image search,url extractor -> text downloader -> text sentiment analysis -> audio effects -> audio-to-text -> text summarizer -> text paraphraser -> image search,arg_mismatch(1)
17694934,chain,✓,✓,1,keyword extractor -> text-to-audio -> audio-to-image,keyword extractor -> text-to-audio -> audio-to-image,arg_mismatch(1)
24639891,single,✓,✓,1,video speed changer,video speed changer,arg_mismatch(1)
13666308,single,✓,✓,1,voice changer,voice changer,arg_mismatch(1)
13140442,dag,✗,✗,0,audio-to-text -> text simplifier -> text sentiment analysis -> text-to-image,audio-to-text -> text simplifier -> text sentiment analysis -> image search,node_mismatch; link_mismatch
14867813,chain,✗,✗,2,text sentiment analysis -> audio splicer,text sentiment analysis -> text-to-audio -> audio splicer,node_mismatch; link_mismatch; arg_mismatch(2)
29230372,chain,✗,✗,2,text simplifier -> topic generator -> audio effects,text simplifier -> topic generator -> audio noise reduction -> audio effects,node_mismatch; link_mismatch; arg_mismatch(2)
30684058,chain,✗,✗,3,text simplifier -> image-to-video -> video synchronization,text simplifier -> text sentiment analysis -> text-to-image -> image-to-video -> video synchronization,node_mismatch; link_mismatch; arg_mismatch(3)
28720403,dag,✓,✓,2,text-to-video -> video-to-audio -> audio-to-text -> video speed changer,text-to-video -> video-to-audio -> audio-to-text -> video speed changer,arg_mismatch(2)
31314273,single,✗,✓,2,video search,video search -> video comparison,node_mismatch; arg_mismatch(2)
20883048,chain,✗,✗,1,image-to-text -> article spinner -> text-to-video -> video synchronization,image-to-text -> article spinner -> text-to-video -> video voiceover -> video synchronization,node_mismatch; link_mismatch; arg_mismatch(1)
24587012,chain,✗,✗,2,topic generator -> text-to-audio -> voice changer,text paraphraser -> topic generator -> voice changer,node_mismatch; link_mismatch; arg_mismatch(2)
12449778,chain,✓,✗,1,audio-to-text -> voice changer -> video synchronization,audio-to-text -> voice changer -> video synchronization,link_mismatch; arg_mismatch(1)
13649735,chain,✗,✗,2,text summarizer -> text-to-audio,keyword extractor -> text paraphraser -> text-to-audio,node_mismatch; link_mismatch; arg_mismatch(2)
18943457,chain,✗,✗,4,text summarizer -> text sentiment analysis -> image search,text search -> text summarizer -> text sentiment analysis -> image search,node_mismatch; link_mismatch; arg_mismatch(4)
26750760,chain,✗,✗,1,audio-to-text -> text search -> video voiceover,audio-to-text -> video search -> video voiceover,node_mismatch; link_mismatch; arg_mismatch(1)
31844599,chain,✓,✓,1,url extractor -> text downloader -> text summarizer -> article spinner -> text sentiment analysis -> text paraphraser,url extractor -> text downloader -> text summarizer -> article spinner -> text sentiment analysis -> text paraphraser,arg_mismatch(1)
30149073,chain,✓,✗,1,image-to-text -> video speed changer,image-to-text -> video speed changer,link_mismatch; arg_mismatch(1)
40548358,chain,✗,✗,3,url extractor -> image downloader -> image style transfer,image downloader -> image style transfer -> url extractor,node_mismatch; link_mismatch; arg_mismatch(3)
29045205,chain,✗,✗,2,image-to-text -> text search -> text-to-audio -> audio effects,image-to-text -> text search -> audio effects,node_mismatch; link_mismatch; arg_mismatch(2)
32388389,chain,✓,✓,1,image style transfer -> image stitcher -> image colorizer -> image-to-video -> video stabilizer -> video speed changer,image style transfer -> image stitcher -> image colorizer -> image-to-video -> video stabilizer -> video speed changer,arg_mismatch(1)
15645994,chain,✗,✗,2,topic generator -> text translator -> video search,text translator -> topic generator -> video search,node_mismatch; link_mismatch; arg_mismatch(2)
32089993,dag,✓,✗,2,audio downloader -> audio-to-text -> text-to-image -> video speed changer,audio downloader -> audio-to-text -> text-to-image -> video speed changer,link_mismatch; arg_mismatch(2)
48615624,chain,✗,✗,1,audio-to-image -> image search (by image) -> image-to-text -> video stabilizer,audio-to-image -> image search (by image) -> image-to-text -> text-to-video -> video stabilizer -> video-to-text,node_mismatch; link_mismatch; arg_mismatch(1)
96665066,chain,✗,✗,3,keyword extractor -> image search -> video search -> audio search,topic generator -> text-to-image -> text-to-audio -> audio noise reduction,node_mismatch; link_mismatch; arg_mismatch(3)
19771420,chain,✗,✗,3,video-to-audio -> audio-to-image -> image search (by image),video downloader -> video-to-audio -> audio-to-image -> image search (by image),node_mismatch; link_mismatch; arg_mismatch(3)
28128488,dag,✗,✗,2,text translator -> image downloader -> text-to-image -> image stitcher,text translator -> text-to-image -> image downloader -> image stitcher,node_mismatch; link_mismatch; arg_mismatch(2)
34027462,chain,✗,✗,3,text summarizer -> text translator -> text expander,keyword extractor -> web searcher -> text downloader,node_mismatch; link_mismatch; arg_mismatch(3)
22865880,chain,✗,✗,3,audio splicer -> voice changer,audio downloader -> audio splicer -> voice changer,node_mismatch; link_mismatch; arg_mismatch(3)
26489637,chain,✗,✗,3,video-to-image -> image-to-text -> text grammar checker -> audio effects,audio effects -> image-to-text -> text grammar checker -> video-to-image,node_mismatch; link_mismatch; arg_mismatch(3)
32172235,chain,✓,✓,1,text translator -> article spinner -> url extractor -> text downloader -> text paraphraser -> text-to-image,text translator -> article spinner -> url extractor -> text downloader -> text paraphraser -> text-to-image,arg_mismatch(1)
26527627,chain,✓,✓,1,keyword extractor -> text translator -> text expander,keyword extractor -> text translator -> text expander,arg_mismatch(1)
43929672,chain,✓,✓,1,video-to-audio -> audio effects -> video synchronization,video-to-audio -> audio effects -> video synchronization,arg_mismatch(1)
12617049,single,✓,✓,1,video search,video search,arg_mismatch(1)
14200501,chain,✗,✗,3,audio-to-text -> text sentiment analysis -> text grammar checker -> text search -> video speed changer -> video-to-text,audio-to-text -> text sentiment analysis -> text grammar checker -> video search -> video speed changer -> video-to-text,node_mismatch; link_mismatch; arg_mismatch(3)
16224098,chain,✓,✗,1,image downloader -> image search (by image) -> image-to-text,image downloader -> image search (by image) -> image-to-text,link_mismatch; arg_mismatch(1)
33651539,chain,✗,✗,2,video-to-audio -> audio-to-text -> text sentiment analysis,video-to-text -> text sentiment analysis,node_mismatch; link_mismatch; arg_mismatch(2)
28950071,single,✗,✗,1,text search -> url extractor,text search,node_mismatch; link_mismatch; arg_mismatch(1)
27209117,chain,✗,✗,3,video stabilizer -> video speed changer -> video-to-audio -> audio-to-text -> text summarizer,video stabilizer -> video speed changer -> video-to-text -> text summarizer,node_mismatch; link_mismatch; arg_mismatch(3)
32495633,single,✓,✓,1,text-to-video,text-to-video,arg_mismatch(1)
18879108,single,✓,✓,1,topic generator,topic generator,arg_mismatch(1)
12191062,chain,✓,✓,1,url extractor -> image downloader -> image-to-text -> image search,url extractor -> image downloader -> image-to-text -> image search,arg_mismatch(1)
66461401,chain,✗,✗,3,video search -> video voiceover,text search -> url extractor -> video downloader -> video voiceover,node_mismatch; link_mismatch; arg_mismatch(3)
27915128,chain,✗,✗,2,text grammar checker -> text summarizer -> text-to-audio -> audio effects,text grammar checker -> text summarizer -> text to speech -> audio effects,node_mismatch; link_mismatch; arg_mismatch(2)
15062062,chain,✓,✗,1,text paraphraser -> keyword extractor -> text expander,text paraphraser -> keyword extractor -> text expander,link_mismatch; arg_mismatch(1)
15243135,chain,✗,✗,6,audio downloader -> audio splicer -> video synchronization -> video speed changer -> video stabilizer,audio downloader -> audio noise reduction -> audio splicer -> video synchronization -> video speed changer -> video stabilizer,node_mismatch; link_mismatch; arg_mismatch(6)
22540412,chain,✗,✗,6,audio splicer -> audio-to-image -> image-to-text -> keyword extractor -> text search,audio downloader -> audio splicer -> audio-to-image -> image-to-text -> keyword extractor -> text search,node_mismatch; link_mismatch; arg_mismatch(6)
12322145,single,✓,✓,1,video downloader,video downloader,arg_mismatch(1)
11784901,chain,✓,✓,1,audio downloader -> audio effects -> audio noise reduction -> audio-to-image,audio downloader -> audio effects -> audio noise reduction -> audio-to-image,arg_mismatch(1)
30896328,single,✓,✓,1,text-to-video,text-to-video,arg_mismatch(1)
45285197,single,✗,✗,2,text-to-image -> image-to-video,text-to-video,node_mismatch; link_mismatch; arg_mismatch(2)
32485307,dag,✗,✗,2,text grammar checker -> text paraphraser -> topic generator -> text-to-video,text grammar checker -> article spinner -> text-to-video -> topic generator,node_mismatch; link_mismatch; arg_mismatch(2)
18277369,single,✗,✓,1,audio effects,audio enhancements,node_mismatch; arg_mismatch(1)
21894807,chain,✓,✓,1,audio downloader -> audio noise reduction -> voice changer,audio downloader -> audio noise reduction -> voice changer,arg_mismatch(1)
20563090,chain,✗,✗,5,keyword extractor -> text search -> url extractor -> text downloader -> text search -> voice changer,keyword extractor -> url extractor -> text downloader -> text search -> voice changer,node_mismatch; link_mismatch; arg_mismatch(5)
20200359,chain,✓,✓,1,text grammar checker -> video voiceover,text grammar checker -> video voiceover,arg_mismatch(1)
15331631,chain,✗,✗,3,text summarizer -> text-to-audio -> video-to-audio -> video synchronization -> text-to-video,keyword extractor -> text summarizer -> video voiceover,node_mismatch; link_mismatch; arg_mismatch(3)
23650316,single,✗,✗,1,text-to-image -> image-to-video,text-to-video,node_mismatch; link_mismatch; arg_mismatch(1)
22780257,chain,✗,✗,6,text paraphraser -> text search -> video speed changer -> video synchronization -> video stabilizer,text downloader -> text expander -> text paraphraser -> text search -> url extractor -> video speed changer -> video synchronization -> video stabilizer,node_mismatch; link_mismatch; arg_mismatch(6)
94032476,chain,✓,✓,1,text search -> audio effects -> audio-to-image,text search -> audio effects -> audio-to-image,arg_mismatch(1)
18140575,chain,✗,✗,5,audio-to-image -> image style transfer -> image colorizer -> image-to-video -> video speed changer,audio downloader -> audio-to-image -> image style transfer -> image colorizer -> image-to-video -> video speed changer,node_mismatch; link_mismatch; arg_mismatch(5)
15901328,single,✓,✓,1,video speed changer,video speed changer,arg_mismatch(1)
31318878,chain,✗,✗,1,image-to-video -> video voiceover -> video-to-text,image-to-video -> video synchronization -> video-to-text,node_mismatch; link_mismatch; arg_mismatch(1)
93245973,chain,✗,✗,3,text search -> video search,text simplifier -> text paraphraser -> topic generator -> video search -> video filter,node_mismatch; link_mismatch; arg_mismatch(3)
25507214,chain,✗,✗,2,text search -> image search,text search -> url extractor -> text downloader -> image search,node_mismatch; link_mismatch; arg_mismatch(2)
11721630,chain,✗,✗,1,video search,text simplifier -> text expander -> video search,node_mismatch; link_mismatch; arg_mismatch(1)
32838334,single,✓,✓,1,url extractor,url extractor,arg_mismatch(1)
25058617,chain,✗,✗,4,video search -> video-to-audio -> audio-to-text -> text sentiment analysis,text sentiment analysis -> video search -> video-to-text,node_mismatch; link_mismatch; arg_mismatch(4)
22245631,chain,✗,✗,5,video downloader -> video-to-text -> keyword extractor -> audio effects -> audio noise reduction -> audio-to-image -> image-to-video,file downloader -> video-to-text -> keyword extractor -> apply audio effects based on keywords -> background noise reduction -> audio-to-image: generate waveform -> create slideshow video,node_mismatch; link_mismatch; arg_mismatch(5)
14864351,chain,✓,✓,3,audio effects -> audio splicer -> voice changer -> audio-to-image,audio effects -> audio splicer -> voice changer -> audio-to-image,arg_mismatch(3)
17474824,chain,✗,✗,5,audio noise reduction -> video-to-audio -> video synchronization -> video stabilizer -> video voiceover,audio noise reduction -> video stabilizer -> video synchronization -> video voiceover,node_mismatch; link_mismatch; arg_mismatch(5)
23136395,chain,✗,✗,2,video-to-audio -> audio-to-text -> text-to-image -> image-to-video -> video-to-image,video stabilizer -> video-to-text -> text-to-image -> image-to-video -> video-to-image,node_mismatch; link_mismatch; arg_mismatch(2)
27385096,chain,✗,✗,4,video-to-audio -> audio-to-text -> image-to-text -> text simplifier -> text-to-audio,video-to-image -> image-to-video -> video-to-text -> text simplifier -> text sentiment analysis -> text-to-audio,node_mismatch; link_mismatch; arg_mismatch(4)
64212995,chain,✗,✗,2,text translator -> topic generator -> text-to-audio,text translator -> topic generator -> voice changer,node_mismatch; link_mismatch; arg_mismatch(2)
17366949,chain,✗,✗,3,audio effects -> audio-to-image,url extractor -> audio downloader -> audio effects -> audio-to-image,node_mismatch; link_mismatch; arg_mismatch(3)
30475895,chain,✗,✗,4,video search -> video-to-image -> image style transfer,image style transfer -> text summarizer -> video search -> video-to-image,node_mismatch; link_mismatch; arg_mismatch(4)
16580954,chain,✓,✗,1,video stabilizer -> video-to-audio -> video synchronization,video stabilizer -> video-to-audio -> video synchronization,link_mismatch; arg_mismatch(1)
74124211,chain,✗,✗,4,video-to-audio -> audio-to-text -> text paraphraser -> video voiceover -> video synchronization,video-to-text -> article spinner -> text-to-video -> synthesize speech -> add voiceover to video,node_mismatch; link_mismatch; arg_mismatch(4)
16524519,single,✗,✓,0,text search,news search,node_mismatch
22345826,chain,✗,✗,2,text translator -> text simplifier -> text-to-image -> image stitcher,text translator -> text simplifier -> text-to-image -> image colorizer -> image search (by image) -> image stitcher,node_mismatch; link_mismatch; arg_mismatch(2)
33192675,chain,✗,✗,2,video-to-audio -> video synchronization,video downloader -> video synchronization -> video-to-text,node_mismatch; link_mismatch; arg_mismatch(2)
33547704,chain,✗,✗,3,video-to-audio -> audio noise reduction -> video synchronization -> video stabilizer,audio noise reduction -> video stabilizer -> video synchronization -> video-to-audio,node_mismatch; link_mismatch; arg_mismatch(3)
14766471,chain,✗,✗,1,image-to-text -> text translator -> text summarizer,image-to-text -> text translator -> text summarizer -> text paraphraser,node_mismatch; link_mismatch; arg_mismatch(1)
19726743,single,✓,✓,1,text sentiment analysis,text sentiment analysis,arg_mismatch(1)
19706667,chain,✗,✗,3,article spinner -> text search -> keyword extractor -> text-to-audio -> audio effects,article spinner -> text search -> keyword extractor -> audio effects,node_mismatch; link_mismatch; arg_mismatch(3)
98462948,chain,✗,✗,3,video-to-audio -> audio-to-text -> article spinner -> text sentiment analysis,video-to-text -> article spinner -> text sentiment analysis,node_mismatch; link_mismatch; arg_mismatch(3)
81448950,chain,✗,✗,3,video-to-audio -> audio-to-text -> topic generator -> video search,video-to-text -> topic generator -> text search -> video search,node_mismatch; link_mismatch; arg_mismatch(3)
10906609,single,✓,✓,1,text expander,text expander,arg_mismatch(1)
24262397,chain,✗,✗,1,article spinner,text paraphraser -> article spinner -> text expander,node_mismatch; link_mismatch; arg_mismatch(1)
20373677,chain,✓,✓,1,text paraphraser -> text simplifier -> keyword extractor -> text expander -> video speed changer,text paraphraser -> text simplifier -> keyword extractor -> text expander -> video speed changer,arg_mismatch(1)
80365998,chain,✗,✗,4,video-to-audio -> voice changer -> audio noise reduction -> audio splicer,video downloader -> video-to-audio -> voice changer -> audio splicer -> audio noise reduction,node_mismatch; link_mismatch; arg_mismatch(4)
83462799,chain,✓,✗,1,image downloader -> image search (by image) -> image-to-text,image downloader -> image search (by image) -> image-to-text,link_mismatch; arg_mismatch(1)
26301712,single,✓,✓,1,text-to-audio,text-to-audio,arg_mismatch(1)
65727901,chain,✗,✗,4,text-to-image -> image style transfer -> image search -> image stitcher,text-to-image -> image colorizer -> image style transfer -> image search (by image) -> image stitcher,node_mismatch; link_mismatch; arg_mismatch(4)
19264230,chain,✓,✓,1,url extractor -> video downloader -> video stabilizer -> video-to-image -> image style transfer -> image search (by image),url extractor -> video downloader -> video stabilizer -> video-to-image -> image style transfer -> image search (by image),arg_mismatch(1)
29683785,chain,✗,✗,4,text simplifier -> video search -> video-to-audio -> audio-to-text -> text paraphraser,text simplifier -> video search -> video-to-text -> text paraphraser,node_mismatch; link_mismatch; arg_mismatch(4)
17927452,chain,✗,✗,2,audio splicer -> audio-to-image -> image-to-text -> text-to-image,audio splicer -> audio-to-image -> image colorizer -> image-to-text -> text-to-image,node_mismatch; link_mismatch; arg_mismatch(2)
24349553,chain,✗,✗,2,image search (by image) -> image-to-text,image downloader -> image search (by image) -> image-to-text,node_mismatch; link_mismatch; arg_mismatch(2)
28222740,dag,✗,✗,4,image-to-text -> audio-to-text -> text summarizer,audio-to-text -> image-to-text -> text expander -> text expander -> text combiner,node_mismatch; link_mismatch; arg_mismatch(4)
18428719,chain,✗,✗,1,image-to-video -> video-to-audio -> audio-to-text,image-to-video -> video stabilizer -> video-to-text,node_mismatch; link_mismatch; arg_mismatch(1)
28316271,chain,✓,✓,2,url extractor -> text downloader -> video voiceover -> video speed changer,url extractor -> text downloader -> video voiceover -> video speed changer,arg_mismatch(2)
32983669,chain,✗,✗,4,video speed changer -> video-to-image -> image colorizer,text sentiment analysis -> video speed changer -> video-to-image -> image colorizer,node_mismatch; link_mismatch; arg_mismatch(4)
18545611,chain,✓,✓,2,voice changer -> audio effects,voice changer -> audio effects,arg_mismatch(2)
28660541,chain,✓,✓,1,topic generator -> text expander,topic generator -> text expander,arg_mismatch(1)
65333173,single,✗,✗,2,text search -> text summarizer,text search,node_mismatch; link_mismatch; arg_mismatch(2)
22969246,single,✓,✓,1,video search,video search,arg_mismatch(1)
24093823,chain,✓,✓,1,video voiceover -> video synchronization -> video-to-image,video voiceover -> video synchronization -> video-to-image,arg_mismatch(1)
16304332,chain,✗,✗,6,audio effects -> audio-to-text -> url extractor -> text downloader -> text-to-audio,audio downloader -> audio effects -> audio-to-text -> url extractor -> text downloader -> text-to-audio,node_mismatch; link_mismatch; arg_mismatch(6)
79094671,dag,✓,✗,1,audio downloader -> audio noise reduction -> video voiceover -> video synchronization,audio downloader -> audio noise reduction -> video voiceover -> video synchronization,link_mismatch; arg_mismatch(1)
18893683,chain,✗,✗,5,text-to-video -> video-to-audio -> audio-to-text -> keyword extractor -> text paraphraser -> video speed changer,text-to-video -> video-to-text -> keyword extractor -> text paraphraser -> video speed changer,node_mismatch; link_mismatch; arg_mismatch(5)
41816513,chain,✓,✗,0,image downloader -> image search (by image) -> image-to-video -> video-to-image -> image colorizer -> image stitcher,image downloader -> image search (by image) -> image-to-video -> video-to-image -> image colorizer -> image stitcher,link_mismatch
18885124,chain,✗,✗,2,text translator -> keyword extractor -> text summarizer,text summarizer -> text translator -> text grammar checker -> keyword extractor,node_mismatch; link_mismatch; arg_mismatch(2)
12264308,chain,✗,✗,2,text-to-image -> image-to-video -> video voiceover,topic generator -> text simplifier -> text-to-video,node_mismatch; link_mismatch; arg_mismatch(2)
32334468,chain,✗,✗,5,image search (by image) -> image stitcher -> audio downloader -> audio effects -> voice changer -> video synchronization,text downloader -> audio effects -> voice changer -> image search (by image) -> image stitcher -> image-to-video,node_mismatch; link_mismatch; arg_mismatch(5)
11732605,single,✗,✓,1,text-to-audio,text-to-audio -> save file,node_mismatch; arg_mismatch(1)
17210672,chain,✗,✗,4,audio-to-text -> text summarizer -> text translator -> text-to-audio -> audio splicer,audio splicer -> audio-to-text -> text summarizer -> text translator -> text-to-audio,node_mismatch; link_mismatch; arg_mismatch(4)
19327868,chain,✗,✗,3,text simplifier -> image search,text summarizer -> text paraphraser -> image search,node_mismatch; link_mismatch; arg_mismatch(3)
20214529,dag,✗,✗,1,video speed changer -> video-to-image -> video-to-audio,video speed changer -> video-to-audio -> video-to-image,node_mismatch; link_mismatch; arg_mismatch(1)
62072961,chain,✗,✗,2,text-to-audio,text-to-audio -> voice changer,node_mismatch; link_mismatch; arg_mismatch(2)
15954172,chain,✗,✗,3,video-to-audio -> audio-to-text -> text summarizer -> text-to-audio,video-to-text -> topic generator -> voice changer,node_mismatch; link_mismatch; arg_mismatch(3)
11577364,chain,✗,✗,3,image colorizer -> image-to-video -> video-to-audio -> audio-to-text -> text search -> text simplifier,image colorizer -> image-to-video -> video-to-text -> text search -> text simplifier,node_mismatch; link_mismatch; arg_mismatch(3)
14910866,chain,✗,✗,2,text downloader -> text-to-audio -> video search,text downloader -> text-to-speech -> video creator -> video search,node_mismatch; link_mismatch; arg_mismatch(2)
25798412,chain,✓,✗,5,text paraphraser -> text sentiment analysis -> article spinner -> video search -> video stabilizer -> video speed changer,text paraphraser -> text sentiment analysis -> article spinner -> video search -> video stabilizer -> video speed changer,link_mismatch; arg_mismatch(5)
16990083,chain,✓,✓,1,audio effects -> audio-to-text -> text paraphraser -> text-to-video,audio effects -> audio-to-text -> text paraphraser -> text-to-video,arg_mismatch(1)
11441163,single,✓,✓,1,voice changer,voice changer,arg_mismatch(1)
13868258,chain,✗,✗,1,text summarizer -> text-to-image -> image stitcher -> video voiceover,text summarizer -> text-to-video,node_mismatch; link_mismatch; arg_mismatch(1)
29733062,chain,✗,✗,2,text translator -> text simplifier -> keyword extractor,article spinner -> text translator -> keyword extractor,node_mismatch; link_mismatch; arg_mismatch(2)
14002570,single,✓,✓,1,article spinner,article spinner,arg_mismatch(1)
15953063,single,✓,✓,1,url extractor,url extractor,arg_mismatch(1)
88699585,chain,✗,✗,4,video synchronization -> voice changer -> audio splicer -> audio noise reduction,video synchronization -> video-to-audio -> voice changer -> audio splicer -> audio noise reduction,node_mismatch; link_mismatch; arg_mismatch(4)
25637431,dag,✗,✗,3,text translator -> image style transfer -> video voiceover,text translator -> text-to-image -> image style transfer -> video voiceover,node_mismatch; link_mismatch; arg_mismatch(3)
70079161,single,✗,✗,1,video-to-audio -> audio-to-text,video-to-text,node_mismatch; link_mismatch; arg_mismatch(1)
19981620,single,✓,✓,1,keyword extractor,keyword extractor,arg_mismatch(1)
15859449,chain,✗,✗,2,text search -> image search,topic generator -> text expander -> text summarizer -> image search,node_mismatch; link_mismatch; arg_mismatch(2)
25880162,chain,✗,✗,2,text sentiment analysis -> topic generator,text simplifier -> text sentiment analysis -> topic generator,node_mismatch; link_mismatch; arg_mismatch(2)
19655972,chain,✗,✗,3,video-to-audio -> audio-to-text -> text simplifier,video-to-audio -> audio-to-text -> text simplifier -> text rewriter,node_mismatch; link_mismatch; arg_mismatch(3)
23493739,chain,✗,✗,4,image stitcher -> image search (by image) -> image colorizer,image downloader -> image stitcher -> image search (by image) -> image colorizer,node_mismatch; link_mismatch; arg_mismatch(4)
56199193,chain,✗,✗,1,video-to-audio -> video synchronization -> audio-to-text -> video voiceover,video-to-audio -> video synchronization -> video-to-text -> video voiceover,node_mismatch; link_mismatch; arg_mismatch(1)
29280374,chain,✗,✗,5,text downloader -> keyword extractor -> text sentiment analysis -> text grammar checker -> text simplifier -> text summarizer,text downloader -> text sentiment analysis -> text grammar checker -> text simplifier -> article spinner -> text summarizer,node_mismatch; link_mismatch; arg_mismatch(5)
10125386,chain,✗,✗,1,text-to-audio -> audio noise reduction,text paraphraser -> text-to-audio,node_mismatch; link_mismatch; arg_mismatch(1)
19112851,chain,✗,✗,1,text downloader -> text simplifier -> text-to-image,text downloader -> text simplifier -> text-to-image -> image colorizer,node_mismatch; link_mismatch; arg_mismatch(1)
21978180,single,✓,✓,1,text search,text search,arg_mismatch(1)
19719415,chain,✗,✗,7,image downloader -> image style transfer -> image search (by image) -> image-to-video -> video speed changer -> video-to-audio,url extractor -> image downloader -> image style transfer -> image search (by image) -> image-to-video -> video speed changer -> video-to-audio,node_mismatch; link_mismatch; arg_mismatch(7)
21022040,chain,✓,✓,1,text downloader -> text translator -> video speed changer,text downloader -> text translator -> video speed changer,arg_mismatch(1)
24635315,dag,✗,✗,4,video-to-image -> text-to-image -> text sentiment analysis -> image stitcher,video downloader -> video-to-text -> text sentiment analysis -> text translator -> video-to-image -> image stitcher -> image-to-text,node_mismatch; link_mismatch; arg_mismatch(4)
14946218,chain,✗,✗,1,text paraphraser,text paraphraser -> article spinner,node_mismatch; link_mismatch; arg_mismatch(1)
30947518,chain,✓,✗,1,audio-to-image -> image style transfer -> image search (by image) -> image-to-video,audio-to-image -> image style transfer -> image search (by image) -> image-to-video,link_mismatch; arg_mismatch(1)
21352559,chain,✓,✓,1,audio effects -> audio splicer,audio effects -> audio splicer,arg_mismatch(1)
13267438,chain,✓,✓,1,text sentiment analysis -> video speed changer -> video-to-image -> image search (by image) -> image style transfer,text sentiment analysis -> video speed changer -> video-to-image -> image search (by image) -> image style transfer,arg_mismatch(1)
19572810,chain,✗,✗,5,video-to-audio -> audio-to-text -> text grammar checker -> text paraphraser -> video voiceover,article spinner -> text grammar checker -> video voiceover -> video-to-text,node_mismatch; link_mismatch; arg_mismatch(5)
51435223,chain,✗,✗,3,text translator -> text-to-audio -> video synchronization,article spinner -> text translator -> video voiceover -> video synchronization,node_mismatch; link_mismatch; arg_mismatch(3)
57553899,chain,✗,✗,3,audio-to-image -> audio-to-text,audio downloader -> audio-to-image -> image colorizer -> morse-to-text,node_mismatch; link_mismatch; arg_mismatch(3)
12257760,single,✓,✓,1,video speed changer,video speed changer,arg_mismatch(1)
33235938,chain,✓,✓,1,audio splicer -> voice changer -> video synchronization,audio splicer -> voice changer -> video synchronization,arg_mismatch(1)
10156952,single,✓,✓,1,text-to-audio,text-to-audio,arg_mismatch(1)
29464938,chain,✓,✗,1,video synchronization -> video-to-audio -> audio-to-text -> text sentiment analysis -> keyword extractor -> image search,video synchronization -> video-to-audio -> audio-to-text -> text sentiment analysis -> keyword extractor -> image search,link_mismatch; arg_mismatch(1)
26431304,chain,✗,✗,1,video-to-audio -> audio effects -> voice changer -> audio splicer -> video synchronization -> audio-to-text,video-to-audio -> audio effects -> voice changer -> audio splicer -> video synchronization -> video-to-text,node_mismatch; link_mismatch; arg_mismatch(1)
55882575,chain,✗,✗,3,text paraphraser -> text search -> text expander -> video voiceover,text paraphraser -> text search -> video voiceover,node_mismatch; link_mismatch; arg_mismatch(3)
26183507,chain,✗,✗,3,text-to-video -> video voiceover,text search -> text-to-video -> video voiceover,node_mismatch; link_mismatch; arg_mismatch(3)
18087059,chain,✗,✗,2,text simplifier -> text-to-image,topic generator -> text sentiment analysis -> text expander -> text simplifier -> text-to-image,node_mismatch; link_mismatch; arg_mismatch(2)
31537999,single,✗,✗,1,video-to-audio -> audio-to-text,video-to-text,node_mismatch; link_mismatch; arg_mismatch(1)
10938167,chain,✗,✗,3,video-to-audio -> audio-to-text -> text grammar checker -> video search,video-to-text -> text grammar checker -> video search,node_mismatch; link_mismatch; arg_mismatch(3)
36434680,chain,✗,✗,3,image downloader -> image colorizer,url extractor -> image downloader -> image colorizer,node_mismatch; link_mismatch; arg_mismatch(3)
30532771,chain,✗,✗,3,video-to-audio -> audio-to-text -> text grammar checker -> text-to-image,video-to-text -> text grammar checker -> text-to-image,node_mismatch; link_mismatch; arg_mismatch(3)
10010819,single,✗,✓,2,text-to-image -> text-to-image,text-to-image,node_mismatch; arg_mismatch(2)
25620758,single,✗,✗,1,url extractor -> text search,url extractor,node_mismatch; link_mismatch; arg_mismatch(1)
26714152,single,✓,✓,1,topic generator,topic generator,arg_mismatch(1)
27880438,chain,✓,✓,1,keyword extractor -> text-to-image -> image stitcher,keyword extractor -> text-to-image -> image stitcher,arg_mismatch(1)
89103484,chain,✗,✗,3,text simplifier -> text summarizer -> image style transfer,text simplifier -> text summarizer -> text-to-image -> image style transfer,node_mismatch; link_mismatch; arg_mismatch(3)
16202252,chain,✗,✗,4,text-to-image -> image search (by image) -> image stitcher,image search (by image) -> image stitcher -> text simplifier -> text-to-video -> video-to-image,node_mismatch; link_mismatch; arg_mismatch(4)
27568601,chain,✗,✗,1,audio-to-text -> voice changer -> audio-to-text -> keyword extractor,audio downloader -> voice changer -> audio-to-text -> keyword extractor,node_mismatch; link_mismatch; arg_mismatch(1)
76505624,chain,✗,✗,1,text-to-image,text expander -> topic generator -> url extractor -> image downloader,node_mismatch; link_mismatch; arg_mismatch(1)
14821102,single,✓,✓,1,text-to-image,text-to-image,arg_mismatch(1)
95683285,chain,✗,✗,3,video-to-audio -> audio-to-text -> text summarizer -> text sentiment analysis,video-to-text -> text summarizer -> text sentiment analysis,node_mismatch; link_mismatch; arg_mismatch(3)
10135975,chain,✗,✗,7,video stabilizer -> video-to-audio -> video synchronization -> audio-to-text -> topic generator -> image search,video synchronization -> video stabilizer -> video-to-text -> text translator -> text grammar checker -> text summarizer -> image search,node_mismatch; link_mismatch; arg_mismatch(7)
72028366,chain,✗,✗,3,text summarizer -> url extractor -> text downloader -> video speed changer,url extractor -> text downloader -> text summarizer -> video speed changer,node_mismatch; link_mismatch; arg_mismatch(3)
16519669,dag,✗,✗,3,text simplifier -> keyword extractor -> url extractor,text sentiment analysis -> text simplifier -> keyword extractor -> url extractor,node_mismatch; link_mismatch; arg_mismatch(3)
15739593,chain,✓,✗,2,keyword extractor -> text grammar checker -> text summarizer -> video speed changer,keyword extractor -> text grammar checker -> text summarizer -> video speed changer,link_mismatch; arg_mismatch(2)
70041894,chain,✓,✓,1,text simplifier -> text-to-image -> image stitcher -> image-to-video,text simplifier -> text-to-image -> image stitcher -> image-to-video,arg_mismatch(1)
66313243,chain,✓,✗,2,audio downloader -> audio noise reduction -> video synchronization -> video-to-text,audio downloader -> audio noise reduction -> video synchronization -> video-to-text,link_mismatch; arg_mismatch(2)
25274864,chain,✓,✓,1,url extractor -> text downloader -> text-to-image -> image-to-text -> text grammar checker -> voice changer,url extractor -> text downloader -> text-to-image -> image-to-text -> text grammar checker -> voice changer,arg_mismatch(1)
25455535,chain,✓,✓,1,text-to-video -> video stabilizer -> video-to-audio -> audio effects,text-to-video -> video stabilizer -> video-to-audio -> audio effects,arg_mismatch(1)
27339101,single,✓,✓,1,image search,image search,arg_mismatch(1)
71554624,single,✓,✓,1,text expander,text expander,arg_mismatch(1)
34017871,chain,✗,✗,1,video search,topic generator -> text expander -> url extractor -> video downloader,node_mismatch; link_mismatch; arg_mismatch(1)
15037969,dag,✗,✗,4,voice changer -> audio effects -> audio splicer,audio effects -> audio merger -> voice transformation -> voice changer,node_mismatch; link_mismatch; arg_mismatch(4)
11689255,chain,✗,✗,2,text downloader -> video voiceover -> topic generator,text downloader -> video voiceover creator -> video-to-text converter -> topic generator,node_mismatch; link_mismatch; arg_mismatch(2)
47944084,dag,✗,✗,4,text-to-video -> text sentiment analysis -> text summarizer,article spinner -> text sentiment analysis -> text summarizer -> text-to-video,node_mismatch; link_mismatch; arg_mismatch(4)
27575459,chain,✗,✗,4,video search -> video-to-audio -> audio-to-text -> audio effects,audio effects -> video search -> video-to-text,node_mismatch; link_mismatch; arg_mismatch(4)
28658312,dag,✓,✓,1,image downloader -> image style transfer -> text-to-image -> image stitcher,image downloader -> image style transfer -> text-to-image -> image stitcher,arg_mismatch(1)
80616228,chain,✗,✗,3,video stabilizer -> video-to-audio -> audio noise reduction -> audio-to-text -> text expander -> video voiceover,video stabilizer -> video-to-text -> text expander -> video voiceover,node_mismatch; link_mismatch; arg_mismatch(3)
29869347,single,✓,✓,1,voice changer,voice changer,arg_mismatch(1)
12843922,chain,✗,✗,2,video-to-audio -> audio-to-text -> text search,video-to-text -> text search,node_mismatch; link_mismatch; arg_mismatch(2)
18084439,chain,✓,✗,1,image-to-text -> text-to-video -> video-to-text -> keyword extractor -> text-to-image -> image-to-video,image-to-text -> text-to-video -> video-to-text -> keyword extractor -> text-to-image -> image-to-video,link_mismatch; arg_mismatch(1)
23821547,chain,✗,✗,3,text-to-video -> video stabilizer -> video synchronization,text-to-image -> text-to-audio -> audio splicer -> image-to-video -> video stabilizer,node_mismatch; link_mismatch; arg_mismatch(3)
25080394,chain,✗,✗,0,text simplifier -> text-to-audio -> audio splicer,text simplifier -> text-to-audio -> audio effects,node_mismatch; link_mismatch
90740134,single,✗,✗,2,text-to-image -> image-to-video,text-to-video,node_mismatch; link_mismatch; arg_mismatch(2)
70814638,single,✓,✓,1,text-to-audio,text-to-audio,arg_mismatch(1)
32426387,chain,✗,✗,1,audio-to-text -> text summarizer -> text sentiment analysis -> keyword extractor -> text-to-video,audio-to-text -> text sentiment analysis -> text summarizer -> keyword extractor -> text-to-video -> video stabilizer,node_mismatch; link_mismatch; arg_mismatch(1)
23147920,chain,✗,✗,1,image search,text sentiment analysis -> keyword extractor -> text expander -> image search,node_mismatch; link_mismatch; arg_mismatch(1)
98884122,chain,✗,✗,2,image search (by image) -> image-to-text,image downloader -> image search (by image) -> image-to-text,node_mismatch; link_mismatch; arg_mismatch(2)
27452509,dag,✗,✗,3,text-to-video -> video-to-audio -> audio-to-text -> text sentiment analysis -> audio effects,text-to-video -> video-to-text -> text sentiment analysis -> audio effects,node_mismatch; link_mismatch; arg_mismatch(3)
32599121,chain,✓,✗,1,text translator -> topic generator -> text summarizer,text translator -> topic generator -> text summarizer,link_mismatch; arg_mismatch(1)
29063654,chain,✗,✗,4,image-to-video -> video-to-image -> image-to-text,image colorizer -> image-to-video -> video-to-image -> image-to-text,node_mismatch; link_mismatch; arg_mismatch(4)
31095306,chain,✗,✗,3,text summarizer -> text-to-audio,text sentiment analysis -> text grammar checker -> keyword extractor -> text-to-audio,node_mismatch; link_mismatch; arg_mismatch(3)
17216080,dag,✗,✗,6,video speed changer -> video stabilizer -> video-to-audio -> audio effects -> audio-to-text,video-to-text -> video speed changer -> video stabilizer -> video-to-audio -> voice changer -> audio-to-text,node_mismatch; link_mismatch; arg_mismatch(6)
11376966,dag,✗,✗,3,image search (by image) -> image-to-video,image downloader -> image search (by image) -> image-to-video,node_mismatch; link_mismatch; arg_mismatch(3)
88308931,chain,✗,✗,5,url extractor -> audio downloader -> audio splicer -> audio effects,text grammar checker -> url extractor -> audio downloader -> audio splicer -> audio effects,node_mismatch; link_mismatch; arg_mismatch(5)
90481571,chain,✓,✓,1,url extractor -> video downloader,url extractor -> video downloader,arg_mismatch(1)
33787084,single,✓,✓,1,image search,image search,arg_mismatch(1)
26869361,dag,✗,✗,2,image-to-text -> keyword extractor -> text-to-audio -> video voiceover,image-to-text -> keyword extractor -> video voiceover,node_mismatch; link_mismatch; arg_mismatch(2)
22162515,chain,✗,✗,1,article spinner -> text-to-image,article spinner -> image search,node_mismatch; link_mismatch; arg_mismatch(1)
14151678,chain,✗,✗,3,video-to-image -> image-to-text -> text summarizer,image-to-text -> text summarizer -> video-to-image,node_mismatch; link_mismatch; arg_mismatch(3)
29698304,chain,✗,✗,2,image stitcher,text-to-image -> image stitcher -> image search (by image) -> image-to-video,node_mismatch; link_mismatch; arg_mismatch(2)
33485777,single,✓,✓,1,video speed changer,video speed changer,arg_mismatch(1)
47861381,chain,✗,✗,3,video-to-audio -> audio-to-text -> video voiceover -> video-to-audio,video-to-text -> video voiceover -> video-to-audio,node_mismatch; link_mismatch; arg_mismatch(3)
16401676,chain,✗,✗,4,text downloader -> video voiceover -> video synchronization -> video-to-image -> image-to-video,extract text from webpage -> create video voiceover -> sync video with voiceover -> extract still frame -> create slideshow,node_mismatch; link_mismatch; arg_mismatch(4)
69067889,single,✓,✓,1,text search,text search,arg_mismatch(1)
95008606,chain,✗,✗,3,text expander -> text-to-audio -> text translator -> text translator -> video search -> video synchronization -> video voiceover,text expander -> text-to-audio -> audio-to-text -> text translator -> video search -> video synchronization -> video voiceover,node_mismatch; link_mismatch; arg_mismatch(3)
20265862,single,✓,✓,1,image search,image search,arg_mismatch(1)
32684007,dag,✗,✗,3,text sentiment analysis -> text summarizer -> text-to-image,text sentiment analysis -> text paraphraser -> text summarizer -> text-to-image,node_mismatch; link_mismatch; arg_mismatch(3)
34140511,dag,✗,✗,2,image stitcher -> image-to-video -> video voiceover,image-to-video -> text grammar checker -> video voiceover,node_mismatch; link_mismatch; arg_mismatch(2)
14432277,chain,✗,✗,1,text-to-image -> article spinner -> text grammar checker -> text summarizer,text search -> article spinner -> text grammar checker -> keyword extractor,node_mismatch; link_mismatch; arg_mismatch(1)
14790442,single,✓,✓,1,article spinner,article spinner,arg_mismatch(1)
18248945,chain,✗,✗,4,text downloader -> text sentiment analysis -> text simplifier -> audio effects,text downloader -> text sentiment analysis -> text simplifier -> text expander -> audio effects,node_mismatch; link_mismatch; arg_mismatch(4)
13115600,single,✓,✓,1,image search,image search,arg_mismatch(1)
16735705,dag,✗,✗,2,audio downloader -> voice changer,audio downloader -> voice modification parameters -> voice changer,node_mismatch; link_mismatch; arg_mismatch(2)
57301360,chain,✗,✗,2,audio downloader -> audio-to-image -> image colorizer -> image search (by image) -> image stitcher -> image style transfer -> image-to-video,audio downloader -> audio-to-image -> image colorizer -> image search (by image) -> image collager -> image style transfer -> image-to-video,node_mismatch; link_mismatch; arg_mismatch(2)
15105351,chain,✗,✗,1,audio splicer -> audio-to-image,audio splicer -> audio-to-image -> image colorizer,node_mismatch; link_mismatch; arg_mismatch(1)
44599149,chain,✓,✓,1,url extractor -> audio downloader -> audio-to-image,url extractor -> audio downloader -> audio-to-image,arg_mismatch(1)
74688482,dag,✗,✗,4,text paraphraser -> video speed changer -> video voiceover,text paraphraser -> article spinner -> video speed changer -> video voiceover,node_mismatch; link_mismatch; arg_mismatch(4)
22006637,single,✓,✓,1,text-to-audio,text-to-audio,arg_mismatch(1)
48992433,chain,✗,✗,1,article spinner,keyword extractor -> article spinner -> text expander,node_mismatch; link_mismatch; arg_mismatch(1)
28922919,chain,✗,✗,5,text grammar checker -> text paraphraser -> topic generator -> text sentiment analysis -> text expander -> text search -> image search,text grammar checker -> article spinner -> topic generator -> text sentiment analysis -> text expander -> text search -> image search,node_mismatch; link_mismatch; arg_mismatch(5)
23908979,chain,✗,✗,3,audio-to-text -> text expander -> keyword extractor -> audio effects -> voice changer,topic generator -> text expander -> keyword extractor -> audio effects -> voice changer,node_mismatch; link_mismatch; arg_mismatch(3)
20431403,single,✗,✗,2,image search -> image downloader,image search,node_mismatch; link_mismatch; arg_mismatch(2)
30609706,single,✓,✓,1,article spinner,article spinner,arg_mismatch(1)
32922991,single,✓,✓,1,text summarizer,text summarizer,arg_mismatch(1)
27213855,dag,✗,✗,4,text simplifier -> text-to-audio -> video voiceover -> video-to-audio,text simplifier -> video-to-audio -> video voiceover -> video synchronization,node_mismatch; link_mismatch; arg_mismatch(4)
27119262,single,✓,✓,1,keyword extractor,keyword extractor,arg_mismatch(1)
10037924,chain,✗,✗,2,voice changer -> audio-to-text -> text search -> video speed changer -> video-to-audio,voice changer -> audio-to-text -> video search -> video speed changer -> video-to-audio,node_mismatch; link_mismatch; arg_mismatch(2)
21663076,chain,✓,✓,2,image stitcher -> image-to-text -> text translator -> image search,image stitcher -> image-to-text -> text translator -> image search,arg_mismatch(2)
33537301,single,✗,✗,2,text-to-audio -> audio splicer,text-to-audio,node_mismatch; link_mismatch; arg_mismatch(2)
17481239,chain,✗,✗,3,video-to-audio -> audio-to-text -> text simplifier -> text-to-audio -> video synchronization,video-to-text -> text simplifier -> video voiceover,node_mismatch; link_mismatch; arg_mismatch(3)
12598236,dag,✗,✗,3,url extractor -> image downloader -> image style transfer,url extractor -> image downloader -> image downloader -> image style transfer -> image colorizer,node_mismatch; link_mismatch; arg_mismatch(3)
13846409,chain,✓,✗,1,text expander -> keyword extractor -> text summarizer -> text-to-image,text expander -> keyword extractor -> text summarizer -> text-to-image,link_mismatch; arg_mismatch(1)
22357041,chain,✗,✗,3,video stabilizer -> video synchronization -> video-to-text,video search -> video synchronization -> video stabilizer -> video-to-text,node_mismatch; link_mismatch; arg_mismatch(3)
54815946,chain,✓,✓,1,voice changer -> video synchronization,voice changer -> video synchronization,arg_mismatch(1)
33930600,chain,✓,✓,1,audio-to-text -> text-to-image -> image-to-video,audio-to-text -> text-to-image -> image-to-video,arg_mismatch(1)
22949408,dag,✗,✗,3,topic generator -> voice changer -> audio splicer,topic generator -> text paraphraser -> audio noise reduction -> voice changer,node_mismatch; link_mismatch; arg_mismatch(3)
18120725,dag,✗,✗,3,audio-to-image -> image stitcher -> image-to-video,audio-to-image -> image search (by image) -> image stitcher -> image-to-video,node_mismatch; link_mismatch; arg_mismatch(3)
12924982,single,✓,✓,1,audio effects,audio effects,arg_mismatch(1)
10855488,chain,✗,✗,1,text expander -> text search -> audio downloader -> audio noise reduction,text expander -> url extractor -> audio downloader -> audio noise reduction,node_mismatch; link_mismatch; arg_mismatch(1)
10985677,dag,✗,✗,1,text sentiment analysis -> text grammar checker -> text-to-video,text grammar checker -> text sentiment analysis -> text-to-video,node_mismatch; link_mismatch; arg_mismatch(1)
93404382,chain,✓,✗,2,text translator -> text summarizer -> url extractor,text translator -> text summarizer -> url extractor,link_mismatch; arg_mismatch(2)
17867690,chain,✗,✗,2,text grammar checker -> text-to-image -> image stitcher,text grammar checker -> text expander -> text-to-image -> image stitcher,node_mismatch; link_mismatch; arg_mismatch(2)
31365228,chain,✗,✗,4,video voiceover -> video-to-audio -> audio-to-text -> text expander,text expander -> video voiceover -> video-to-text,node_mismatch; link_mismatch; arg_mismatch(4)
13594579,dag,✗,✓,3,image-to-video -> text-to-audio -> audio noise reduction -> video synchronization,text-to-audio -> audio noise reduction -> image-to-video -> video synchronization,node_mismatch; arg_mismatch(3)
28235140,chain,✓,✓,1,text paraphraser -> video speed changer,text paraphraser -> video speed changer,arg_mismatch(1)
11619722,dag,✗,✗,3,url extractor -> video downloader -> image downloader,text expander -> url extractor -> image downloader -> video downloader,node_mismatch; link_mismatch; arg_mismatch(3)
23738777,chain,✗,✗,3,video downloader -> video speed changer -> video-to-text -> text-to-audio,video downloader -> video speed changer -> video-to-text -> text-to-audio -> voice changer,node_mismatch; link_mismatch; arg_mismatch(3)
61681535,chain,✓,✓,1,voice changer -> audio-to-text -> url extractor,voice changer -> audio-to-text -> url extractor,arg_mismatch(1)
27826031,chain,✗,✗,1,audio-to-text -> text expander -> text-to-audio,audio-to-text -> text expander -> article spinner -> voice changer,node_mismatch; link_mismatch; arg_mismatch(1)
32513404,dag,✓,✓,1,audio-to-text -> text paraphraser -> video speed changer -> video voiceover,audio-to-text -> text paraphraser -> video speed changer -> video voiceover,arg_mismatch(1)
12869139,chain,✗,✗,4,image colorizer -> image-to-text -> text-to-audio -> audio noise reduction -> audio effects,image-to-text -> voice changer -> audio effects -> audio noise reduction,node_mismatch; link_mismatch; arg_mismatch(4)
14193140,chain,✗,✗,2,text-to-video -> video-to-audio,text search -> text-to-video -> video voiceover -> video-to-audio,node_mismatch; link_mismatch; arg_mismatch(2)
48526205,single,✓,✓,1,audio effects,audio effects,arg_mismatch(1)
14241295,single,✗,✓,1,text search,web search,node_mismatch; arg_mismatch(1)
30990059,chain,✗,✗,3,video-to-audio -> audio-to-text -> text translator -> video search,video-to-text -> topic generator -> text translator -> keyword extractor -> video search,node_mismatch; link_mismatch; arg_mismatch(3)
13141885,dag,✗,✗,3,text sentiment analysis -> text grammar checker -> text expander -> text summarizer,text grammar checker -> text sentiment analysis -> text expander -> text summarizer,node_mismatch; link_mismatch; arg_mismatch(3)
19577706,chain,✗,✗,2,text-to-audio -> video voiceover,text-to-video -> video-to-audio,node_mismatch; link_mismatch; arg_mismatch(2)
11835130,single,✓,✓,1,topic generator,topic generator,arg_mismatch(1)
62902378,chain,✓,✓,3,audio-to-text -> keyword extractor -> text translator -> video voiceover,audio-to-text -> keyword extractor -> text translator -> video voiceover,arg_mismatch(3)
11068238,chain,✓,✗,1,text paraphraser -> text grammar checker -> text translator -> url extractor,text paraphraser -> text grammar checker -> text translator -> url extractor,link_mismatch; arg_mismatch(1)
17689241,chain,✓,✓,2,video search -> video synchronization,video search -> video synchronization,arg_mismatch(2)
59044900,chain,✗,✗,4,video-to-audio -> audio-to-text -> text sentiment analysis -> text search -> video search -> video stabilizer,video-to-text -> text sentiment analysis -> text search -> video search -> video stabilizer,node_mismatch; link_mismatch; arg_mismatch(4)
29908471,single,✓,✓,1,text expander,text expander,arg_mismatch(1)
31997788,chain,✗,✗,1,text simplifier -> text-to-video,text simplifier -> video search -> video voiceover,node_mismatch; link_mismatch; arg_mismatch(1)
15064184,chain,✗,✗,2,text downloader -> text expander -> text-to-audio -> video search,text downloader -> text expander -> speech synthesis -> speech-to-text -> video discovery,node_mismatch; link_mismatch; arg_mismatch(2)
28630182,single,✓,✓,1,topic generator,topic generator,arg_mismatch(1)
11399962,chain,✓,✓,1,image-to-text -> text grammar checker -> video speed changer -> video stabilizer,image-to-text -> text grammar checker -> video speed changer -> video stabilizer,arg_mismatch(1)
23095747,chain,✗,✗,2,text summarizer -> text expander -> text-to-audio,article rewrite -> text condense -> voice synthesis,node_mismatch; link_mismatch; arg_mismatch(2)
53198743,single,✓,✓,1,article spinner,article spinner,arg_mismatch(1)
27651216,chain,✗,✗,0,image-to-text -> text-to-video -> video voiceover,image-to-text -> text-to-video -> add voiceover to video,node_mismatch; link_mismatch
72862112,chain,✓,✗,1,text translator -> audio effects -> audio noise reduction -> voice changer,text translator -> audio effects -> audio noise reduction -> voice changer,link_mismatch; arg_mismatch(1)
23010186,chain,✗,✗,3,video downloader -> video-to-audio,text sentiment analysis -> url extractor -> video downloader,node_mismatch; link_mismatch; arg_mismatch(3)
33947379,dag,✗,✗,2,text expander -> text-to-video -> text sentiment analysis,text expander -> text sentiment analysis -> text simplifier -> text-to-video,node_mismatch; link_mismatch; arg_mismatch(2)
38790338,chain,✗,✗,2,text translator -> text-to-audio -> video voiceover,text translator -> text paraphraser -> text-to-audio -> video synchronization,node_mismatch; link_mismatch; arg_mismatch(2)
16083338,chain,✗,✗,2,audio splicer -> audio-to-text -> text search -> article spinner,audio splicer -> audio-to-text -> internet keyword search -> comprehensive article rewriter,node_mismatch; link_mismatch; arg_mismatch(2)
25599268,single,✓,✓,1,audio splicer,audio splicer,arg_mismatch(1)
80372449,single,✓,✓,1,url extractor,url extractor,arg_mismatch(1)
15145248,single,✗,✗,1,video-to-audio -> audio-to-text,video-to-text,node_mismatch; link_mismatch; arg_mismatch(1)
21622781,single,✓,✓,1,text-to-audio,text-to-audio,arg_mismatch(1)
32545728,chain,✗,✗,2,url extractor -> video downloader,text downloader -> url extractor -> video downloader,node_mismatch; link_mismatch; arg_mismatch(2)
17983386,chain,✓,✓,1,text search -> text summarizer -> text-to-audio -> video synchronization,text search -> text summarizer -> text-to-audio -> video synchronization,arg_mismatch(1)
40767044,chain,✗,✗,3,keyword extractor -> text-to-image -> image search (by image),text grammar checker -> topic generator -> text-to-image -> image colorizer -> image search (by image),node_mismatch; link_mismatch; arg_mismatch(3)
24695232,dag,✗,✗,4,video downloader -> video-to-audio -> audio effects -> video synchronization,audio effects -> video downloader -> video synchronization -> video-to-text,node_mismatch; link_mismatch; arg_mismatch(4)
23073202,dag,✓,✓,1,video-to-audio -> audio noise reduction -> audio-to-text -> voice changer,video-to-audio -> audio noise reduction -> audio-to-text -> voice changer,arg_mismatch(1)
29762202,single,✓,✓,1,voice changer,voice changer,arg_mismatch(1)
15483003,dag,✗,✗,3,url extractor -> audio downloader -> audio effects,url extractor -> audio downloader -> text simplifier -> audio effects,node_mismatch; link_mismatch; arg_mismatch(3)
19504376,chain,✗,✗,1,text-to-image -> image style transfer -> image-to-video,keyword-based image search -> image style transfer -> image slideshow,node_mismatch; link_mismatch; arg_mismatch(1)
13710655,dag,✗,✗,4,text simplifier -> video search -> audio effects,text simplifier -> keyword extractor -> video search -> audio effects,node_mismatch; link_mismatch; arg_mismatch(4)
21686118,chain,✗,✗,3,image-to-text -> topic generator,topic generator -> text simplifier -> text grammar checker -> text sentiment analysis,node_mismatch; link_mismatch; arg_mismatch(3)
13798715,chain,✗,✗,4,video-to-audio -> audio-to-text -> text summarizer -> text simplifier -> text paraphraser -> text-to-audio,video-to-text -> text summarizer -> text paraphraser -> text simplifier -> text-to-speech -> voice changer,node_mismatch; link_mismatch; arg_mismatch(4)
31077367,dag,✗,✗,4,image downloader -> image style transfer -> image colorizer,url extractor -> image downloader -> image downloader -> image style transfer -> image colorizer,node_mismatch; link_mismatch; arg_mismatch(4)
18713093,chain,✗,✗,4,image colorizer -> image-to-video -> video-to-image -> image search (by image) -> image-to-text,image colorizer -> image search (by image) -> image-to-text -> image-to-video -> video-to-image,node_mismatch; link_mismatch; arg_mismatch(4)
30005595,chain,✓,✓,1,voice changer -> audio-to-image -> image colorizer,voice changer -> audio-to-image -> image colorizer,arg_mismatch(1)
25564699,single,✓,✓,1,keyword extractor,keyword extractor,arg_mismatch(1)
65001117,dag,✓,✓,1,text simplifier -> text-to-audio -> video speed changer -> video voiceover,text simplifier -> text-to-audio -> video speed changer -> video voiceover,arg_mismatch(1)
53177679,chain,✓,✓,1,video downloader -> video-to-image -> image style transfer -> image-to-video -> video stabilizer -> video synchronization -> video speed changer,video downloader -> video-to-image -> image style transfer -> image-to-video -> video stabilizer -> video synchronization -> video speed changer,arg_mismatch(1)
10545811,chain,✗,✗,2,text downloader -> keyword extractor -> text-to-video,text downloader -> text simplifier -> keyword extractor -> text-to-video,node_mismatch; link_mismatch; arg_mismatch(2)
32418833,chain,✗,✗,3,video search -> video downloader,text search -> url extractor -> video downloader,node_mismatch; link_mismatch; arg_mismatch(3)
96576455,chain,✗,✗,2,text-to-image -> image style transfer,text paraphraser -> text-to-image -> image style transfer,node_mismatch; link_mismatch; arg_mismatch(2)
24270503,chain,✗,✗,2,audio downloader -> audio-to-text -> text sentiment analysis -> text paraphraser -> video voiceover -> video-to-text -> video speed changer,audio downloader -> audio-to-text -> text sentiment analysis -> article spinner -> video voiceover -> video-to-text -> video speed changer,node_mismatch; link_mismatch; arg_mismatch(2)
16269681,chain,✓,✗,5,video-to-audio -> audio-to-text -> topic generator -> text search -> text paraphraser -> text-to-image,video-to-audio -> audio-to-text -> topic generator -> text search -> text paraphraser -> text-to-image,link_mismatch; arg_mismatch(5)
24939256,chain,✗,✗,3,text sentiment analysis -> video speed changer,text grammar checker -> text sentiment analysis -> video speed changer,node_mismatch; link_mismatch; arg_mismatch(3)
15695412,chain,✗,✗,2,audio-to-text -> text search -> text summarizer -> text-to-audio,audio-to-text -> internet search -> summarize text -> text-to-audio,node_mismatch; link_mismatch; arg_mismatch(2)
31265686,chain,✗,✗,4,audio-to-image -> image-to-video -> video voiceover -> video-to-image,audio downloader -> audio-to-image -> image colorizer -> image-to-video -> video voiceover -> video-to-image,node_mismatch; link_mismatch; arg_mismatch(4)
23862407,dag,✗,✗,4,image style transfer -> image stitcher -> image-to-video,image search (by image) -> image stitcher -> image style transfer -> image-to-video,node_mismatch; link_mismatch; arg_mismatch(4)
19764617,dag,✗,✗,1,text summarizer -> text sentiment analysis -> video search -> image search,text summarizer -> text sentiment analysis -> text-to-image -> video search,node_mismatch; link_mismatch; arg_mismatch(1)
11256189,chain,✗,✗,2,audio-to-text -> text sentiment analysis -> text simplifier -> audio effects,audio effects -> audio-to-text -> text sentiment analysis -> text simplifier,node_mismatch; link_mismatch; arg_mismatch(2)
25993913,dag,✗,✓,0,text sentiment analysis -> text grammar checker -> text-to-image,text grammar checker -> text sentiment analysis -> text-to-image,node_mismatch
89447301,dag,✗,✗,3,text simplifier -> audio effects,audio downloader -> text simplifier -> audio effects,node_mismatch; link_mismatch; arg_mismatch(3)
26762320,chain,✗,✗,2,text downloader -> text simplifier -> text-to-video,text search -> text simplifier -> text-to-video,node_mismatch; link_mismatch; arg_mismatch(2)
13305714,chain,✓,✗,1,image downloader -> image colorizer -> image search (by image) -> image-to-video,image downloader -> image colorizer -> image search (by image) -> image-to-video,link_mismatch; arg_mismatch(1)
25438743,chain,✓,✓,1,text-to-video -> audio effects -> audio noise reduction -> voice changer -> video synchronization,text-to-video -> audio effects -> audio noise reduction -> voice changer -> video synchronization,arg_mismatch(1)
20956974,single,✓,✓,1,audio effects,audio effects,arg_mismatch(1)
27471691,chain,✗,✗,3,text-to-image -> text-to-video,text grammar checker -> text sentiment analysis -> text-to-video,node_mismatch; link_mismatch; arg_mismatch(3)
18724818,single,✓,✓,1,video speed changer,video speed changer,arg_mismatch(1)
58278318,chain,✗,✗,3,video-to-audio -> audio-to-text -> text paraphraser -> text-to-audio,video-to-text -> text paraphraser -> voice changer,node_mismatch; link_mismatch; arg_mismatch(3)
33834442,chain,✓,✗,3,text summarizer -> text grammar checker -> video speed changer,text summarizer -> text grammar checker -> video speed changer,link_mismatch; arg_mismatch(3)
27240799,single,✗,✓,1,image search (by image),image search,node_mismatch; arg_mismatch(1)
13021297,dag,✓,✓,1,voice changer -> audio-to-text -> video synchronization,voice changer -> audio-to-text -> video synchronization,arg_mismatch(1)
39280393,single,✓,✓,1,text sentiment analysis,text sentiment analysis,arg_mismatch(1)
29298104,single,✓,✓,1,video search,video search,arg_mismatch(1)
10378469,chain,✓,✓,1,text-to-image -> image style transfer,text-to-image -> image style transfer,arg_mismatch(1)
18576676,single,✓,✓,1,text paraphraser,text paraphraser,arg_mismatch(1)
18460128,chain,✗,✗,0,text search -> text expander -> text grammar checker -> text paraphraser,text search -> text expander -> text grammar checker -> article spinner,node_mismatch; link_mismatch
31731899,single,✓,✓,1,voice changer,voice changer,arg_mismatch(1)
15012317,chain,✗,✗,3,video-to-audio -> audio-to-text -> text-to-image -> image-to-video,video-to-text -> text-to-image -> image-to-video,node_mismatch; link_mismatch; arg_mismatch(3)
31336993,single,✓,✓,1,topic generator,topic generator,arg_mismatch(1)
28592080,chain,✗,✗,5,video speed changer -> video-to-audio -> audio-to-text -> keyword extractor -> image search,image search -> keyword extractor -> video speed changer -> video-to-text,node_mismatch; link_mismatch; arg_mismatch(5)
13548879,chain,✗,✗,3,url extractor -> video downloader,text expander -> url extractor -> video downloader,node_mismatch; link_mismatch; arg_mismatch(3)
29946616,chain,✗,✗,1,text search -> text summarizer,text search -> keyword extractor -> text summarizer,node_mismatch; link_mismatch; arg_mismatch(1)
12202326,chain,✓,✓,1,image-to-video -> video-to-audio -> audio-to-text -> text search -> image search,image-to-video -> video-to-audio -> audio-to-text -> text search -> image search,arg_mismatch(1)
91454413,chain,✗,✗,1,image style transfer -> image-to-text -> video downloader,image style transfer -> image-to-text -> url extractor -> video downloader,node_mismatch; link_mismatch; arg_mismatch(1)
90897147,chain,✗,✗,4,voice changer -> audio-to-image -> image colorizer,audio downloader -> voice changer -> audio-to-image -> image colorizer,node_mismatch; link_mismatch; arg_mismatch(4)
29028793,dag,✓,✗,1,image downloader -> image style transfer -> image-to-text -> image colorizer,image downloader -> image style transfer -> image-to-text -> image colorizer,link_mismatch; arg_mismatch(1)
19947493,dag,✗,✗,1,text-to-audio -> audio-to-text -> text summarizer -> text simplifier -> keyword extractor -> voice changer -> video synchronization,text-to-audio -> audio-to-text -> text summarizer -> text simplifier -> topic generator -> voice changer -> video synchronization,node_mismatch; link_mismatch; arg_mismatch(1)
57966507,chain,✗,✗,4,text translator -> keyword extractor -> text-to-image -> text-to-audio,text translator -> topic generator -> text sentiment analysis -> text search -> text-to-audio -> audio-to-image,node_mismatch; link_mismatch; arg_mismatch(4)
13147817,dag,✗,✗,2,image search -> text downloader,text paraphraser -> image search -> text downloader,node_mismatch; link_mismatch; arg_mismatch(2)
32275903,chain,✗,✗,4,image downloader -> image colorizer -> image style transfer -> image stitcher -> image-to-video,image downloader -> image style transfer -> image colorizer -> image-to-video -> video stabilizer,node_mismatch; link_mismatch; arg_mismatch(4)
32078943,dag,✗,✗,1,text sentiment analysis -> text expander -> text-to-video,text expander -> text sentiment analysis -> text-to-video,node_mismatch; link_mismatch; arg_mismatch(1)
15696588,chain,✗,✗,2,image stitcher -> image colorizer -> image search -> image style transfer,image stitcher -> image colorizer -> image style transfer,node_mismatch; link_mismatch; arg_mismatch(2)
19061728,dag,✗,✓,2,image-to-video -> video speed changer -> text simplifier -> video voiceover,image-to-video -> text simplifier -> video speed changer -> video voiceover,node_mismatch; arg_mismatch(2)
97422199,dag,✗,✗,3,image-to-video -> video voiceover -> video-to-audio,image-to-video -> text-to-audio -> video synchronization -> video-to-audio,node_mismatch; link_mismatch; arg_mismatch(3)
48045127,chain,✗,✗,4,video-to-audio -> audio-to-text -> text sentiment analysis -> audio effects -> audio-to-image -> image stitcher,video-to-text -> text sentiment analysis -> audio effects -> audio splicer -> audio-to-image -> image stitcher,node_mismatch; link_mismatch; arg_mismatch(4)
21539682,chain,✓,✓,1,voice changer -> audio-to-text -> video speed changer -> video stabilizer,voice changer -> audio-to-text -> video speed changer -> video stabilizer,arg_mismatch(1)
10676951,chain,✗,✗,2,text translator -> image search,keyword extractor -> text translator -> image search,node_mismatch; link_mismatch; arg_mismatch(2)
27259947,chain,✗,✗,2,article spinner -> text sentiment analysis -> text-to-audio,article spinner -> text sentiment analysis -> text-to-audio -> audio-to-text,node_mismatch; link_mismatch; arg_mismatch(2)
20318850,single,✗,✗,2,audio splicer -> audio-to-file,audio splicer,node_mismatch; link_mismatch; arg_mismatch(2)
11750849,dag,✗,✗,1,audio-to-text -> text expander -> url extractor,audio-to-text -> contextual text expander -> url extractor,node_mismatch; link_mismatch; arg_mismatch(1)
29997749,chain,✗,✗,2,text downloader -> text summarizer -> text-to-audio -> video synchronization,text downloader -> text summarizer -> text-to-audio -> audio noise reduction -> video synchronization,node_mismatch; link_mismatch; arg_mismatch(2)
13155516,chain,✗,✗,3,audio splicer -> audio effects,text expander -> audio effects -> audio splicer,node_mismatch; link_mismatch; arg_mismatch(3)
41412844,chain,✓,✓,1,audio noise reduction -> audio effects -> audio-to-text,audio noise reduction -> audio effects -> audio-to-text,arg_mismatch(1)
23608582,chain,✗,✗,0,audio downloader -> audio-to-text -> keyword extractor,audio downloader -> audio-to-text -> topic generator,node_mismatch; link_mismatch
15544741,chain,✗,✗,1,text search -> audio downloader,text search -> url extractor -> audio downloader,node_mismatch; link_mismatch; arg_mismatch(1)
27998454,chain,✗,✗,2,video-to-audio -> audio-to-text -> keyword extractor,video-to-text -> keyword extractor,node_mismatch; link_mismatch; arg_mismatch(2)
13693625,single,✓,✓,1,voice changer,voice changer,arg_mismatch(1)
86138108,chain,✗,✗,1,audio-to-text -> text simplifier,audio-to-text -> text paraphraser -> text summarizer -> text simplifier,node_mismatch; link_mismatch; arg_mismatch(1)
33251026,single,✗,✗,1,video-to-audio -> audio-to-text,video-to-text,node_mismatch; link_mismatch; arg_mismatch(1)
28163693,single,✗,✗,2,video search -> video downloader,video search,node_mismatch; link_mismatch; arg_mismatch(2)
23064463,chain,✗,✗,5,text expander -> video search -> video-to-image -> image search (by image) -> image colorizer,text paraphraser -> article spinner -> video search -> video-to-image -> image search (by image) -> image colorizer,node_mismatch; link_mismatch; arg_mismatch(5)
10886488,chain,✗,✗,2,text summarizer -> article spinner,article spinner -> text summarizer,node_mismatch; link_mismatch; arg_mismatch(2)
75981201,chain,✗,✗,2,video-to-audio -> audio-to-text -> text-to-image,video-to-text -> text-to-image,node_mismatch; link_mismatch; arg_mismatch(2)
28342627,single,✓,✓,1,video speed changer,video speed changer,arg_mismatch(1)
12395431,chain,✗,✗,4,audio splicer -> audio-to-image -> audio-to-text -> text search -> image stitcher,audio noise reduction -> audio splicer -> audio-to-image -> image search (by image) -> image blender,node_mismatch; link_mismatch; arg_mismatch(4)
25365019,chain,✗,✗,0,text downloader -> text grammar checker -> text paraphraser -> text-to-audio,text downloader -> text grammar checker -> text paraphraser -> text to speech converter,node_mismatch; link_mismatch
16774601,chain,✗,✗,2,text translator -> text-to-video,text summarizer -> text translator -> text-to-video,node_mismatch; link_mismatch; arg_mismatch(2)
11246551,chain,✗,✗,5,video-to-image -> video-to-image -> image-to-video -> video synchronization,text expander -> video search -> video-to-image -> image-to-video -> video synchronization,node_mismatch; link_mismatch; arg_mismatch(5)
30180636,chain,✗,✗,2,video-to-image -> image search (by image),video downloader -> video-to-image -> image style transfer -> image search (by image),node_mismatch; link_mismatch; arg_mismatch(2)
17780954,dag,✗,✗,3,video search -> image search,keyword extractor -> text translator -> video search -> image search,node_mismatch; link_mismatch; arg_mismatch(3)
29464969,single,✓,✓,1,article spinner,article spinner,arg_mismatch(1)
14852182,chain,✓,✓,1,article spinner -> text sentiment analysis -> text summarizer -> image search,article spinner -> text sentiment analysis -> text summarizer -> image search,arg_mismatch(1)
12886259,chain,✗,✗,3,video-to-audio -> audio-to-text -> keyword extractor -> text translator,video-to-text -> topic generator -> keyword extractor -> text translator,node_mismatch; link_mismatch; arg_mismatch(3)
13599518,chain,✗,✗,2,text simplifier -> text sentiment analysis -> text-to-image -> image-to-video,text simplifier -> text sentiment analysis -> text-to-video,node_mismatch; link_mismatch; arg_mismatch(2)
20798048,single,✓,✓,1,text expander,text expander,arg_mismatch(1)
24584713,chain,✗,✗,3,video-to-audio -> audio-to-text -> text-to-image,video-to-text -> topic generator -> keyword extractor -> text grammar checker -> text-to-image,node_mismatch; link_mismatch; arg_mismatch(3)
52376557,single,✓,✓,1,image downloader,image downloader,arg_mismatch(1)
30132937,chain,✗,✗,3,text search -> video-to-image,text expander -> text simplifier -> video search -> video-to-image,node_mismatch; link_mismatch; arg_mismatch(3)
33676689,dag,✗,✗,3,text simplifier -> audio effects,text paraphraser -> text simplifier -> audio effects,node_mismatch; link_mismatch; arg_mismatch(3)
18356136,chain,✗,✗,4,text search -> text summarizer -> text sentiment analysis,topic generator -> text search -> article spinner -> text summarizer -> text sentiment analysis,node_mismatch; link_mismatch; arg_mismatch(4)
17914002,dag,✗,✗,3,video downloader -> video-to-audio -> audio-to-text -> topic generator -> text-to-audio -> video voiceover,video downloader -> video-to-text -> topic generator -> video voiceover,node_mismatch; link_mismatch; arg_mismatch(3)
12386621,chain,✓,✓,1,image stitcher -> image style transfer -> image colorizer,image stitcher -> image style transfer -> image colorizer,arg_mismatch(1)
16023647,single,✗,✗,1,image-to-text -> text downloader,image-to-text -> save-to-file,node_mismatch; link_mismatch; arg_mismatch(1)
14862397,dag,✓,✗,1,video-to-audio -> image-to-text -> audio effects -> audio-to-image,video-to-audio -> image-to-text -> audio effects -> audio-to-image,link_mismatch; arg_mismatch(1)
23409032,dag,✓,✗,3,keyword extractor -> text summarizer -> image search,keyword extractor -> text summarizer -> image search,link_mismatch; arg_mismatch(3)
15515953,single,✓,✓,1,image search,image search,arg_mismatch(1)
21340485,chain,✓,✗,1,audio-to-text -> text grammar checker -> text simplifier -> image search,audio-to-text -> text grammar checker -> text simplifier -> image search,link_mismatch; arg_mismatch(1)
46386652,chain,✓,✓,1,text search -> text-to-audio,text search -> text-to-audio,arg_mismatch(1)
28329525,chain,✗,✗,2,text downloader -> text summarizer -> text-to-audio -> audio-to-image -> image-to-text,text downloader -> topic generator -> voice changer -> audio-to-image -> image-to-text,node_mismatch; link_mismatch; arg_mismatch(2)
45242228,single,✗,✗,2,image search -> image search (by image),image search,node_mismatch; link_mismatch; arg_mismatch(2)
16715670,chain,✗,✗,2,text search -> image search,text simplifier -> text paraphraser -> image search,node_mismatch; link_mismatch; arg_mismatch(2)
14795721,chain,✗,✗,1,text-to-image,text grammar checker -> text-to-image -> image colorizer,node_mismatch; link_mismatch; arg_mismatch(1)
14505564,chain,✗,✗,4,text expander -> text-to-image -> audio-to-image -> image stitcher,text simplifier -> text expander -> article spinner -> text-to-audio -> audio-to-image,node_mismatch; link_mismatch; arg_mismatch(4)
19946098,chain,✓,✗,1,text paraphraser -> text grammar checker -> video speed changer,text paraphraser -> text grammar checker -> video speed changer,link_mismatch; arg_mismatch(1)
23833735,chain,✗,✗,1,article spinner -> text-to-image,article spinner -> text expander -> text-to-image,node_mismatch; link_mismatch; arg_mismatch(1)
29623532,single,✗,✗,2,video search -> video downloader,video search,node_mismatch; link_mismatch; arg_mismatch(2)
28525927,chain,✗,✗,7,video downloader -> video stabilizer -> video-to-audio -> audio-to-text -> text expander -> audio effects -> video synchronization,audio effects -> text expander -> video downloader -> video stabilizer -> video synchronization -> video-to-text,node_mismatch; link_mismatch; arg_mismatch(7)
14167273,chain,✗,✗,5,audio-to-text -> audio-to-text -> text summarizer -> text-to-video,audio splicer -> audio-to-text -> text translator -> keyword extractor -> text-to-video,node_mismatch; link_mismatch; arg_mismatch(5)
15117956,single,✓,✓,1,voice changer,voice changer,arg_mismatch(1)
11010090,chain,✗,✗,2,text summarizer,text grammar checker -> keyword extractor -> text summarizer,node_mismatch; link_mismatch; arg_mismatch(2)
25697140,chain,✓,✗,2,url extractor -> audio downloader -> video synchronization,url extractor -> audio downloader -> video synchronization,link_mismatch; arg_mismatch(2)
56601477,chain,✗,✗,2,text downloader -> text summarizer -> article spinner,text summarizer -> text paraphraser -> article spinner,node_mismatch; link_mismatch; arg_mismatch(2)
14406372,chain,✗,✗,4,video-to-audio -> audio-to-text -> text summarizer -> text-to-image,video-to-text -> keyword extractor -> text expander -> topic generator -> text translator -> image search,node_mismatch; link_mismatch; arg_mismatch(4)
16897888,single,✓,✓,1,text-to-image,text-to-image,arg_mismatch(1)
16596301,chain,✗,✗,5,text-to-audio -> audio splicer -> video-to-audio -> video synchronization,text expander -> text-to-audio -> audio splicer -> audio noise reduction -> video synchronization,node_mismatch; link_mismatch; arg_mismatch(5)
22592003,chain,✗,✗,3,text expander -> url extractor,text paraphraser -> text expander -> url extractor,node_mismatch; link_mismatch; arg_mismatch(3)
33472354,single,✓,✓,1,text translator,text translator,arg_mismatch(1)
18426099,chain,✗,✗,1,image downloader -> image style transfer -> image stitcher -> image-to-video,image downloader -> image style transfer -> image stitcher -> slideshow creator,node_mismatch; link_mismatch; arg_mismatch(1)
31113538,chain,✓,✓,1,topic generator -> keyword extractor -> voice changer -> audio-to-text -> image search,topic generator -> keyword extractor -> voice changer -> audio-to-text -> image search,arg_mismatch(1)
33168072,chain,✗,✗,3,image-to-text -> image search (by image) -> video search,image downloader -> image search (by image) -> image-to-text -> video search,node_mismatch; link_mismatch; arg_mismatch(3)
59353166,single,✗,✗,2,image search -> image downloader,image search,node_mismatch; link_mismatch; arg_mismatch(2)
15228760,chain,✗,✗,4,video-to-audio -> audio-to-text -> text simplifier -> video speed changer,text simplifier -> keyword extractor -> video speed changer,node_mismatch; link_mismatch; arg_mismatch(4)
22373267,dag,✓,✓,1,audio effects -> voice changer -> audio splicer,audio effects -> voice changer -> audio splicer,arg_mismatch(1)
10751033,dag,✗,✗,4,video-to-audio -> text downloader -> audio effects -> audio splicer,audio effects -> audio splicer -> text downloader -> video-to-audio,node_mismatch; link_mismatch; arg_mismatch(4)
27831745,chain,✓,✓,2,video search -> video speed changer -> video-to-audio,video search -> video speed changer -> video-to-audio,arg_mismatch(2)
19351515,dag,✗,✗,0,image-to-text -> text sentiment analysis -> text grammar checker,image-to-text -> text grammar checker -> text sentiment analysis,node_mismatch; link_mismatch
30586000,chain,✓,✓,1,article spinner -> text summarizer -> text sentiment analysis,article spinner -> text summarizer -> text sentiment analysis,arg_mismatch(1)
14389463,chain,✗,✗,1,keyword extractor -> text paraphraser -> video search,keyword extractor -> article spinner -> video search,node_mismatch; link_mismatch; arg_mismatch(1)
14600464,chain,✗,✗,4,audio-to-image -> audio-to-text -> image-to-video -> text search -> text simplifier,audio-to-image -> image-to-video -> video-to-text -> text search -> text simplifier -> topic generator,node_mismatch; link_mismatch; arg_mismatch(4)
10465445,chain,✗,✗,0,image downloader -> image style transfer -> image-to-video,image downloader -> image style transfer -> create slideshow,node_mismatch; link_mismatch
77594266,dag,✗,✗,3,video-to-audio -> audio-to-text -> text paraphraser -> text-to-audio -> keyword extractor,video-to-text -> text paraphraser -> text-to-audio -> url extractor,node_mismatch; link_mismatch; arg_mismatch(3)
33910502,chain,✗,✗,3,text paraphraser -> text translator -> text grammar checker -> keyword extractor,text paraphraser -> text grammar checker -> keyword extractor -> text translator,node_mismatch; link_mismatch; arg_mismatch(3)
30664838,single,✓,✓,1,video speed changer,video speed changer,arg_mismatch(1)
16158656,single,✗,✗,1,video-to-audio -> audio-to-text,video-to-text,node_mismatch; link_mismatch; arg_mismatch(1)
80262334,dag,✗,✗,3,video-to-audio -> audio-to-text -> text grammar checker -> keyword extractor,video-to-text -> text grammar checker -> keyword extractor,node_mismatch; link_mismatch; arg_mismatch(3)
19480387,dag,✗,✗,3,video stabilizer -> video-to-audio -> audio-to-text -> text sentiment analysis -> audio-to-image,video stabilizer -> video-to-text -> text sentiment analysis -> text-to-image,node_mismatch; link_mismatch; arg_mismatch(3)
91000786,single,✓,✓,1,text-to-image,text-to-image,arg_mismatch(1)
17517832,chain,✗,✗,3,url extractor -> image downloader -> image stitcher,url extractor -> image downloader -> image-to-text -> text-to-video -> video-to-image -> image stitcher,node_mismatch; link_mismatch; arg_mismatch(3)
70076937,chain,✓,✗,2,keyword extractor -> text sentiment analysis -> topic generator -> video voiceover -> video-to-image,keyword extractor -> text sentiment analysis -> topic generator -> video voiceover -> video-to-image,link_mismatch; arg_mismatch(2)
32779112,chain,✓,✓,2,voice changer -> audio splicer -> audio effects -> audio noise reduction -> audio-to-image -> image search (by image),voice changer -> audio splicer -> audio effects -> audio noise reduction -> audio-to-image -> image search (by image),arg_mismatch(2)
10662871,chain,✓,✓,1,video search -> video speed changer -> video-to-audio,video search -> video speed changer -> video-to-audio,arg_mismatch(1)
15334464,single,✓,✓,1,topic generator,topic generator,arg_mismatch(1)
10962353,chain,✗,✗,3,text search -> text summarizer -> text-to-audio,text search -> text expander -> text simplifier -> text-to-speech conversion,node_mismatch; link_mismatch; arg_mismatch(3)
27197626,chain,✗,✗,5,text summarizer -> text sentiment analysis -> video speed changer -> text-to-audio -> video voiceover,text sentiment analysis -> text summarizer -> video speed changer -> video voiceover,node_mismatch; link_mismatch; arg_mismatch(5)
10074769,dag,✗,✗,3,audio-to-image -> video-to-image -> image-to-video,audio-to-image -> image search (by image) -> video-to-image -> image-to-video,node_mismatch; link_mismatch; arg_mismatch(3)
99465271,chain,✗,✗,2,text translator -> topic generator -> text search,text translator -> article spinner -> keyword extractor -> topic generator -> url extractor,node_mismatch; link_mismatch; arg_mismatch(2)
76652702,single,✓,✓,1,voice changer,voice changer,arg_mismatch(1)
20348262,chain,✓,✓,1,voice changer -> audio-to-text -> image search,voice changer -> audio-to-text -> image search,arg_mismatch(1)
19014997,chain,✗,✗,2,text downloader -> text summarizer -> video search -> video synchronization,text downloader -> video search -> video synchronization,node_mismatch; link_mismatch; arg_mismatch(2)
61498524,single,✓,✓,1,image search,image search,arg_mismatch(1)
11713359,chain,✓,✓,1,text summarizer -> image search,text summarizer -> image search,arg_mismatch(1)
35797871,chain,✗,✗,3,text simplifier -> text summarizer -> text-to-audio,text paraphraser -> text simplifier -> topic generator -> text search -> text to speech,node_mismatch; link_mismatch; arg_mismatch(3)
72021379,chain,✗,✗,4,text expander -> text-to-audio -> video voiceover -> audio-to-text,text expander -> text paraphraser -> video voiceover -> video synchronization -> video-to-text,node_mismatch; link_mismatch; arg_mismatch(4)
15170631,chain,✗,✗,3,image downloader -> image-to-text -> text sentiment analysis -> text-to-image -> image colorizer -> image stitcher -> image search (by image),image downloader -> image-to-text -> text sentiment analysis -> sentiment-based image colorizer -> image stitcher -> image search (by image),node_mismatch; link_mismatch; arg_mismatch(3)
19481518,dag,✗,✗,1,image-to-text -> text summarizer -> text-to-audio -> video voiceover -> video stabilizer,image-to-text -> text summarizer -> text-to-speech converter -> video voiceover -> video stabilizer,node_mismatch; link_mismatch; arg_mismatch(1)
11773623,single,✓,✓,1,text-to-image,text-to-image,arg_mismatch(1)
18985772,chain,✗,✗,1,image colorizer -> image search (by image) -> image-to-text -> text summarizer -> text-to-video -> video-to-audio -> audio-to-text,image colorizer -> image search (by image) -> image-to-text -> text summarizer -> text-to-video -> video-to-text,node_mismatch; link_mismatch; arg_mismatch(1)
21446403,chain,✗,✗,6,image style transfer -> image-to-video -> video-to-text -> video voiceover -> video speed changer,image downloader -> image style transfer -> image-to-video -> video-to-text -> text-to-video -> video speed changer,node_mismatch; link_mismatch; arg_mismatch(6)
22766712,single,✓,✓,1,text search,text search,arg_mismatch(1)
42381144,dag,✓,✓,3,text downloader -> audio effects -> voice changer,text downloader -> audio effects -> voice changer,arg_mismatch(3)
24690646,single,✓,✓,1,text summarizer,text summarizer,arg_mismatch(1)
16299456,single,✗,✗,2,image style transfer -> image-to-image (save as file),image style transfer,node_mismatch; link_mismatch; arg_mismatch(2)
13491227,single,✓,✓,1,text expander,text expander,arg_mismatch(1)
37338668,chain,✓,✓,2,url extractor -> audio downloader -> voice changer,url extractor -> audio downloader -> voice changer,arg_mismatch(2)
11370442,single,✗,✗,2,video search -> video downloader,video search,node_mismatch; link_mismatch; arg_mismatch(2)
29541405,chain,✗,✗,2,topic generator -> video search,text paraphraser -> topic generator -> video search,node_mismatch; link_mismatch; arg_mismatch(2)
22532862,chain,✓,✗,2,text downloader -> text expander -> audio effects -> voice changer,text downloader -> text expander -> audio effects -> voice changer,link_mismatch; arg_mismatch(2)
26564170,chain,✗,✗,2,keyword extractor -> text-to-image,article spinner -> keyword extractor -> text-to-image,node_mismatch; link_mismatch; arg_mismatch(2)
30901481,dag,✗,✓,4,url extractor -> video downloader -> video speed changer -> image-to-text,image-to-text -> url extractor -> video downloader -> video speed changer,node_mismatch; arg_mismatch(4)
99509284,single,✓,✓,1,video speed changer,video speed changer,arg_mismatch(1)
32215556,chain,✗,✗,2,video-to-audio -> audio effects,audio effects -> video-to-audio,node_mismatch; link_mismatch; arg_mismatch(2)
19624974,single,✓,✓,1,voice changer,voice changer,arg_mismatch(1)
18493688,dag,✗,✗,2,text grammar checker -> text-to-image,article spinner -> text grammar checker -> text-to-image,node_mismatch; link_mismatch; arg_mismatch(2)
15506858,dag,✗,✗,3,text-to-audio -> audio splicer,keyword extractor -> voice changer -> audio noise reduction -> audio splicer,node_mismatch; link_mismatch; arg_mismatch(3)
14274279,chain,✓,✓,1,video speed changer -> video stabilizer -> video-to-text -> video search -> video-to-audio -> video synchronization,video speed changer -> video stabilizer -> video-to-text -> video search -> video-to-audio -> video synchronization,arg_mismatch(1)
29012077,single,✓,✓,1,video-to-audio,video-to-audio,arg_mismatch(1)
12415099,chain,✓,✓,1,text paraphraser -> keyword extractor -> audio effects,text paraphraser -> keyword extractor -> audio effects,arg_mismatch(1)
17464978,chain,✗,✗,2,video-to-audio -> audio-to-text -> text sentiment analysis,video-to-text -> text sentiment analysis -> text expander,node_mismatch; link_mismatch; arg_mismatch(2)
25341678,chain,✗,✗,2,audio-to-text -> text search -> text-to-video -> video-to-text,audio-to-text -> internet research -> text-to-video -> video-to-text,node_mismatch; link_mismatch; arg_mismatch(2)
59562486,chain,✗,✗,3,video-to-audio -> audio-to-text -> text translator -> text grammar checker -> text-to-video,video-to-image -> image-to-text -> text translator -> text grammar checker -> text-to-video,node_mismatch; link_mismatch; arg_mismatch(3)
10653366,chain,✗,✗,2,image-to-text -> text translator -> text simplifier -> topic generator -> text-to-video,image-to-text -> text translator -> text simplifier -> text paraphraser -> topic generator -> text-to-video -> video stabilizer,node_mismatch; link_mismatch; arg_mismatch(2)
10653436,dag,✗,✗,2,audio-to-text -> keyword extractor -> text sentiment analysis,audio-to-text -> text keyword extraction -> text sentiment analysis,node_mismatch; link_mismatch; arg_mismatch(2)
11673049,single,✓,✓,1,video search,video search,arg_mismatch(1)
68800367,dag,✗,✗,3,audio-to-text -> keyword extractor -> text search -> audio effects,audio-to-text -> text translator -> keyword extractor -> web search -> audio effects,node_mismatch; link_mismatch; arg_mismatch(3)
22323788,chain,✗,✗,3,text expander -> text-to-audio -> audio splicer,text expander -> article spinner -> voice changer -> audio mixer,node_mismatch; link_mismatch; arg_mismatch(3)
13410833,single,✓,✓,1,voice changer,voice changer,arg_mismatch(1)
10109081,dag,✗,✗,1,text paraphraser -> video search -> image search,text paraphraser -> video search -> text-to-image,node_mismatch; link_mismatch; arg_mismatch(1)
69921259,chain,✗,✗,4,text expander -> text grammar checker -> text summarizer -> keyword extractor,keyword extractor -> text expander -> text grammar checker -> text summarizer,node_mismatch; link_mismatch; arg_mismatch(4)
32845211,single,✓,✓,1,image search,image search,arg_mismatch(1)
11015299,single,✓,✓,1,voice changer,voice changer,arg_mismatch(1)
24888063,chain,✗,✗,4,text sentiment analysis -> text search -> topic generator -> image search,text sentiment analysis -> text search -> url extractor -> text downloader -> topic generator -> image search,node_mismatch; link_mismatch; arg_mismatch(4)
13368119,single,✗,✗,1,text-to-image -> image-to-video,text-to-video,node_mismatch; link_mismatch; arg_mismatch(1)
10614354,chain,✓,✓,1,audio effects -> video synchronization,audio effects -> video synchronization,arg_mismatch(1)
17465495,chain,✗,✗,4,text translator -> topic generator -> text paraphraser -> text-to-image -> image search (by image),image search (by image) -> text paraphraser -> text translator -> text-to-image -> topic generator,node_mismatch; link_mismatch; arg_mismatch(4)
24376054,chain,✗,✗,3,text grammar checker -> text paraphraser -> keyword extractor -> url extractor,text paraphraser -> text grammar checker -> keyword extractor -> url extractor,node_mismatch; link_mismatch; arg_mismatch(3)
98937961,chain,✗,✗,3,image stitcher -> image-to-video -> video voiceover -> video-to-text -> video speed changer,image stitcher -> image-to-video -> video-to-text -> video speed changer,node_mismatch; link_mismatch; arg_mismatch(3)
29602798,chain,✗,✗,2,text simplifier -> url extractor,article spinner -> text simplifier -> url extractor,node_mismatch; link_mismatch; arg_mismatch(2)
76283413,chain,✓,✗,1,text-to-audio -> audio noise reduction -> audio-to-text -> video search -> video voiceover,text-to-audio -> audio noise reduction -> audio-to-text -> video search -> video voiceover,link_mismatch; arg_mismatch(1)
51044983,dag,✗,✗,2,video-to-audio -> audio-to-text -> voice changer -> audio downloader,video-to-audio -> video-to-text -> voice changer -> save audio,node_mismatch; link_mismatch; arg_mismatch(2)
20739025,chain,✗,✗,3,video-to-audio -> audio-to-text -> text summarizer -> text paraphraser,video-to-text -> article spinner -> text summarizer,node_mismatch; link_mismatch; arg_mismatch(3)
19817448,chain,✗,✗,1,image-to-text -> article spinner -> text-to-audio,image-to-text -> rewriter -> text-to-audio,node_mismatch; link_mismatch; arg_mismatch(1)
74124349,chain,✗,✗,5,text downloader -> text-to-image -> image style transfer -> image search (by image) -> image-to-text -> text sentiment analysis,text downloader -> text-to-image -> image colorizer -> image stitcher -> image style transfer -> image search (by image) -> image-to-text -> text sentiment analysis,node_mismatch; link_mismatch; arg_mismatch(5)
15076392,dag,✗,✗,0,text downloader -> video search -> text simplifier,text downloader -> text simplifier -> video search,node_mismatch; link_mismatch
33155889,chain,✗,✗,3,audio-to-image -> image-to-text -> text sentiment analysis,url audio downloader -> audio waveform/spectrogram generator -> ocr (optical character recognition) -> sentiment analyser,node_mismatch; link_mismatch; arg_mismatch(3)
17921075,chain,✗,✗,1,audio downloader -> audio noise reduction -> audio splicer,audio downloader -> audio noise reduction -> audio concatenator,node_mismatch; link_mismatch; arg_mismatch(1)
21144386,chain,✗,✗,5,video-to-audio -> audio-to-text -> text simplifier -> text expander -> text-to-audio -> video synchronization,video downloader -> video synchronization -> video-to-text -> text simplifier -> text expander -> text-to-video,node_mismatch; link_mismatch; arg_mismatch(5)
14978607,chain,✗,✗,4,audio noise reduction -> audio-to-image -> image search (by image) -> image-to-text -> text-to-image,audio noise reduction -> audio-to-image -> image style transfer -> image search (by image) -> image-to-text -> text-to-image,node_mismatch; link_mismatch; arg_mismatch(4)
18735446,chain,✓,✓,1,image search (by image) -> image style transfer -> image-to-video -> video voiceover,image search (by image) -> image style transfer -> image-to-video -> video voiceover,arg_mismatch(1)
33294930,chain,✓,✗,2,text grammar checker -> text paraphraser,text grammar checker -> text paraphraser,link_mismatch; arg_mismatch(2)
20173407,chain,✓,✓,1,video-to-audio -> audio effects -> audio-to-text,video-to-audio -> audio effects -> audio-to-text,arg_mismatch(1)
25308013,chain,✗,✗,3,video-to-audio -> audio-to-text -> url extractor -> text downloader,video-to-text -> url extractor -> text downloader,node_mismatch; link_mismatch; arg_mismatch(3)
16759234,single,✓,✓,1,url extractor,url extractor,arg_mismatch(1)
21375920,dag,✓,✗,1,audio-to-text -> text summarizer -> keyword extractor,audio-to-text -> text summarizer -> keyword extractor,link_mismatch; arg_mismatch(1)
30041872,chain,✗,✗,3,text expander -> video speed changer -> video-to-image,text paraphraser -> text expander -> video speed changer -> video-to-image,node_mismatch; link_mismatch; arg_mismatch(3)
28582632,chain,✗,✗,1,text grammar checker -> text-to-image,text grammar checker -> text-to-image -> image colorizer,node_mismatch; link_mismatch; arg_mismatch(1)
15988986,single,✓,✓,1,text-to-video,text-to-video,arg_mismatch(1)
22883474,chain,✗,✗,2,topic generator,text sentiment analysis -> topic generator -> text expander,node_mismatch; link_mismatch; arg_mismatch(2)
20367816,chain,✓,✓,1,voice changer -> audio splicer -> audio-to-text -> text simplifier,voice changer -> audio splicer -> audio-to-text -> text simplifier,arg_mismatch(1)
10646179,chain,✓,✓,1,video voiceover -> video-to-audio -> audio splicer -> voice changer,video voiceover -> video-to-audio -> audio splicer -> voice changer,arg_mismatch(1)
26067196,single,✓,✓,1,text search,text search,arg_mismatch(1)
88646749,chain,✗,✗,2,text downloader -> video speed changer,text downloader -> text summarizer -> video speed changer,node_mismatch; link_mismatch; arg_mismatch(2)
12415756,chain,✗,✗,3,url extractor -> image downloader,text downloader -> url extractor -> image downloader,node_mismatch; link_mismatch; arg_mismatch(3)
13646024,dag,✗,✗,2,video downloader -> text sentiment analysis -> video speed changer,text sentiment analysis -> video downloader -> video speed adjuster,node_mismatch; link_mismatch; arg_mismatch(2)
25672611,single,✓,✓,1,url extractor,url extractor,arg_mismatch(1)
25993874,chain,✗,✗,4,text expander -> url extractor -> audio downloader -> audio-to-image,audio downloader -> audio-to-image -> text expander -> url extractor,node_mismatch; link_mismatch; arg_mismatch(4)
28161263,single,✗,✗,2,text search -> url extractor -> text downloader,text search,node_mismatch; link_mismatch; arg_mismatch(2)
15929498,chain,✓,✗,1,audio-to-text -> text sentiment analysis -> text simplifier,audio-to-text -> text sentiment analysis -> text simplifier,link_mismatch; arg_mismatch(1)
21757159,single,✓,✓,1,video search,video search,arg_mismatch(1)
14720869,chain,✓,✓,1,video-to-audio -> audio splicer -> audio noise reduction -> audio effects -> audio-to-image,video-to-audio -> audio splicer -> audio noise reduction -> audio effects -> audio-to-image,arg_mismatch(1)
21972271,dag,✗,✓,0,text translator -> text-to-image -> image search -> audio-to-text,text translator -> text-to-image -> image search -> video-to-text,node_mismatch
26592612,chain,✓,✓,1,video search -> video-to-audio -> audio splicer,video search -> video-to-audio -> audio splicer,arg_mismatch(1)
25520941,dag,✗,✓,4,text sentiment analysis -> text search -> image search -> audio effects,audio effects -> image search -> text search -> text sentiment analysis,node_mismatch; arg_mismatch(4)
25542319,single,✓,✓,1,audio noise reduction,audio noise reduction,arg_mismatch(1)
32259726,chain,✗,✗,3,text-to-image -> image style transfer -> video-to-image -> image stitcher,text paraphraser -> text-to-video -> video-to-image -> image stitcher -> image style transfer,node_mismatch; link_mismatch; arg_mismatch(3)
65190744,chain,✓,✗,2,video synchronization -> video-to-text -> text search -> video voiceover,video synchronization -> video-to-text -> text search -> video voiceover,link_mismatch; arg_mismatch(2)
12096616,chain,✓,✗,1,audio-to-text -> text summarizer -> url extractor,audio-to-text -> text summarizer -> url extractor,link_mismatch; arg_mismatch(1)
22107632,dag,✗,✗,1,text simplifier -> text-to-image -> text-to-audio -> audio splicer,text simplifier -> image search -> text-to-audio -> audio splicer,node_mismatch; link_mismatch; arg_mismatch(1)
14084946,dag,✗,✗,5,video-to-image -> video-to-text -> text paraphraser -> text-to-image -> image stitcher,text summarizer -> text-to-image -> video frame extractor -> image stitcher,node_mismatch; link_mismatch; arg_mismatch(5)
33105014,chain,✗,✗,3,url extractor -> text downloader -> topic generator -> keyword extractor,keyword extractor -> text downloader -> topic generator -> url extractor,node_mismatch; link_mismatch; arg_mismatch(3)
54828914,chain,✓,✗,2,topic generator -> text expander -> text sentiment analysis,topic generator -> text expander -> text sentiment analysis,link_mismatch; arg_mismatch(2)
62020008,chain,✗,✗,3,text simplifier -> text-to-audio,text sentiment analysis -> topic generator -> article spinner -> text-to-audio,node_mismatch; link_mismatch; arg_mismatch(3)
19059855,dag,✗,✗,2,text-to-audio -> audio effects,text sentiment analysis -> text-to-audio -> voice changer,node_mismatch; link_mismatch; arg_mismatch(2)
20548432,chain,✗,✗,2,text sentiment analysis -> text-to-video,text sentiment analysis -> video search -> video stabilizer,node_mismatch; link_mismatch; arg_mismatch(2)
22307216,chain,✗,✗,5,video-to-audio -> audio-to-image -> image search (by image) -> image colorizer -> image-to-video,video downloader -> video-to-audio -> audio-to-image -> image style transfer -> image search (by image) -> image colorizer -> image-to-video,node_mismatch; link_mismatch; arg_mismatch(5)
23610308,chain,✗,✗,4,video-to-audio -> audio-to-text -> text sentiment analysis -> text expander -> video voiceover,text sentiment analysis -> video voiceover -> video-to-text,node_mismatch; link_mismatch; arg_mismatch(4)
27532454,chain,✗,✗,2,video-to-audio -> audio-to-text -> article spinner -> text sentiment analysis,video-to-audio -> audio-to-text -> text summarizer -> article spinner -> text sentiment analysis,node_mismatch; link_mismatch; arg_mismatch(2)
19065292,chain,✓,✓,1,image style transfer -> image colorizer -> image search (by image) -> image-to-text -> voice changer,image style transfer -> image colorizer -> image search (by image) -> image-to-text -> voice changer,arg_mismatch(1)
18213074,chain,✗,✗,2,text summarizer -> article spinner,article spinner -> keyword extractor -> text summarizer,node_mismatch; link_mismatch; arg_mismatch(2)
19899350,chain,✓,✓,1,keyword extractor -> text-to-video -> video synchronization,keyword extractor -> text-to-video -> video synchronization,arg_mismatch(1)
90928836,chain,✓,✓,1,video-to-audio -> audio effects -> video synchronization,video-to-audio -> audio effects -> video synchronization,arg_mismatch(1)
58711456,dag,✓,✗,2,video stabilizer -> video synchronization -> video speed changer -> video-to-audio,video stabilizer -> video synchronization -> video speed changer -> video-to-audio,link_mismatch; arg_mismatch(2)
15470709,chain,✗,✗,4,audio-to-image -> image-to-text -> topic generator -> audio effects -> audio noise reduction,audio-to-image -> image colorizer -> image-to-text -> topic generator -> audio effects -> audio noise reduction,node_mismatch; link_mismatch; arg_mismatch(4)
32029675,chain,✗,✗,6,video speed changer -> video-to-text -> video-to-audio -> audio-to-text -> image search,audio downloader -> audio-to-text -> image search -> url extractor -> video speed changer -> video-to-text,node_mismatch; link_mismatch; arg_mismatch(6)
21743555,chain,✗,✗,1,text-to-video -> video-to-image,text-to-video -> video stabilizer -> video-to-image,node_mismatch; link_mismatch; arg_mismatch(1)
59071626,chain,✗,✗,5,video-to-audio -> audio-to-text -> text summarizer -> text paraphraser -> text-to-image -> video voiceover,video-to-text -> keyword extractor -> text paraphraser -> text-to-video -> video-to-image,node_mismatch; link_mismatch; arg_mismatch(5)
14433453,chain,✗,✗,4,video downloader -> video-to-audio -> audio-to-text -> keyword extractor -> text expander -> text-to-audio,video downloader -> video stabilizer -> video-to-text -> topic generator -> text expander -> text-to-audio,node_mismatch; link_mismatch; arg_mismatch(4)
26296518,chain,✓,✓,1,audio splicer -> voice changer,audio splicer -> voice changer,arg_mismatch(1)
29468567,chain,✗,✗,3,text-to-image -> image stitcher,text-to-image -> image search (by image) -> image stitcher,node_mismatch; link_mismatch; arg_mismatch(3)
20735861,chain,✗,✗,2,image style transfer -> image search (by image) -> image-to-text -> video speed changer,image style transfer -> visual image search -> image ocr -> variable speed video playback,node_mismatch; link_mismatch; arg_mismatch(2)
10219569,single,✗,✗,2,image search -> image downloader,image search,node_mismatch; link_mismatch; arg_mismatch(2)
95824082,dag,✓,✗,2,image-to-text -> text grammar checker -> keyword extractor,image-to-text -> text grammar checker -> keyword extractor,link_mismatch; arg_mismatch(2)
78396527,chain,✓,✗,1,text translator -> topic generator -> text-to-video -> video speed changer -> video synchronization,text translator -> topic generator -> text-to-video -> video speed changer -> video synchronization,link_mismatch; arg_mismatch(1)
58008169,single,✓,✓,1,video speed changer,video speed changer,arg_mismatch(1)
13952828,chain,✓,✗,1,image-to-text -> topic generator -> text sentiment analysis -> text paraphraser -> image search,image-to-text -> topic generator -> text sentiment analysis -> text paraphraser -> image search,link_mismatch; arg_mismatch(1)
26700938,chain,✓,✓,1,video speed changer -> video-to-audio -> audio-to-text,video speed changer -> video-to-audio -> audio-to-text,arg_mismatch(1)
11297201,dag,✗,✗,3,text translator -> keyword extractor -> url extractor -> video downloader -> text translator -> text-to-audio,text translator -> url extractor -> video downloader -> text-to-audio,node_mismatch; link_mismatch; arg_mismatch(3)
66201518,dag,✗,✗,3,video-to-audio -> audio-to-text -> text-to-video -> text-to-audio,video-to-text -> text-to-video -> text-to-audio,node_mismatch; link_mismatch; arg_mismatch(3)
65661231,chain,✓,✓,1,video synchronization -> video speed changer -> video voiceover -> video-to-image,video synchronization -> video speed changer -> video voiceover -> video-to-image,arg_mismatch(1)
24480669,dag,✗,✗,3,text search -> text downloader -> audio noise reduction -> voice changer,text search -> audio noise reduction -> voice changer,node_mismatch; link_mismatch; arg_mismatch(3)
20966046,chain,✗,✗,2,text downloader -> text summarizer -> text-to-audio,text downloader -> text summarizer -> text simplifier -> text translator -> text to speech converter,node_mismatch; link_mismatch; arg_mismatch(2)
19123574,chain,✗,✗,0,audio-to-image -> image style transfer -> image-to-video,audio-to-image -> image style transfer -> create slideshow,node_mismatch; link_mismatch
20139501,chain,✗,✗,1,image downloader -> image search (by image) -> image style transfer,image downloader -> image similarity finder -> image colorizer,node_mismatch; link_mismatch; arg_mismatch(1)
28558814,chain,✗,✗,2,video-to-audio -> audio-to-text -> text summarizer,video-to-text -> text summarizer,node_mismatch; link_mismatch; arg_mismatch(2)
49015895,chain,✓,✓,2,video synchronization -> video-to-image -> image-to-text -> text summarizer -> text expander -> article spinner -> voice changer -> audio-to-image,video synchronization -> video-to-image -> image-to-text -> text summarizer -> text expander -> article spinner -> voice changer -> audio-to-image,arg_mismatch(2)
66706247,dag,✗,✗,1,text paraphraser -> url extractor,article spinner -> url extractor,node_mismatch; link_mismatch; arg_mismatch(1)
95118595,single,✓,✓,1,image downloader,image downloader,arg_mismatch(1)
50679368,chain,✓,✓,1,topic generator -> text grammar checker -> video search,topic generator -> text grammar checker -> video search,arg_mismatch(1)
23919197,chain,✗,✗,0,text summarizer -> text translator -> article spinner -> text-to-image,text summarizer -> text translator -> article spinner -> text-to-image generator,node_mismatch; link_mismatch
12665433,dag,✓,✗,1,audio splicer -> video stabilizer -> video synchronization,audio splicer -> video stabilizer -> video synchronization,link_mismatch; arg_mismatch(1)
71887640,chain,✗,✗,2,image style transfer -> image-to-text -> text search,image style transfer -> image-to-text -> keyword extractor -> text search -> text translator,node_mismatch; link_mismatch; arg_mismatch(2)
21596896,chain,✗,✗,3,url extractor -> image style transfer -> image search (by image),url extractor -> image downloader -> image style transfer -> image search (by image),node_mismatch; link_mismatch; arg_mismatch(3)
27069080,chain,✓,✓,1,text-to-image -> image-to-text -> text summarizer,text-to-image -> image-to-text -> text summarizer,arg_mismatch(1)
14929277,single,✓,✓,1,text expander,text expander,arg_mismatch(1)
12750373,chain,✓,✗,3,video voiceover -> video synchronization -> video-to-audio -> audio effects,video voiceover -> video synchronization -> video-to-audio -> audio effects,link_mismatch; arg_mismatch(3)
21815491,dag,✗,✗,3,video-to-audio -> audio-to-text -> keyword extractor -> text paraphraser,video-to-text -> keyword extractor -> text paraphraser,node_mismatch; link_mismatch; arg_mismatch(3)
13802658,chain,✗,✗,3,text expander -> video speed changer -> video-to-audio,topic generator -> text expander -> video speed changer -> video-to-audio,node_mismatch; link_mismatch; arg_mismatch(3)
30008478,chain,✗,✗,1,text simplifier -> image search,text simplifier -> text paraphraser -> topic generator -> url extractor -> image downloader,node_mismatch; link_mismatch; arg_mismatch(1)
32638841,dag,✗,✗,3,video-to-audio -> audio-to-text -> text sentiment analysis -> url extractor,video-to-text -> text expander -> text sentiment analysis -> url extractor,node_mismatch; link_mismatch; arg_mismatch(3)
29514801,chain,✗,✗,2,url extractor -> audio downloader,text grammar checker -> url extractor -> audio downloader,node_mismatch; link_mismatch; arg_mismatch(2)
28792096,chain,✗,✗,1,keyword extractor -> audio-to-image,keyword extractor -> text-to-audio -> audio-to-image,node_mismatch; link_mismatch; arg_mismatch(1)
13116059,chain,✗,✗,2,text translator -> text-to-image,text simplifier -> text translator -> text-to-image,node_mismatch; link_mismatch; arg_mismatch(2)
27867475,chain,✗,✗,2,image downloader -> image style transfer -> image-to-text -> text simplifier,image downloader -> image style transfer -> image-to-text -> text simplifier -> text summarizer,node_mismatch; link_mismatch; arg_mismatch(2)
15761597,dag,✗,✓,2,video stabilizer -> audio downloader -> video synchronization,audio downloader -> video stabilizer -> video synchronization,node_mismatch; arg_mismatch(2)
16474595,chain,✓,✓,1,text-to-audio -> audio effects -> audio-to-image,text-to-audio -> audio effects -> audio-to-image,arg_mismatch(1)
10141415,chain,✗,✗,2,image-to-text -> text-to-audio -> audio-to-image,image-to-text -> text-to-audio -> audio effects -> audio-to-image,node_mismatch; link_mismatch; arg_mismatch(2)
82669323,chain,✗,✗,3,text search -> text-to-audio,text search -> text-to-audio -> voice changer,node_mismatch; link_mismatch; arg_mismatch(3)
27918285,chain,✗,✗,5,video voiceover -> video-to-audio -> audio-to-image -> image stitcher -> image-to-text,audio-to-image -> image stitcher -> image-to-text -> video voiceover -> video-to-audio,node_mismatch; link_mismatch; arg_mismatch(5)
25953444,single,✗,✗,2,audio splicer -> audio-to-file,audio splicer,node_mismatch; link_mismatch; arg_mismatch(2)
11582504,chain,✗,✗,0,audio-to-image -> image style transfer -> image search,audio-to-image -> image style transfer -> image search (by image),node_mismatch; link_mismatch
29617317,single,✗,✗,2,text-to-audio -> audio splicer,text-to-audio,node_mismatch; link_mismatch; arg_mismatch(2)
95721268,chain,✓,✓,1,audio noise reduction -> audio effects -> audio splicer,audio noise reduction -> audio effects -> audio splicer,arg_mismatch(1)
37405663,chain,✗,✗,2,text translator -> text expander -> video voiceover,text translator -> article spinner -> text expander -> video voiceover,node_mismatch; link_mismatch; arg_mismatch(2)
59855945,dag,✗,✗,3,text summarizer -> text-to-audio -> audio noise reduction,audio noise reduction -> text summarizer -> text-to-speech converter,node_mismatch; link_mismatch; arg_mismatch(3)
28142769,single,✓,✓,1,text translator,text translator,arg_mismatch(1)
33725564,chain,✓,✓,3,text search -> text paraphraser -> video voiceover -> video synchronization -> video speed changer -> video stabilizer,text search -> text paraphraser -> video voiceover -> video synchronization -> video speed changer -> video stabilizer,arg_mismatch(3)
30699367,dag,✗,✗,0,text expander -> text simplifier -> text-to-image -> image search,text expander -> text simplifier -> image search -> text-to-image,node_mismatch; link_mismatch
18316934,chain,✓,✓,1,article spinner -> text-to-video -> video synchronization,article spinner -> text-to-video -> video synchronization,arg_mismatch(1)
20183863,single,✓,✓,1,video voiceover,video voiceover,arg_mismatch(1)
31349807,dag,✗,✗,5,url extractor -> image downloader -> image style transfer -> image stitcher,text summarizer -> url extractor -> image downloader -> image downloader -> image style transfer -> image stitcher,node_mismatch; link_mismatch; arg_mismatch(5)
75189780,chain,✓,✗,6,video-to-text -> text-to-image -> image-to-text -> text paraphraser -> keyword extractor -> video search -> video-to-image,video-to-text -> text-to-image -> image-to-text -> text paraphraser -> keyword extractor -> video search -> video-to-image,link_mismatch; arg_mismatch(6)
17254908,chain,✓,✗,3,article spinner -> text search -> video search,article spinner -> text search -> video search,link_mismatch; arg_mismatch(3)
17449623,chain,✗,✗,2,video-to-audio -> audio-to-image -> image-to-text,video-to-audio -> audio-to-text -> text-to-image -> image-to-text,node_mismatch; link_mismatch; arg_mismatch(2)
15996831,chain,✗,✗,2,topic generator -> text summarizer -> text sentiment analysis -> text paraphraser,topic generator -> text summarizer -> text sentiment analysis -> article spinner,node_mismatch; link_mismatch; arg_mismatch(2)
18032535,chain,✗,✗,3,audio noise reduction -> image-to-video -> audio-to-image -> image stitcher,audio noise reduction -> audio-to-image -> image stitcher -> image-to-video,node_mismatch; link_mismatch; arg_mismatch(3)
21367327,dag,✗,✗,3,image search -> image-to-video,text-to-image -> image search (by image) -> image search (by image) -> image-to-video,node_mismatch; link_mismatch; arg_mismatch(3)
20323700,chain,✗,✗,1,audio-to-text -> text summarizer,audio-to-text -> keyword extractor -> topic generator -> sentence summarizer -> text-to-audio,node_mismatch; link_mismatch; arg_mismatch(1)
27135772,chain,✓,✓,2,video speed changer -> video stabilizer -> video synchronization -> video-to-image,video speed changer -> video stabilizer -> video synchronization -> video-to-image,arg_mismatch(2)
54073739,chain,✓,✗,1,image-to-text -> text paraphraser -> text sentiment analysis -> video search,image-to-text -> text paraphraser -> text sentiment analysis -> video search,link_mismatch; arg_mismatch(1)
18788834,dag,✗,✗,4,video-to-image -> image stitcher -> video-to-audio -> audio-to-text -> video speed changer,video-to-text -> video-to-image -> image stitcher -> video speed changer,node_mismatch; link_mismatch; arg_mismatch(4)
17863813,chain,✗,✗,2,text-to-video -> video synchronization,text expander -> text-to-video -> video-to-audio -> audio splicer,node_mismatch; link_mismatch; arg_mismatch(2)
23257862,dag,✗,✗,0,text downloader -> text-to-image -> text-to-audio,text downloader -> text-to-audio -> text-to-image,node_mismatch; link_mismatch
47706809,single,✗,✗,2,text-to-image -> image downloader,text-to-image,node_mismatch; link_mismatch; arg_mismatch(2)
18284019,dag,✗,✗,1,image-to-video -> video-to-audio -> video stabilizer,image-to-video -> video stabilizer -> video-to-audio,node_mismatch; link_mismatch; arg_mismatch(1)
31969085,chain,✗,✗,3,audio downloader -> audio-to-image -> image stitcher -> image search (by image),audio downloader -> audio-to-image -> image colorizer -> image stitcher -> image search (by image),node_mismatch; link_mismatch; arg_mismatch(3)
12280451,chain,✗,✗,3,image-to-video -> video-to-audio -> audio-to-image,audio-to-image -> image-to-video -> video-to-audio,node_mismatch; link_mismatch; arg_mismatch(3)
98091767,dag,✗,✗,4,video downloader -> video voiceover -> video-to-text,text-to-audio -> video downloader -> video synchronization -> video-to-text,node_mismatch; link_mismatch; arg_mismatch(4)
32890952,chain,✗,✗,1,topic generator -> text search,topic generator -> keyword extractor -> text paraphraser -> text expander -> url extractor,node_mismatch; link_mismatch; arg_mismatch(1)
32537004,chain,✓,✓,1,audio splicer -> audio effects -> audio-to-text -> text-to-audio,audio splicer -> audio effects -> audio-to-text -> text-to-audio,arg_mismatch(1)
95569990,chain,✗,✗,5,video-to-audio -> audio-to-text -> text sentiment analysis -> text-to-video -> video stabilizer -> video-to-audio,video-to-text -> text sentiment analysis -> text-to-video -> video stabilizer -> video-to-audio,node_mismatch; link_mismatch; arg_mismatch(5)
44931347,single,✓,✓,1,video-to-image,video-to-image,arg_mismatch(1)
27412468,dag,✗,✗,4,text-to-image -> audio-to-image -> image-to-video,text grammar checker -> text-to-image -> audio-to-image -> image-to-video,node_mismatch; link_mismatch; arg_mismatch(4)
57973781,dag,✗,✗,0,topic generator -> text search -> video search,topic generator -> url extractor -> video search,node_mismatch; link_mismatch
24204963,chain,✗,✗,1,audio-to-text -> video search,audio-to-text -> topic generator -> url extractor -> video downloader,node_mismatch; link_mismatch; arg_mismatch(1)
48318288,dag,✗,✗,3,audio downloader -> audio effects,url extractor -> audio downloader -> text translator -> audio effects,node_mismatch; link_mismatch; arg_mismatch(3)
15463438,single,✗,✓,0,text paraphraser,article spinner,node_mismatch
26105740,dag,✓,✗,4,text sentiment analysis -> text paraphraser -> url extractor -> text-to-video,text sentiment analysis -> text paraphraser -> url extractor -> text-to-video,link_mismatch; arg_mismatch(4)
33753456,chain,✓,✗,2,text downloader -> text translator -> text-to-image,text downloader -> text translator -> text-to-image,link_mismatch; arg_mismatch(2)
29550855,chain,✗,✗,5,video-to-audio -> audio-to-text -> text grammar checker -> text search -> url extractor -> video downloader,video-to-text -> text grammar checker -> text search -> url extractor -> video downloader,node_mismatch; link_mismatch; arg_mismatch(5)
34001341,dag,✗,✗,3,image-to-video -> video synchronization -> video speed changer,image-to-video -> speech-to-text -> video speed changer -> video synchronization,node_mismatch; link_mismatch; arg_mismatch(3)
10475658,single,✗,✗,1,video-to-audio -> audio-to-text,video-to-text,node_mismatch; link_mismatch; arg_mismatch(1)
26359501,chain,✗,✗,3,video-to-audio -> audio-to-text -> text translator -> keyword extractor,video downloader -> video-to-text -> keyword extractor -> text translator,node_mismatch; link_mismatch; arg_mismatch(3)
98957541,single,✓,✓,1,video speed changer,video speed changer,arg_mismatch(1)
11974153,chain,✗,✗,4,video-to-image -> image style transfer -> image colorizer -> image stitcher,image colorizer -> image stitcher -> image style transfer -> video-to-image,node_mismatch; link_mismatch; arg_mismatch(4)
33846084,dag,✗,✗,3,text summarizer -> text-to-audio -> video synchronization,text summarizer -> topic generator -> text expander -> video voiceover,node_mismatch; link_mismatch; arg_mismatch(3)
29995389,chain,✗,✗,4,image-to-video -> video-to-audio -> audio-to-text -> text grammar checker -> video speed changer -> video stabilizer,image-to-video -> video-to-text -> text grammar checker -> video speed changer -> video stabilizer,node_mismatch; link_mismatch; arg_mismatch(4)
14983504,chain,✗,✗,4,image colorizer -> image colorizer -> image stitcher -> image colorizer -> image-to-video,image stitcher -> image colorizer -> image-to-video,node_mismatch; link_mismatch; arg_mismatch(4)
90598608,chain,✓,✓,1,audio effects -> audio-to-text -> text sentiment analysis -> text-to-audio,audio effects -> audio-to-text -> text sentiment analysis -> text-to-audio,arg_mismatch(1)
12781222,chain,✗,✗,2,text paraphraser -> image search,text sentiment analysis -> text paraphraser -> image search,node_mismatch; link_mismatch; arg_mismatch(2)
63680870,chain,✗,✗,5,video stabilizer -> video-to-audio -> voice changer -> audio effects -> video synchronization -> audio splicer,video stabilizer -> voice changer -> video-to-audio -> audio effects -> video synchronization,node_mismatch; link_mismatch; arg_mismatch(5)
11733669,chain,✗,✗,2,keyword extractor -> text summarizer -> text paraphraser -> video voiceover,keyword extractor -> text-to-video -> video voiceover,node_mismatch; link_mismatch; arg_mismatch(2)
88766584,single,✓,✓,1,text expander,text expander,arg_mismatch(1)
28445263,chain,✗,✗,2,video stabilizer -> video speed changer,video speed changer -> video stabilizer,node_mismatch; link_mismatch; arg_mismatch(2)
21878474,dag,✓,✓,1,text paraphraser -> text search -> video search,text paraphraser -> text search -> video search,arg_mismatch(1)
30675625,chain,✗,✗,4,text translator -> text simplifier -> text-to-image -> image style transfer,text simplifier -> text translator -> text paraphraser -> text-to-image -> image style transfer,node_mismatch; link_mismatch; arg_mismatch(4)
28253748,single,✓,✓,1,audio effects,audio effects,arg_mismatch(1)
20776578,chain,✗,✗,1,text expander -> text-to-audio,text expander -> text grammar checker -> text-to-audio,node_mismatch; link_mismatch; arg_mismatch(1)
20085350,chain,✗,✗,3,video-to-audio -> audio-to-text -> text search,video search -> video-to-text -> text search,node_mismatch; link_mismatch; arg_mismatch(3)
30347874,chain,✗,✗,3,image-to-text -> text sentiment analysis -> text-to-audio -> audio noise reduction,audio noise reduction -> image-to-text -> text sentiment analysis -> voice changer,node_mismatch; link_mismatch; arg_mismatch(3)
25460645,chain,✗,✗,4,video-to-image -> image colorizer -> image search (by image) -> image-to-video,video-to-image -> image style transfer -> image colorizer -> image search (by image) -> image-to-video,node_mismatch; link_mismatch; arg_mismatch(4)
32853675,single,✓,✓,1,url extractor,url extractor,arg_mismatch(1)
11055559,chain,✓,✓,1,url extractor -> text downloader -> text-to-video -> video synchronization -> video stabilizer,url extractor -> text downloader -> text-to-video -> video synchronization -> video stabilizer,arg_mismatch(1)
57040556,chain,✗,✗,4,text translator -> text expander -> video voiceover,article spinner -> text translator -> text paraphraser -> text expander -> video voiceover,node_mismatch; link_mismatch; arg_mismatch(4)
11257954,single,✗,✗,2,text-to-image -> image-to-video -> video voiceover,text-to-video,node_mismatch; link_mismatch; arg_mismatch(2)
27427530,chain,✗,✗,3,video stabilizer -> video synchronization -> video-to-audio -> audio noise reduction,video synchronization -> video stabilizer -> video-to-audio -> audio noise reduction,node_mismatch; link_mismatch; arg_mismatch(3)
19494525,chain,✗,✗,1,audio-to-image -> image style transfer -> image stitcher -> image style transfer -> image-to-video,audio downloader -> audio-to-image -> image stitcher -> image style transfer -> image-to-video,node_mismatch; link_mismatch; arg_mismatch(1)
29980335,single,✓,✓,1,video speed changer,video speed changer,arg_mismatch(1)
11108209,chain,✓,✓,1,text-to-image -> image search (by image),text-to-image -> image search (by image),arg_mismatch(1)
95488478,chain,✗,✗,2,image style transfer -> image-to-video,image style transfer -> image-to-video -> video stabilizer,node_mismatch; link_mismatch; arg_mismatch(2)
20656575,single,✓,✓,1,text grammar checker,text grammar checker,arg_mismatch(1)
43817865,chain,✓,✗,1,video voiceover -> video-to-text -> url extractor -> audio downloader -> video synchronization,video voiceover -> video-to-text -> url extractor -> audio downloader -> video synchronization,link_mismatch; arg_mismatch(1)
24293951,chain,✗,✗,4,video downloader -> video-to-image -> image stitcher -> video synchronization -> video voiceover,video downloader -> video synchronization -> video voiceover -> video-to-image -> image stitcher,node_mismatch; link_mismatch; arg_mismatch(4)
74694180,chain,✗,✗,5,video-to-audio -> audio-to-text -> keyword extractor -> text translator -> text summarizer -> text-to-image,video-to-text -> keyword extractor -> text translator -> text summarizer -> text-to-image,node_mismatch; link_mismatch; arg_mismatch(5)
17423799,single,✓,✓,1,text search,text search,arg_mismatch(1)
30394833,chain,✓,✓,2,image search (by image) -> image-to-video -> video speed changer -> video voiceover,image search (by image) -> image-to-video -> video speed changer -> video voiceover,arg_mismatch(2)
14869051,chain,✓,✗,1,article spinner -> text grammar checker -> text simplifier -> text translator -> topic generator -> keyword extractor,article spinner -> text grammar checker -> text simplifier -> text translator -> topic generator -> keyword extractor,link_mismatch; arg_mismatch(1)
13257713,chain,✗,✗,2,image search (by image) -> image style transfer,image downloader -> image style transfer -> image search (by image),node_mismatch; link_mismatch; arg_mismatch(2)
66335908,chain,✗,✗,4,video-to-audio -> video synchronization -> video voiceover -> video stabilizer,video downloader -> video stabilizer -> audio extractor -> audio synchronization -> voiceover addition,node_mismatch; link_mismatch; arg_mismatch(4)
98526527,chain,✗,✗,2,text grammar checker -> text expander -> text-to-video,text expander -> text grammar checker -> text-to-video,node_mismatch; link_mismatch; arg_mismatch(2)
23169671,chain,✓,✓,1,audio effects -> audio-to-text -> url extractor -> video downloader,audio effects -> audio-to-text -> url extractor -> video downloader,arg_mismatch(1)
26936217,chain,✗,✗,1,image-to-video -> video-to-image -> image stitcher -> image style transfer,image-to-video -> video-to-image -> image merger -> image style transfer,node_mismatch; link_mismatch; arg_mismatch(1)
65950926,chain,✗,✗,2,image stitcher,image downloader -> image stitcher,node_mismatch; link_mismatch; arg_mismatch(2)
40048331,chain,✗,✗,5,text sentiment analysis -> text paraphraser -> text translator -> topic generator -> article spinner -> keyword extractor,text sentiment analysis -> text paraphraser -> text translator -> idea generator -> text spinner -> keyword extractor,node_mismatch; link_mismatch; arg_mismatch(5)
11846448,single,✓,✓,1,image-to-video,image-to-video,arg_mismatch(1)
21020360,single,✗,✗,2,image search -> image downloader,image search,node_mismatch; link_mismatch; arg_mismatch(2)
28761899,single,✓,✓,1,url extractor,url extractor,arg_mismatch(1)
11597421,chain,✗,✗,1,text-to-video -> video voiceover -> video speed changer -> video stabilizer,text-to-video -> video synchronization -> video speed changer -> video stabilizer,node_mismatch; link_mismatch; arg_mismatch(1)
30615074,single,✓,✓,1,audio effects,audio effects,arg_mismatch(1)
21309901,chain,✓,✓,1,video downloader -> video synchronization -> video speed changer,video downloader -> video synchronization -> video speed changer,arg_mismatch(1)
41405933,single,✗,✗,2,image search -> image downloader,image search,node_mismatch; link_mismatch; arg_mismatch(2)
19881556,chain,✗,✗,3,text summarizer -> text-to-audio,text sentiment analysis -> text search -> text grammar checker -> text-to-audio,node_mismatch; link_mismatch; arg_mismatch(3)
28207605,single,✗,✗,2,text search -> url extractor,text search,node_mismatch; link_mismatch; arg_mismatch(2)
12967996,single,✓,✓,1,image style transfer,image style transfer,arg_mismatch(1)
30589444,chain,✗,✓,3,text-to-image -> image search (by image) -> text grammar checker,text grammar checker -> text-to-image -> image search (by image),node_mismatch; arg_mismatch(3)
31544467,single,✓,✓,1,text-to-video,text-to-video,arg_mismatch(1)
25120834,chain,✗,✗,2,image search (by image) -> image-to-text -> text translator -> text paraphraser,image content extractor -> text search -> text translator -> text paraphraser,node_mismatch; link_mismatch; arg_mismatch(2)
20527521,chain,✓,✓,1,video voiceover -> video speed changer -> video stabilizer,video voiceover -> video speed changer -> video stabilizer,arg_mismatch(1)
16417519,single,✓,✓,1,image search,image search,arg_mismatch(1)
15027855,chain,✗,✗,1,audio-to-text -> text search -> video stabilizer,audio-to-text -> online video search -> video stability enhancer,node_mismatch; link_mismatch; arg_mismatch(1)
20675220,single,✓,✓,1,text search,text search,arg_mismatch(1)
22239938,chain,✗,✗,3,text translator -> text search -> text summarizer,text translator -> topic generator -> article spinner -> text expander -> text paraphraser,node_mismatch; link_mismatch; arg_mismatch(3)
29475352,single,✗,✗,1,video-to-audio -> audio-to-text,video-to-text,node_mismatch; link_mismatch; arg_mismatch(1)
18024062,chain,✓,✓,1,text summarizer -> text simplifier -> text translator -> text paraphraser,text summarizer -> text simplifier -> text translator -> text paraphraser,arg_mismatch(1)
23417551,chain,✗,✗,0,audio noise reduction -> audio-to-image -> image stitcher -> image style transfer -> image search,audio noise reduction -> audio-to-image -> image stitcher -> image style transfer -> image search (by image),node_mismatch; link_mismatch
34004480,dag,✗,✗,6,image stitcher -> image colorizer -> image search (by image) -> image-to-text -> topic generator,image downloader -> image downloader -> image stitcher -> image colorizer -> image search (by image) -> image-to-text -> topic generator,node_mismatch; link_mismatch; arg_mismatch(6)
78173864,chain,✓,✓,2,audio-to-text -> audio effects -> audio splicer -> audio noise reduction,audio-to-text -> audio effects -> audio splicer -> audio noise reduction,arg_mismatch(2)
27178638,single,✗,✗,2,audio effects -> text-to-text,audio effects,node_mismatch; link_mismatch; arg_mismatch(2)
25221104,chain,✓,✓,1,text translator -> keyword extractor -> image search,text translator -> keyword extractor -> image search,arg_mismatch(1)
23312957,chain,✓,✗,1,text expander -> topic generator -> text grammar checker -> text summarizer,text expander -> topic generator -> text grammar checker -> text summarizer,link_mismatch; arg_mismatch(1)
20282747,chain,✗,✗,2,audio-to-text -> text sentiment analysis -> keyword extractor -> text expander -> image search,audio-to-text -> text sentiment analysis -> text search -> text expander -> image search,node_mismatch; link_mismatch; arg_mismatch(2)
11949239,chain,✗,✗,1,audio-to-image -> image-to-video -> audio-to-text,audio-to-image -> image-to-video -> video-to-text,node_mismatch; link_mismatch; arg_mismatch(1)
32169989,chain,✗,✗,0,audio-to-text -> text grammar checker -> keyword extractor -> text summarizer,audio-to-text -> text grammar checker -> topic generator -> text summarizer,node_mismatch; link_mismatch
14100027,single,✓,✓,1,image downloader,image downloader,arg_mismatch(1)
11883308,single,✗,✗,2,audio splicer -> audio splicer,audio splicer,node_mismatch; link_mismatch; arg_mismatch(2)
23923596,chain,✗,✗,4,video synchronization -> video-to-image -> image style transfer,audio-to-text -> video voiceover -> video-to-image -> image style transfer,node_mismatch; link_mismatch; arg_mismatch(4)
22954139,single,✓,✓,1,image stitcher,image stitcher,arg_mismatch(1)
28583397,chain,✗,✗,2,video synchronization -> video-to-audio -> audio-to-text -> text-to-audio,video synchronization -> video-to-text -> text-to-audio,node_mismatch; link_mismatch; arg_mismatch(2)
25942024,chain,✓,✓,1,voice changer -> video synchronization -> video-to-image,voice changer -> video synchronization -> video-to-image,arg_mismatch(1)
19273902,chain,✗,✗,2,article spinner -> text search -> text-to-image,keyword extractor -> article spinner -> text search -> image search,node_mismatch; link_mismatch; arg_mismatch(2)
33990771,single,✓,✓,1,text search,text search,arg_mismatch(1)
62377864,chain,✗,✗,1,audio-to-image -> image-to-text,audio-to-image -> image colorizer -> image-to-text,node_mismatch; link_mismatch; arg_mismatch(1)
52895655,chain,✓,✗,1,text summarizer -> topic generator -> text sentiment analysis -> text simplifier,text summarizer -> topic generator -> text sentiment analysis -> text simplifier,link_mismatch; arg_mismatch(1)
76614259,dag,✓,✓,1,video-to-audio -> audio-to-image -> voice changer,video-to-audio -> audio-to-image -> voice changer,arg_mismatch(1)
30468557,chain,✓,✓,1,url extractor -> audio downloader -> voice changer -> video synchronization,url extractor -> audio downloader -> voice changer -> video synchronization,arg_mismatch(1)
94489939,chain,✗,✗,2,text-to-image -> image style transfer,text expander -> url extractor -> image downloader -> image search (by image) -> image style transfer,node_mismatch; link_mismatch; arg_mismatch(2)
77676635,chain,✓,✗,1,text grammar checker -> text search -> text-to-image -> image-to-text,text grammar checker -> text search -> text-to-image -> image-to-text,link_mismatch; arg_mismatch(1)
30441740,single,✓,✓,1,text-to-image,text-to-image,arg_mismatch(1)
15921889,chain,✓,✓,2,video downloader -> video stabilizer -> video speed changer -> video synchronization -> video-to-audio -> audio-to-image -> image style transfer,video downloader -> video stabilizer -> video speed changer -> video synchronization -> video-to-audio -> audio-to-image -> image style transfer,arg_mismatch(2)
22842036,chain,✗,✗,3,video search -> video speed changer -> video-to-audio,text search -> video search -> video speed changer -> video-to-audio,node_mismatch; link_mismatch; arg_mismatch(3)
27411132,chain,✗,✗,4,video-to-audio -> audio-to-text -> text search -> video voiceover -> video-to-image,video-to-text -> video search -> video voiceover -> video-to-image,node_mismatch; link_mismatch; arg_mismatch(4)
17300480,chain,✗,✗,1,audio-to-image -> image stitcher -> image stitcher -> image-to-video,audio-to-image -> image stitcher -> image-to-video,node_mismatch; link_mismatch; arg_mismatch(1)
32413366,chain,✗,✗,0,text grammar checker -> text translator -> article spinner -> text-to-audio,text grammar checker -> text translator -> article spinner -> text to speech,node_mismatch; link_mismatch
12529087,single,✗,✗,1,video synchronization -> video downloader,video synchronization,node_mismatch; link_mismatch; arg_mismatch(1)
71260223,chain,✗,✗,1,text downloader -> text expander -> text-to-image,text downloader -> text summarizer -> text-to-image,node_mismatch; link_mismatch; arg_mismatch(1)
21174871,single,✓,✓,1,text grammar checker,text grammar checker,arg_mismatch(1)
62499574,chain,✓,✗,1,image search (by image) -> image-to-text -> keyword extractor -> text-to-image,image search (by image) -> image-to-text -> keyword extractor -> text-to-image,link_mismatch; arg_mismatch(1)
28942562,chain,✓,✓,1,text summarizer -> text translator -> text-to-video -> video-to-image -> image colorizer -> image style transfer,text summarizer -> text translator -> text-to-video -> video-to-image -> image colorizer -> image style transfer,arg_mismatch(1)
25310022,chain,✗,✗,2,image search -> image downloader,text search -> url extractor -> image downloader,node_mismatch; link_mismatch; arg_mismatch(2)
24164452,chain,✗,✗,6,video-to-audio -> audio-to-text -> text summarizer -> keyword extractor -> text search -> text grammar checker,video-to-audio -> audio-to-text -> article spinner -> text summarizer -> keyword extractor -> text search -> text grammar checker,node_mismatch; link_mismatch; arg_mismatch(6)
30592055,dag,✗,✗,3,video-to-audio -> audio-to-text -> text summarizer -> text simplifier,video-to-text -> text summarizer -> text simplifier,node_mismatch; link_mismatch; arg_mismatch(3)
90529042,single,✗,✗,2,text-to-video -> video review,text-to-video,node_mismatch; link_mismatch; arg_mismatch(2)
10188849,single,✓,✓,1,video voiceover,video voiceover,arg_mismatch(1)
96254859,chain,✓,✗,3,url extractor -> text downloader -> text sentiment analysis -> text search -> topic generator -> video speed changer,url extractor -> text downloader -> text sentiment analysis -> text search -> topic generator -> video speed changer,link_mismatch; arg_mismatch(3)
23209345,chain,✗,✗,2,video-to-image -> image style transfer,video-to-image -> image colorizer -> image style transfer,node_mismatch; link_mismatch; arg_mismatch(2)
15274789,chain,✗,✗,4,video-to-audio -> audio-to-text -> text grammar checker -> text expander -> text-to-audio,video-to-text -> text grammar checker -> text expander -> text-to-voice,node_mismatch; link_mismatch; arg_mismatch(4)
27049940,chain,✗,✗,6,video stabilizer -> video-to-audio -> audio-to-text -> topic generator -> audio effects -> video synchronization,audio effects -> topic generator -> video stabilizer -> video synchronization -> voiceover integration -> voice-to-text,node_mismatch; link_mismatch; arg_mismatch(6)
65064524,chain,✗,✗,5,text summarizer -> audio effects -> video synchronization -> video stabilizer -> video-to-audio -> audio noise reduction,text summarizing -> audio enhancing -> video synchronization -> video stabilizing -> audio extraction -> noise reduction,node_mismatch; link_mismatch; arg_mismatch(5)
60051904,single,✓,✓,1,text translator,text translator,arg_mismatch(1)
25154005,chain,✓,✓,1,text search -> text paraphraser -> topic generator,text search -> text paraphraser -> topic generator,arg_mismatch(1)
67595861,chain,✗,✗,5,audio noise reduction -> audio noise reduction -> audio splicer -> audio-to-image -> image search (by image),audio splicer -> audio noise reduction -> audio-to-image -> image search (by image),node_mismatch; link_mismatch; arg_mismatch(5)
28199695,dag,✓,✓,2,url extractor -> audio downloader -> voice changer -> audio-to-image,url extractor -> audio downloader -> voice changer -> audio-to-image,arg_mismatch(2)
28112891,chain,✓,✓,1,image colorizer -> image-to-text -> text translator -> text-to-image,image colorizer -> image-to-text -> text translator -> text-to-image,arg_mismatch(1)
10798288,single,✗,✗,2,text search -> text summarizer,text search,node_mismatch; link_mismatch; arg_mismatch(2)
24112059,chain,✗,✗,3,image-to-text -> article spinner -> image search,image-to-text -> text search -> keyword extractor -> text paraphraser -> article spinner -> image search,node_mismatch; link_mismatch; arg_mismatch(3)
31508072,chain,✗,✗,3,image-to-text -> text translator -> text expander -> text sentiment analysis -> video voiceover,image-to-text -> text translator -> text sentiment analysis -> keyword extractor -> text expander -> video voiceover,node_mismatch; link_mismatch; arg_mismatch(3)
16553701,single,✓,✓,1,video speed changer,video speed changer,arg_mismatch(1)
29793502,chain,✓,✓,3,image search (by image) -> image stitcher -> image style transfer,image search (by image) -> image stitcher -> image style transfer,arg_mismatch(3)
12754598,chain,✗,✗,3,text simplifier -> text expander -> text-to-audio,text summarizer -> text expander -> text grammar checker -> text simplifier -> voice changer,node_mismatch; link_mismatch; arg_mismatch(3)
15859070,chain,✗,✗,3,url extractor -> text downloader -> text grammar checker -> text-to-audio -> audio-to-image,audio-to-image -> text downloader -> text grammar checker -> text-to-audio -> url extractor,node_mismatch; link_mismatch; arg_mismatch(3)
16540451,chain,✗,✗,3,text downloader -> topic generator,keyword extractor -> text paraphraser -> topic generator,node_mismatch; link_mismatch; arg_mismatch(3)
11950327,chain,✗,✗,3,text paraphraser -> text sentiment analysis -> text grammar checker,text paraphraser -> article spinner -> text sentiment analysis -> text grammar checker,node_mismatch; link_mismatch; arg_mismatch(3)
78276013,chain,✓,✓,1,url extractor -> audio downloader -> audio effects -> voice changer,url extractor -> audio downloader -> audio effects -> voice changer,arg_mismatch(1)
16101912,chain,✗,✗,4,image search (by image) -> image-to-text -> text summarizer,image downloader -> image search (by image) -> image-to-text -> text summarizer,node_mismatch; link_mismatch; arg_mismatch(4)
22524852,single,✓,✓,1,topic generator,topic generator,arg_mismatch(1)
87697259,single,✗,✗,2,video search -> video downloader,video search,node_mismatch; link_mismatch; arg_mismatch(2)
20561814,single,✓,✓,1,audio splicer,audio splicer,arg_mismatch(1)
10249031,chain,✗,✗,1,text translator -> topic generator -> text-to-video,text translator -> topic generator -> video creator,node_mismatch; link_mismatch; arg_mismatch(1)
28342419,chain,✗,✗,4,text search -> text-to-video -> text-to-audio -> video speed changer -> video synchronization,topic generator -> url extractor -> video downloader -> video speed changer -> video voiceover,node_mismatch; link_mismatch; arg_mismatch(4)
18490933,chain,✗,✓,2,video search -> topic generator,topic generator -> text search -> text summarization -> video search,node_mismatch; arg_mismatch(2)
26678387,chain,✗,✗,1,image search (by image) -> image-to-text,image search (by image) -> image-to-text -> topic generator,node_mismatch; link_mismatch; arg_mismatch(1)
29856744,single,✓,✓,1,voice changer,voice changer,arg_mismatch(1)
27017882,chain,✗,✗,3,video-to-audio -> audio-to-text -> text sentiment analysis -> text translator,video-to-text -> text sentiment analysis -> text translator,node_mismatch; link_mismatch; arg_mismatch(3)
56231059,single,✓,✓,1,text-to-image,text-to-image,arg_mismatch(1)
28244995,chain,✗,✗,1,image-to-text -> text translator -> text search -> text summarizer,image-to-text -> text translator -> web search -> text summarizer,node_mismatch; link_mismatch; arg_mismatch(1)
28058323,dag,✗,✗,3,text downloader -> text-to-video -> video speed changer -> video-to-image,text downloader -> text simplifier -> video speed changer -> video voiceover -> video-to-image,node_mismatch; link_mismatch; arg_mismatch(3)
14086810,chain,✓,✓,1,text-to-image -> image style transfer,text-to-image -> image style transfer,arg_mismatch(1)
27886086,single,✓,✓,1,text search,text search,arg_mismatch(1)
28769531,dag,✓,✓,1,image downloader -> text-to-image -> image-to-video,image downloader -> text-to-image -> image-to-video,arg_mismatch(1)
16273956,chain,✗,✗,3,video-to-audio -> audio-to-text -> text search -> text expander,video-to-text -> text search -> text expander,node_mismatch; link_mismatch; arg_mismatch(3)
28687369,dag,✗,✗,3,audio downloader -> audio-to-image -> voice changer -> image style transfer,audio downloader -> image style transfer -> audio-to-image -> voice changer,node_mismatch; link_mismatch; arg_mismatch(3)
25366646,chain,✗,✗,2,image colorizer -> image-to-text -> text-to-image -> image-to-video,image colorizer -> image-to-text -> image-to-video -> text-to-image,node_mismatch; link_mismatch; arg_mismatch(2)
23389437,dag,✓,✗,1,audio-to-image -> image colorizer -> image stitcher -> image-to-video,audio-to-image -> image colorizer -> image stitcher -> image-to-video,link_mismatch; arg_mismatch(1)
21419421,chain,✓,✓,2,text-to-audio -> audio splicer -> audio-to-image -> image stitcher,text-to-audio -> audio splicer -> audio-to-image -> image stitcher,arg_mismatch(2)
14406037,chain,✗,✗,2,text summarizer -> text-to-image -> video voiceover,text summarizer -> text simplifier -> text-to-video,node_mismatch; link_mismatch; arg_mismatch(2)
26021366,single,✓,✓,1,topic generator,topic generator,arg_mismatch(1)
22151910,chain,✗,✗,4,video-to-image -> video speed changer -> video voiceover,audio noise reduction -> audio-to-text -> video speed changer -> video voiceover -> video-to-image,node_mismatch; link_mismatch; arg_mismatch(4)
18415345,dag,✓,✗,1,text paraphraser -> text search -> text grammar checker -> url extractor,text paraphraser -> text search -> text grammar checker -> url extractor,link_mismatch; arg_mismatch(1)
16065760,chain,✗,✗,2,video voiceover -> audio splicer -> video synchronization,text-to-audio -> audio splicer -> video synchronization,node_mismatch; link_mismatch; arg_mismatch(2)
13499267,single,✓,✓,1,video speed changer,video speed changer,arg_mismatch(1)
19946937,dag,✗,✗,4,text paraphraser -> text sentiment analysis -> keyword extractor -> image search,article reformatter -> central theme identifier -> sentiment calculator -> image associate,node_mismatch; link_mismatch; arg_mismatch(4)
15805803,chain,✗,✗,2,text downloader -> text summarizer -> image search,text downloader -> text analyzer -> image search,node_mismatch; link_mismatch; arg_mismatch(2)
13355598,chain,✗,✗,1,text translator -> text summarizer -> text paraphraser -> text-to-image -> image search (by image),text translator -> text summarizer -> article spinner -> text-to-image -> image search (by image),node_mismatch; link_mismatch; arg_mismatch(1)
21731693,chain,✓,✗,3,video-to-audio -> audio-to-image -> image search (by image) -> image-to-text -> text paraphraser -> image search,video-to-audio -> audio-to-image -> image search (by image) -> image-to-text -> text paraphraser -> image search,link_mismatch; arg_mismatch(3)
17736127,chain,✗,✗,4,image stitcher -> image style transfer -> image colorizer,image downloader -> image collage maker -> image style transfer -> image colorizer,node_mismatch; link_mismatch; arg_mismatch(4)
33626891,chain,✗,✗,4,video-to-audio -> audio-to-image -> image colorizer -> image-to-text,video-to-audio -> audio-to-image -> image style transfer -> image colorizer -> image-to-text,node_mismatch; link_mismatch; arg_mismatch(4)
57648396,chain,✗,✗,7,video voiceover -> video stabilizer -> video-to-text -> text summarizer -> audio effects -> audio noise reduction,keyword extractor -> video voiceover -> video stabilizer -> video-to-text -> text summarizer -> audio effects -> audio noise reduction,node_mismatch; link_mismatch; arg_mismatch(7)
25026302,dag,✗,✗,3,text simplifier -> image search -> audio-to-image -> image-to-video,article spinner -> audio-to-image -> image search -> image-to-video,node_mismatch; link_mismatch; arg_mismatch(3)
34400494,dag,✗,✗,4,text downloader -> text-to-audio -> video synchronization -> audio-to-image,audio-to-image -> text downloader -> text-to-audio -> video synchronization,node_mismatch; link_mismatch; arg_mismatch(4)
16069775,chain,✓,✗,1,text-to-image -> image stitcher -> image search (by image) -> image style transfer,text-to-image -> image stitcher -> image search (by image) -> image style transfer,link_mismatch; arg_mismatch(1)
12407297,dag,✗,✗,2,video downloader -> video-to-audio -> video synchronization -> video-to-text,video downloader -> video-to-audio -> audio synchronization -> audio-to-text,node_mismatch; link_mismatch; arg_mismatch(2)
13612887,chain,✗,✗,2,text grammar checker -> url extractor -> text downloader -> text-to-image,text grammar checker -> url extractor -> web content downloader -> text-to-image,node_mismatch; link_mismatch; arg_mismatch(2)
14754685,chain,✗,✗,5,text expander -> url extractor -> audio downloader -> voice changer,audio downloader -> text expander -> text grammar checker -> url extractor -> voice changer,node_mismatch; link_mismatch; arg_mismatch(5)
32290614,single,✓,✓,1,audio effects,audio effects,arg_mismatch(1)
79729264,chain,✗,✗,6,image-to-text -> text search -> text-to-audio -> audio noise reduction -> audio-to-image,audio downloader -> audio noise reduction -> audio-to-image -> image-to-text -> text expander -> text search -> url extractor,node_mismatch; link_mismatch; arg_mismatch(6)
16430068,chain,✗,✗,3,topic generator -> text search -> article spinner,text expander -> topic generator -> text search -> article spinner,node_mismatch; link_mismatch; arg_mismatch(3)
14325869,chain,✓,✓,1,video-to-audio -> voice changer -> audio-to-image -> image stitcher,video-to-audio -> voice changer -> audio-to-image -> image stitcher,arg_mismatch(1)
18697098,dag,✗,✗,2,video speed changer -> audio splicer -> video synchronization,audio splicer -> video speed changer -> video synchronization,node_mismatch; link_mismatch; arg_mismatch(2)
23258361,dag,✓,✓,2,image-to-video -> video-to-audio -> voice changer -> audio effects,image-to-video -> video-to-audio -> voice changer -> audio effects,arg_mismatch(2)
24544309,chain,✗,✗,4,text search -> text downloader -> text-to-image -> image style transfer,text search -> article spinner -> text-to-image -> image colorizer -> image style transfer,node_mismatch; link_mismatch; arg_mismatch(4)
21240454,chain,✗,✗,3,video-to-audio -> audio-to-text -> topic generator -> text expander -> video voiceover,topic generator -> video voiceover,node_mismatch; link_mismatch; arg_mismatch(3)
19156117,chain,✗,✗,2,text translator -> text-to-image,text translator -> text-to-image -> image colorizer,node_mismatch; link_mismatch; arg_mismatch(2)
18441242,chain,✗,✗,3,text translator -> text expander -> text-to-audio -> audio-to-image -> image stitcher,text translator -> text expander -> audio effects -> audio-to-image -> image stitcher,node_mismatch; link_mismatch; arg_mismatch(3)
82036277,chain,✗,✗,2,text-to-image -> image-to-video,keyword extractor -> text expander -> text-to-video -> video editor,node_mismatch; link_mismatch; arg_mismatch(2)
37990524,single,✓,✓,1,url extractor,url extractor,arg_mismatch(1)
13282328,chain,✓,✓,1,video downloader -> video speed changer -> video voiceover,video downloader -> video speed changer -> video voiceover,arg_mismatch(1)
30794423,chain,✗,✗,2,image stitcher -> image style transfer -> image search -> image-to-text -> text translator -> url extractor -> image downloader,image stitcher -> image style transfer -> image search (by image) -> image-to-text -> text translator -> url extractor -> image downloader,node_mismatch; link_mismatch; arg_mismatch(2)
32172374,chain,✗,✗,2,text simplifier -> video search,article spinner -> text simplifier -> video search,node_mismatch; link_mismatch; arg_mismatch(2)
21482796,chain,✗,✗,2,text grammar checker -> text paraphraser -> video search,text paraphraser -> text grammar checker -> video search,node_mismatch; link_mismatch; arg_mismatch(2)
63006627,single,✗,✗,1,video-to-audio -> audio-to-text,video-to-text,node_mismatch; link_mismatch; arg_mismatch(1)
14740625,chain,✗,✗,1,audio-to-text -> topic generator -> article spinner,audio-to-text -> topic extraction -> article drafting,node_mismatch; link_mismatch; arg_mismatch(1)
29838669,dag,✗,✗,2,text simplifier -> text-to-image -> text-to-audio -> voice changer,text simplifier -> image search -> voice changer,node_mismatch; link_mismatch; arg_mismatch(2)
10526335,chain,✗,✗,5,url extractor -> text downloader -> video voiceover -> video synchronization -> video-to-image -> image stitcher -> video-to-text,url extractor -> text downloader -> video voiceover -> video synchronization -> video-to-image -> image-to-video -> video-to-text,node_mismatch; link_mismatch; arg_mismatch(5)
16044056,dag,✗,✗,2,text-to-video -> audio downloader -> video synchronization,audio downloader -> text-to-video -> video synchronization,node_mismatch; link_mismatch; arg_mismatch(2)
17456126,chain,✗,✗,4,image search (by image) -> image style transfer -> image-to-text -> keyword extractor -> text-to-audio -> text sentiment analysis,image search (by image) -> image style transfer -> image-to-text -> text grammar checker -> topic generator -> text summarizer -> text sentiment analysis -> text-to-audio,node_mismatch; link_mismatch; arg_mismatch(4)
27071081,chain,✗,✗,2,text-to-image,topic generator -> text expander -> text-to-image,node_mismatch; link_mismatch; arg_mismatch(2)
24724082,dag,✓,✗,1,text-to-image -> video-to-image -> image-to-video,text-to-image -> video-to-image -> image-to-video,link_mismatch; arg_mismatch(1)
23374479,chain,✗,✗,7,text downloader -> text search -> audio downloader -> audio-to-image -> image style transfer -> image stitcher -> image-to-text,text downloader -> topic generator -> url extractor -> audio downloader -> audio-to-image -> image style transfer -> image stitcher -> image-to-text,node_mismatch; link_mismatch; arg_mismatch(7)
29079468,dag,✗,✓,2,image downloader -> image style transfer,image downloader -> image downloader -> image style transfer,node_mismatch; arg_mismatch(2)
61455326,chain,✗,✗,4,text paraphraser -> topic generator -> text grammar checker -> text simplifier,article spinner -> topic generator -> text grammar checker -> text simplifier,node_mismatch; link_mismatch; arg_mismatch(4)
61442946,single,✓,✓,1,text summarizer,text summarizer,arg_mismatch(1)
18914125,single,✓,✓,1,video voiceover,video voiceover,arg_mismatch(1)
51903674,chain,✗,✗,1,video stabilizer -> video-to-image -> image style transfer -> image-to-text -> text simplifier -> text grammar checker,video stabilizer -> video-to-image -> image style transfer -> image-to-text -> article spinner -> text grammar checker,node_mismatch; link_mismatch; arg_mismatch(1)
30106827,chain,✗,✗,4,text translator -> text summarizer -> topic generator -> text-to-image,text grammar checker -> text translator -> text expander -> text summarizer -> topic generator -> text-to-image,node_mismatch; link_mismatch; arg_mismatch(4)
85957555,chain,✗,✗,3,video synchronization -> video-to-audio -> audio-to-text -> text sentiment analysis -> video voiceover,video synchronization -> video-to-text -> text sentiment analysis -> video voiceover,node_mismatch; link_mismatch; arg_mismatch(3)
29342837,chain,✓,✓,1,video downloader -> video stabilizer -> video-to-audio,video downloader -> video stabilizer -> video-to-audio,arg_mismatch(1)
20230446,chain,✗,✗,1,keyword extractor -> image search,keyword extractor -> topic generator -> image search,node_mismatch; link_mismatch; arg_mismatch(1)
11216523,chain,✓,✓,1,audio effects -> audio-to-image -> image search (by image) -> image-to-text -> text-to-image,audio effects -> audio-to-image -> image search (by image) -> image-to-text -> text-to-image,arg_mismatch(1)
23791776,chain,✓,✓,2,url extractor -> video downloader -> video synchronization -> video stabilizer -> video speed changer,url extractor -> video downloader -> video synchronization -> video stabilizer -> video speed changer,arg_mismatch(2)
27732871,dag,✗,✗,3,image-to-text -> url extractor -> text-to-image -> audio effects,convert image-to-text -> url extractor -> convert text-to-image -> apply audio effects,node_mismatch; link_mismatch; arg_mismatch(3)
12939083,dag,✓,✗,2,audio noise reduction -> audio-to-text -> video stabilizer -> video voiceover -> video synchronization -> video speed changer,audio noise reduction -> audio-to-text -> video stabilizer -> video voiceover -> video synchronization -> video speed changer,link_mismatch; arg_mismatch(2)
20554586,chain,✗,✗,7,video-to-audio -> audio-to-text -> text paraphraser -> text summarizer -> text search -> keyword extractor -> image search,image search -> keyword extractor -> text paraphraser -> text search -> text summarizer -> video-to-text,node_mismatch; link_mismatch; arg_mismatch(7)
14411057,chain,✗,✗,4,video downloader -> video-to-audio -> audio-to-text -> text-to-video -> video speed changer,video downloader -> video-to-text -> text-to-video -> video speed changer,node_mismatch; link_mismatch; arg_mismatch(4)
99413817,chain,✓,✓,1,image downloader -> image stitcher -> image search (by image) -> image style transfer -> image-to-text,image downloader -> image stitcher -> image search (by image) -> image style transfer -> image-to-text,arg_mismatch(1)
15116640,chain,✗,✗,1,audio-to-text -> text simplifier -> video speed changer,audio-to-text -> text paraphraser -> video speed changer,node_mismatch; link_mismatch; arg_mismatch(1)
15042626,single,✓,✓,1,video speed changer,video speed changer,arg_mismatch(1)
47286678,single,✓,✓,1,text grammar checker,text grammar checker,arg_mismatch(1)
26504591,single,✓,✓,1,audio effects,audio effects,arg_mismatch(1)
14683817,chain,✗,✗,3,video-to-audio -> audio-to-text -> image search -> image-to-video,video-to-text -> video search -> video-to-image -> image-to-video,node_mismatch; link_mismatch; arg_mismatch(3)
13431808,single,✓,✓,1,text simplifier,text simplifier,arg_mismatch(1)
66785097,chain,✗,✗,0,text paraphraser -> text-to-audio,text paraphraser -> voice generator,node_mismatch; link_mismatch
18017416,chain,✗,✗,2,image-to-video -> audio effects,image style transfer -> image-to-video -> video-to-audio -> voice changer,node_mismatch; link_mismatch; arg_mismatch(2)
36833309,single,✓,✓,1,text search,text search,arg_mismatch(1)
53325181,chain,✗,✗,1,text translator -> topic generator,text translator -> keyword extractor -> topic generator,node_mismatch; link_mismatch; arg_mismatch(1)
21701432,chain,✗,✗,2,image downloader -> image stitcher,image downloader -> image search (by image) -> image stitcher,node_mismatch; link_mismatch; arg_mismatch(2)
64786473,chain,✗,✗,2,text sentiment analysis -> video speed changer -> text-to-audio -> video synchronization,text sentiment analysis -> video speed changer -> video voiceover,node_mismatch; link_mismatch; arg_mismatch(2)
16742939,chain,✗,✗,6,video-to-audio -> audio-to-image -> image-to-text -> topic generator -> text paraphraser -> audio effects -> video synchronization,audio effects -> audio-to-image -> article spinner -> image-to-text -> topic generator -> video synchronization -> video-to-audio,node_mismatch; link_mismatch; arg_mismatch(6)
18065245,dag,✗,✗,5,video-to-audio -> audio-to-text -> text summarizer -> video-to-image -> image stitcher -> image-to-video,video-to-image -> image stitcher -> video-to-text -> text summarizer -> caption image -> image-to-video,node_mismatch; link_mismatch; arg_mismatch(5)
30978522,chain,✓,✓,1,text grammar checker -> video voiceover -> video synchronization,text grammar checker -> video voiceover -> video synchronization,arg_mismatch(1)
20579412,chain,✗,✗,2,text translator -> topic generator -> keyword extractor,topic generator -> text translator -> keyword extractor,node_mismatch; link_mismatch; arg_mismatch(2)
15075218,dag,✗,✗,5,text search -> video search -> video speed changer -> video synchronization -> video stabilizer,text sentiment analysis -> text search -> text expander -> video search -> video-to-text -> video speed changer -> video synchronization -> video stabilizer,node_mismatch; link_mismatch; arg_mismatch(5)
29230517,dag,✓,✗,2,text grammar checker -> image search -> voice changer,text grammar checker -> image search -> voice changer,link_mismatch; arg_mismatch(2)
28496177,single,✗,✗,1,video-to-audio -> audio-to-text,video-to-text,node_mismatch; link_mismatch; arg_mismatch(1)
25389971,chain,✓,✓,1,topic generator -> text paraphraser -> text grammar checker -> text-to-video,topic generator -> text paraphraser -> text grammar checker -> text-to-video,arg_mismatch(1)
30304730,chain,✗,✗,3,text expander -> video speed changer,text expander -> text paraphraser -> video speed changer,node_mismatch; link_mismatch; arg_mismatch(3)
15614475,dag,✓,✓,1,text downloader -> text sentiment analysis -> video speed changer -> video voiceover,text downloader -> text sentiment analysis -> video speed changer -> video voiceover,arg_mismatch(1)
28407290,single,✓,✓,1,video downloader,video downloader,arg_mismatch(1)
99236019,chain,✗,✗,2,video-to-image -> image-to-video -> video voiceover,video stabilizer -> video voiceover -> video-to-image,node_mismatch; link_mismatch; arg_mismatch(2)
21499103,single,✓,✓,1,video search,video search,arg_mismatch(1)
12463783,single,✓,✓,1,text expander,text expander,arg_mismatch(1)
34022047,chain,✗,✗,3,text downloader -> audio effects -> text-to-audio,text downloader -> text-to-audio -> audio noise reduction -> audio effects,node_mismatch; link_mismatch; arg_mismatch(3)
12947044,dag,✗,✗,3,video-to-audio -> audio-to-text -> text simplifier -> text-to-image,video-to-text -> text simplifier -> text expander -> image search,node_mismatch; link_mismatch; arg_mismatch(3)
32975659,chain,✗,✗,8,video-to-audio -> audio-to-text -> topic generator -> text summarizer -> url extractor -> text downloader -> keyword extractor -> text translator -> text grammar checker,video-to-text -> topic generator -> text summarizer -> url extractor -> text downloader -> keyword extractor -> text translator -> text grammar checker,node_mismatch; link_mismatch; arg_mismatch(8)
32283518,single,✗,✗,1,text-to-image -> image-to-video,text-to-video,node_mismatch; link_mismatch; arg_mismatch(1)
48262502,single,✓,✓,1,video search,video search,arg_mismatch(1)
95214441,chain,✗,✗,3,image-to-text -> video search -> video-to-text -> article spinner,image-to-text -> text summarizer -> keyword extractor -> video search -> video-to-text -> article spinner,node_mismatch; link_mismatch; arg_mismatch(3)
48155112,single,✓,✓,1,topic generator,topic generator,arg_mismatch(1)
10154946,chain,✗,✗,1,image-to-text -> text simplifier -> text-to-audio,image-to-text -> text simplifier -> text-to-speech,node_mismatch; link_mismatch; arg_mismatch(1)
28469403,chain,✗,✗,5,"video downloader -> video-to-audio -> audio-to-text -> text sentiment analysis -> video style enhancer (hypothetical, not in list; assuming video-to-image or image-to-video for visual improvement) -> video synchronization -> video speed changer",video downloader -> video-to-text -> text sentiment analysis -> text-to-video -> video stabilizer -> video speed changer -> video synchronization,node_mismatch; link_mismatch; arg_mismatch(5)
27360239,chain,✗,✗,3,text-to-image -> image search (by image),topic generator -> text grammar checker -> text-to-image -> image search (by image),node_mismatch; link_mismatch; arg_mismatch(3)
14899080,chain,✗,✗,1,text-to-image,text summarizer -> text expander -> text-to-image -> image colorizer,node_mismatch; link_mismatch; arg_mismatch(1)
21422636,chain,✓,✓,1,audio downloader -> audio effects -> audio noise reduction -> audio-to-image,audio downloader -> audio effects -> audio noise reduction -> audio-to-image,arg_mismatch(1)
18238959,single,✓,✓,1,video speed changer,video speed changer,arg_mismatch(1)
68930297,single,✓,✓,1,text search,text search,arg_mismatch(1)
29421500,chain,✗,✗,2,text paraphraser -> url extractor,article spinner -> url extractor,node_mismatch; link_mismatch; arg_mismatch(2)
12041432,chain,✗,✗,1,image-to-text -> text search -> video voiceover,image-to-text -> web gathering -> video voiceover,node_mismatch; link_mismatch; arg_mismatch(1)
10937786,chain,✗,✗,2,text downloader -> text paraphraser -> image search,text downloader -> article rewriter -> text paraphraser -> image finder,node_mismatch; link_mismatch; arg_mismatch(2)
82319921,dag,✗,✗,4,video-to-audio -> audio-to-text -> keyword extractor -> text summarizer -> audio effects -> audio-to-text,video-to-text -> topic generator -> keyword extractor -> text summarizer -> audio effects -> audio-to-text,node_mismatch; link_mismatch; arg_mismatch(4)
23145035,chain,✓,✓,2,audio-to-text -> text translator -> text-to-audio,audio-to-text -> text translator -> text-to-audio,arg_mismatch(2)
13834599,chain,✗,✗,4,text downloader -> text paraphraser -> text-to-image -> image search (by image),url extractor -> text downloader -> text paraphraser -> text-to-image -> image search (by image),node_mismatch; link_mismatch; arg_mismatch(4)
25697264,dag,✗,✗,5,audio-to-text -> url extractor -> text expander -> audio effects,article spinner -> audio effects -> audio-to-text -> text expander -> url extractor,node_mismatch; link_mismatch; arg_mismatch(5)
22687061,chain,✗,✗,4,text downloader -> keyword extractor -> text grammar checker -> text expander -> text-to-video,text downloader -> keyword extractor -> text expander -> text grammar checker -> text-to-video,node_mismatch; link_mismatch; arg_mismatch(4)
12478332,chain,✗,✗,1,video synchronization -> audio-to-text -> video voiceover,video synchronization -> video transcription -> new voiceover creation,node_mismatch; link_mismatch; arg_mismatch(1)
15566601,chain,✗,✗,2,text-to-image,text-to-image -> image colorizer,node_mismatch; link_mismatch; arg_mismatch(2)
29474729,single,✗,✓,0,text paraphraser,article spinner,node_mismatch
15272523,single,✓,✓,1,image downloader,image downloader,arg_mismatch(1)
18542482,single,✓,✓,1,article spinner,article spinner,arg_mismatch(1)
10387115,chain,✗,✗,3,text downloader -> url extractor -> image search,url extractor -> text downloader -> text expander -> text summarizer -> image search,node_mismatch; link_mismatch; arg_mismatch(3)
22558138,chain,✗,✗,3,text simplifier -> video speed changer,text simplifier -> text paraphraser -> video speed changer,node_mismatch; link_mismatch; arg_mismatch(3)
26387799,chain,✗,✗,3,text search -> text simplifier -> text-to-image -> image style transfer -> image search (by image),text downloader -> article spinner -> text-to-image -> image style transfer -> image search (by image),node_mismatch; link_mismatch; arg_mismatch(3)
19699959,chain,✗,✗,2,article spinner,keyword extractor -> article spinner -> text paraphraser,node_mismatch; link_mismatch; arg_mismatch(2)
13131340,chain,✗,✗,7,text translator -> text-to-video -> video-to-text -> video search -> video speed changer -> video synchronization,article spinner -> text translator -> text-to-video -> video search -> video speed changer -> video synchronization -> video-to-text,node_mismatch; link_mismatch; arg_mismatch(7)
86303230,chain,✗,✗,2,text expander -> text search,text expander -> text translator -> text search,node_mismatch; link_mismatch; arg_mismatch(2)
27095684,chain,✗,✗,3,article spinner -> video voiceover -> video-to-audio -> audio splicer -> audio-to-image,article spinner -> video voiceover -> video-to-audio -> audio splicer -> audio-to-image -> image colorizer,node_mismatch; link_mismatch; arg_mismatch(3)
13746924,chain,✗,✗,4,image style transfer -> image-to-text -> url extractor,image downloader -> image style transfer -> image-to-text -> url extractor,node_mismatch; link_mismatch; arg_mismatch(4)
62811742,chain,✗,✗,2,audio downloader -> audio-to-text -> topic generator -> text expander -> video voiceover,audio downloader -> audio-to-text -> topic generator -> video voiceover,node_mismatch; link_mismatch; arg_mismatch(2)
77623947,chain,✓,✗,1,text grammar checker -> text summarizer -> topic generator,text grammar checker -> text summarizer -> topic generator,link_mismatch; arg_mismatch(1)
32397774,chain,✗,✗,4,video-to-audio -> audio-to-text -> keyword extractor -> topic generator,video-to-text -> topic generator -> text search,node_mismatch; link_mismatch; arg_mismatch(4)
15013704,chain,✗,✗,3,video-to-audio -> audio-to-text -> text sentiment analysis -> text-to-video,video-to-text -> text sentiment analysis -> text-to-video,node_mismatch; link_mismatch; arg_mismatch(3)
52785089,chain,✗,✗,3,text downloader -> text paraphraser -> video search -> video-to-image -> image stitcher,text downloader -> text paraphraser -> text expander -> video search -> video-to-image -> image stitcher,node_mismatch; link_mismatch; arg_mismatch(3)
30531118,chain,✗,✗,0,keyword extractor -> text grammar checker -> text paraphraser,keyword extractor -> text grammar checker -> article spinner,node_mismatch; link_mismatch
15582642,chain,✗,✗,2,text-to-image,text-to-image -> image colorizer,node_mismatch; link_mismatch; arg_mismatch(2)
27142937,single,✗,✗,1,video-to-audio -> audio-to-text,video-to-text,node_mismatch; link_mismatch; arg_mismatch(1)
20738621,chain,✓,✓,1,article spinner -> text grammar checker -> url extractor -> audio downloader -> video synchronization,article spinner -> text grammar checker -> url extractor -> audio downloader -> video synchronization,arg_mismatch(1)
29822981,single,✓,✓,1,video speed changer,video speed changer,arg_mismatch(1)
72951256,chain,✓,✓,1,image search (by image) -> image stitcher -> image colorizer,image search (by image) -> image stitcher -> image colorizer,arg_mismatch(1)
13774436,chain,✗,✗,5,video synchronization -> video-to-audio -> audio-to-text -> text grammar checker -> text paraphraser -> text sentiment analysis -> image search,video synchronization -> video-to-text -> text grammar checker -> article spinner -> text sentiment analysis -> image search,node_mismatch; link_mismatch; arg_mismatch(5)
28374453,dag,✗,✗,2,text expander -> text sentiment analysis -> video search,text expander -> text sentiment analysis -> article spinner -> video search,node_mismatch; link_mismatch; arg_mismatch(2)
21239428,dag,✗,✗,2,text summarizer -> text-to-image -> image-to-video -> image-to-text,topic generator -> text-to-image -> image-to-video -> image-to-text,node_mismatch; link_mismatch; arg_mismatch(2)
17881996,single,✓,✓,1,text translator,text translator,arg_mismatch(1)
33559966,chain,✗,✗,3,video synchronization -> video voiceover,audio downloader -> video synchronization -> video voiceover,node_mismatch; link_mismatch; arg_mismatch(3)
50915874,chain,✗,✗,1,text sentiment analysis -> text translator,text sentiment analysis -> keyword extractor -> text translator,node_mismatch; link_mismatch; arg_mismatch(1)
28411764,chain,✗,✗,4,video voiceover -> video synchronization -> video stabilizer -> video-to-image -> image style transfer -> image stitcher,voiceover adder -> synchronization with voiceover -> video stabilizer -> single image extractor -> style transfer -> image stitcher,node_mismatch; link_mismatch; arg_mismatch(4)
29360258,chain,✗,✗,5,image downloader -> image-to-video -> video-to-audio -> audio-to-text -> image search,url extractor -> image downloader -> image-to-video -> video-to-text -> image search,node_mismatch; link_mismatch; arg_mismatch(5)
17123290,dag,✓,✓,2,text sentiment analysis -> text simplifier -> video speed changer,text sentiment analysis -> text simplifier -> video speed changer,arg_mismatch(2)
27506714,chain,✗,✗,3,video-to-audio -> audio-to-text -> text summarizer -> text-to-video,video-to-text -> text summarizer -> keyword extractor -> text-to-video,node_mismatch; link_mismatch; arg_mismatch(3)
24019435,chain,✗,✗,4,video-to-audio -> audio effects -> audio noise reduction -> video synchronization,audio effects -> audio noise reduction -> video synchronization,node_mismatch; link_mismatch; arg_mismatch(4)
59828118,chain,✗,✗,4,image-to-video -> video synchronization -> audio splicer,image search (by image) -> image-to-text -> text-to-audio -> audio splicer -> audio noise reduction -> video synchronization -> video-to-audio -> audio-to-text,node_mismatch; link_mismatch; arg_mismatch(4)
50429863,single,✓,✓,1,text expander,text expander,arg_mismatch(1)
31368310,chain,✓,✗,1,text grammar checker -> topic generator -> text sentiment analysis,text grammar checker -> topic generator -> text sentiment analysis,link_mismatch; arg_mismatch(1)
20620174,single,✓,✓,1,text translator,text translator,arg_mismatch(1)
29910436,chain,✗,✗,2,text translator -> text-to-audio,text grammar checker -> text translator -> text-to-audio,node_mismatch; link_mismatch; arg_mismatch(2)
73497515,single,✓,✓,1,text search,text search,arg_mismatch(1)
16723602,single,✓,✓,1,image search,image search,arg_mismatch(1)
10353129,dag,✓,✗,1,image-to-text -> video search -> video voiceover,image-to-text -> video search -> video voiceover,link_mismatch; arg_mismatch(1)
21919824,chain,✗,✗,2,video-to-audio -> audio-to-text -> text-to-image -> image-to-video,video-to-text -> text-to-video,node_mismatch; link_mismatch; arg_mismatch(2)
17765009,chain,✗,✗,4,audio-to-text -> video-to-audio -> text-to-image -> image-to-text,audio downloader -> video synchronization -> video-to-text -> topic generator -> text-to-image -> image-to-text,node_mismatch; link_mismatch; arg_mismatch(4)
12322287,chain,✗,✗,1,text-to-video -> video-to-text -> text search -> video-to-image,text-to-video -> video-to-text -> video search -> video-to-image,node_mismatch; link_mismatch; arg_mismatch(1)
17583578,dag,✗,✗,1,image-to-video -> video-to-image,image-to-video -> video stabilizer -> video-to-image,node_mismatch; link_mismatch; arg_mismatch(1)
15207094,chain,✗,✗,1,text grammar checker -> text paraphraser -> keyword extractor -> audio effects -> audio splicer -> audio-to-image,text grammar checker -> article spinner -> keyword extractor -> audio effects -> audio splicer -> audio-to-image,node_mismatch; link_mismatch; arg_mismatch(1)
14101062,single,✓,✓,1,voice changer,voice changer,arg_mismatch(1)
93951349,chain,✗,✗,3,keyword extractor -> text summarizer,keyword extractor -> text grammar checker -> text summarizer,node_mismatch; link_mismatch; arg_mismatch(3)
24754843,chain,✗,✗,3,image downloader -> image stitcher,url extractor -> image downloader -> image combiner,node_mismatch; link_mismatch; arg_mismatch(3)
26126470,single,✓,✓,1,video-to-image,video-to-image,arg_mismatch(1)
33771728,single,✗,✗,2,text-to-image -> text-to-video,text-to-video,node_mismatch; link_mismatch; arg_mismatch(2)
60221669,dag,✗,✗,2,audio noise reduction -> audio effects,audio noise reduction -> audio quality enhancement -> audio effects suggestions,node_mismatch; link_mismatch; arg_mismatch(2)
33663181,chain,✓,✓,1,text-to-audio -> audio noise reduction -> voice changer,text-to-audio -> audio noise reduction -> voice changer,arg_mismatch(1)
49278457,single,✓,✓,1,text paraphraser,text paraphraser,arg_mismatch(1)
64686054,single,✓,✓,1,url extractor,url extractor,arg_mismatch(1)
20183375,chain,✗,✗,2,image-to-text -> text sentiment analysis -> text grammar checker -> text summarizer,image-to-text -> text grammar checker -> text sentiment analysis -> text summarizer,node_mismatch; link_mismatch; arg_mismatch(2)
24976570,chain,✓,✗,2,text sentiment analysis -> video speed changer -> video stabilizer -> video voiceover,text sentiment analysis -> video speed changer -> video stabilizer -> video voiceover,link_mismatch; arg_mismatch(2)
15538302,single,✓,✓,1,video speed changer,video speed changer,arg_mismatch(1)
41539854,dag,✓,✓,1,video speed changer -> video synchronization,video speed changer -> video synchronization,arg_mismatch(1)
27668638,chain,✓,✓,2,text simplifier -> url extractor -> video downloader -> video speed changer,text simplifier -> url extractor -> video downloader -> video speed changer,arg_mismatch(2)
14217656,chain,✓,✓,1,video-to-audio -> audio-to-image -> image-to-text -> audio effects -> voice changer,video-to-audio -> audio-to-image -> image-to-text -> audio effects -> voice changer,arg_mismatch(1)
21304801,chain,✗,✗,2,text summarizer -> text-to-video,text search -> keyword extractor -> text-to-video,node_mismatch; link_mismatch; arg_mismatch(2)
33244627,chain,✓,✓,1,video downloader -> video voiceover -> video speed changer -> video-to-text -> video search,video downloader -> video voiceover -> video speed changer -> video-to-text -> video search,arg_mismatch(1)
18712751,dag,✓,✗,3,text search -> image search -> video speed changer -> text sentiment analysis,text search -> image search -> video speed changer -> text sentiment analysis,link_mismatch; arg_mismatch(3)
16625037,single,✓,✓,1,video search,video search,arg_mismatch(1)
13137621,single,✓,✓,1,text grammar checker,text grammar checker,arg_mismatch(1)
26059793,chain,✓,✓,1,video downloader -> video-to-audio -> audio-to-text -> image search,video downloader -> video-to-audio -> audio-to-text -> image search,arg_mismatch(1)
17478221,chain,✓,✗,1,image-to-text -> text sentiment analysis -> text grammar checker -> text expander -> video voiceover -> video-to-text,image-to-text -> text sentiment analysis -> text grammar checker -> text expander -> video voiceover -> video-to-text,link_mismatch; arg_mismatch(1)
10444401,dag,✗,✗,2,image-to-video -> video synchronization -> video voiceover,image-to-video -> video voiceover -> video synchronization,node_mismatch; link_mismatch; arg_mismatch(2)
29986827,chain,✓,✗,1,audio-to-text -> text search -> keyword extractor -> voice changer,audio-to-text -> text search -> keyword extractor -> voice changer,link_mismatch; arg_mismatch(1)
38498534,chain,✗,✗,5,keyword extractor -> text sentiment analysis -> text summarizer -> text-to-audio -> video voiceover,keyword extractor -> text sentiment analysis -> text summarizer -> video voiceover,node_mismatch; link_mismatch; arg_mismatch(5)
24872313,chain,✗,✗,3,topic generator -> image search,topic generator -> text sentiment analysis -> text expander -> image search,node_mismatch; link_mismatch; arg_mismatch(3)
85106217,dag,✗,✗,3,video synchronization -> video stabilizer -> video voiceover,text-to-audio -> video stabilizer -> video synchronization,node_mismatch; link_mismatch; arg_mismatch(3)
28734956,single,✓,✓,1,text expander,text expander,arg_mismatch(1)
36055785,chain,✗,✗,5,text search -> text paraphraser -> text sentiment analysis -> text-to-audio -> audio effects,audio effects -> text paraphraser -> text search -> text sentiment analysis -> text-to-audio,node_mismatch; link_mismatch; arg_mismatch(5)
14479551,chain,✓,✓,1,audio effects -> audio noise reduction -> audio splicer,audio effects -> audio noise reduction -> audio splicer,arg_mismatch(1)
20277847,dag,✗,✗,5,text downloader -> text simplifier -> article spinner -> text-to-audio -> audio-to-text,article spinner -> audio downloader -> audio-to-text -> text downloader -> text simplifier,node_mismatch; link_mismatch; arg_mismatch(5)
21304833,dag,✓,✓,1,text-to-image -> image stitcher -> image-to-text -> text simplifier -> voice changer,text-to-image -> image stitcher -> image-to-text -> text simplifier -> voice changer,arg_mismatch(1)
85686772,chain,✗,✗,4,video downloader -> video-to-image -> image style transfer,image style transfer -> url extractor -> video downloader -> video-to-image,node_mismatch; link_mismatch; arg_mismatch(4)
10567096,dag,✗,✓,0,text sentiment analysis -> keyword extractor -> video search,keyword extractor -> text sentiment analysis -> video search,node_mismatch
62178945,dag,✓,✗,1,text translator -> text search -> text grammar checker -> text-to-audio,text translator -> text search -> text grammar checker -> text-to-audio,link_mismatch; arg_mismatch(1)
21468646,chain,✗,✗,3,text downloader -> topic generator -> text search -> url extractor -> audio downloader -> audio splicer,text downloader -> topic generator -> url extractor -> audio downloader -> audio splicer,node_mismatch; link_mismatch; arg_mismatch(3)
29936230,single,✓,✓,1,article spinner,article spinner,arg_mismatch(1)
26528156,chain,✗,✗,2,text-to-image -> image style transfer,text-to-image -> image colorizer -> image style transfer,node_mismatch; link_mismatch; arg_mismatch(2)
17172635,single,✗,✓,1,text search,web search,node_mismatch; arg_mismatch(1)
54033438,chain,✓,✗,1,text simplifier -> text sentiment analysis -> topic generator,text simplifier -> text sentiment analysis -> topic generator,link_mismatch; arg_mismatch(1)
18993528,single,✓,✓,1,text summarizer,text summarizer,arg_mismatch(1)
30760371,single,✗,✗,2,text downloader -> video search,file search -> content extraction -> video search,node_mismatch; link_mismatch; arg_mismatch(2)
75020868,chain,✓,✗,1,image colorizer -> image search (by image) -> image style transfer,image colorizer -> image search (by image) -> image style transfer,link_mismatch; arg_mismatch(1)
29818713,chain,✗,✗,5,video-to-audio -> audio-to-text -> text paraphraser -> url extractor -> text downloader -> image search,image search -> text downloader -> text paraphraser -> url extractor -> video-to-text,node_mismatch; link_mismatch; arg_mismatch(5)
25040008,dag,✗,✗,6,text sentiment analysis -> text summarizer -> text expander -> text translator -> keyword extractor -> text search -> video search,text sentiment analysis -> text summarizer -> text expander -> text translator -> text search -> video search,node_mismatch; link_mismatch; arg_mismatch(6)
23252756,chain,✗,✗,2,article spinner -> video speed changer,article spinner -> text paraphraser -> video speed adjuster,node_mismatch; link_mismatch; arg_mismatch(2)
21284127,chain,✗,✗,3,text search -> text summarizer,text expander -> text search -> topic generator,node_mismatch; link_mismatch; arg_mismatch(3)
23687868,chain,✗,✗,5,video downloader -> video-to-audio -> audio-to-text -> article spinner -> text-to-audio -> voice changer,video downloader -> video-to-text -> article spinner -> text-to-audio -> voice changer,node_mismatch; link_mismatch; arg_mismatch(5)
12313862,single,✓,✓,1,audio splicer,audio splicer,arg_mismatch(1)
56776179,chain,✓,✓,1,video-to-audio -> voice changer,video-to-audio -> voice changer,arg_mismatch(1)
22238045,single,✓,✓,1,text-to-audio,text-to-audio,arg_mismatch(1)
28552106,chain,✓,✗,1,video downloader -> video stabilizer -> video voiceover -> video speed changer -> video-to-text,video downloader -> video stabilizer -> video voiceover -> video speed changer -> video-to-text,link_mismatch; arg_mismatch(1)
16749260,chain,✗,✗,3,text summarizer -> text-to-audio -> audio effects,topic generator -> text-to-audio -> audio splicer -> audio effects,node_mismatch; link_mismatch; arg_mismatch(3)
25085125,single,✓,✓,1,video search,video search,arg_mismatch(1)
98804185,chain,✗,✗,2,image-to-text -> text-to-image -> image stitcher,image stitcher -> image-to-text -> text-to-image,node_mismatch; link_mismatch; arg_mismatch(2)
22054766,chain,✗,✗,2,text downloader -> video speed changer -> video stabilizer -> video-to-audio,text downloader -> playback speed adjuster -> video stabilizer -> audio extractor,node_mismatch; link_mismatch; arg_mismatch(2)
68497682,chain,✓,✓,2,text-to-audio -> audio effects -> voice changer -> audio splicer,text-to-audio -> audio effects -> voice changer -> audio splicer,arg_mismatch(2)
44505028,single,✓,✓,1,voice changer,voice changer,arg_mismatch(1)
24643902,chain,✗,✗,4,text summarizer -> text paraphraser -> topic generator -> video voiceover,text paraphraser -> text summarizer -> article spinner -> topic generator -> video voiceover,node_mismatch; link_mismatch; arg_mismatch(4)
17926930,single,✓,✓,1,article spinner,article spinner,arg_mismatch(1)
28676640,single,✓,✓,1,audio effects,audio effects,arg_mismatch(1)
63078455,chain,✗,✗,1,text expander -> text paraphraser -> text-to-audio,text expander -> article spinner -> text-to-audio,node_mismatch; link_mismatch; arg_mismatch(1)
25504707,single,✓,✓,1,audio effects,audio effects,arg_mismatch(1)
29648673,chain,✗,✗,2,text search -> text summarizer,keyword extractor -> text expander -> text search,node_mismatch; link_mismatch; arg_mismatch(2)
63414346,chain,✗,✗,2,text search -> keyword extractor -> text expander -> audio effects,text search -> text summarizer -> audio effects suggestor,node_mismatch; link_mismatch; arg_mismatch(2)
27907463,chain,✗,✗,0,image-to-video -> video voiceover -> video synchronization -> audio-to-text,image-to-video -> video voiceover -> video synchronization -> video-to-text,node_mismatch; link_mismatch
25699805,single,✗,✗,2,text search -> url extractor -> text downloader,text search,node_mismatch; link_mismatch; arg_mismatch(2)
27567441,chain,✗,✗,3,image-to-text -> text translator -> text grammar checker -> text expander,image-to-text -> text grammar checker -> text translator -> text expander -> article spinner,node_mismatch; link_mismatch; arg_mismatch(3)
15992250,dag,✗,✗,3,video-to-audio -> audio-to-text -> text sentiment analysis -> text simplifier,video downloader -> video-to-text -> text sentiment analysis -> text simplifier,node_mismatch; link_mismatch; arg_mismatch(3)
29900395,dag,✓,✓,1,image downloader -> image-to-text -> image colorizer -> image style transfer,image downloader -> image-to-text -> image colorizer -> image style transfer,arg_mismatch(1)
33078371,single,✓,✓,1,url extractor,url extractor,arg_mismatch(1)
32120872,chain,✗,✗,0,video-to-audio -> audio-to-image -> image search,video-to-audio -> audio-to-image -> image search (by image),node_mismatch; link_mismatch
14748981,chain,✗,✗,2,text translator -> text-to-audio,text translator -> text grammar checker -> text to speech,node_mismatch; link_mismatch; arg_mismatch(2)
90943919,chain,✗,✗,3,text-to-video -> video voiceover -> video speed changer,keyword extractor -> text grammar checker -> text-to-video -> video speed changer -> video voiceover -> summary generator,node_mismatch; link_mismatch; arg_mismatch(3)
24810795,single,✓,✓,1,text search,text search,arg_mismatch(1)
18334848,chain,✓,✗,1,image-to-text -> text grammar checker -> url extractor,image-to-text -> text grammar checker -> url extractor,link_mismatch; arg_mismatch(1)
13476223,chain,✓,✓,1,text-to-audio -> voice changer -> audio noise reduction -> audio-to-image,text-to-audio -> voice changer -> audio noise reduction -> audio-to-image,arg_mismatch(1)
25285764,chain,✓,✓,1,text sentiment analysis -> url extractor -> image downloader -> image style transfer -> image search (by image),text sentiment analysis -> url extractor -> image downloader -> image style transfer -> image search (by image),arg_mismatch(1)
12271501,dag,✗,✗,3,video speed changer -> video voiceover,text translator -> video speed changer -> video voiceover,node_mismatch; link_mismatch; arg_mismatch(3)
12022256,chain,✗,✗,1,text paraphraser -> text grammar checker -> text-to-audio -> text-to-image,text paraphraser -> text grammar checker -> text-to-audio -> audio-to-image,node_mismatch; link_mismatch; arg_mismatch(1)
30724610,single,✓,✓,1,text search,text search,arg_mismatch(1)
20425348,chain,✗,✗,3,text-to-image -> image search (by image) -> image stitcher -> image-to-text,text-to-image -> image stitcher -> image search (by image) -> image-to-text,node_mismatch; link_mismatch; arg_mismatch(3)
51400134,chain,✗,✗,2,text-to-image,text expander -> text-to-image,node_mismatch; link_mismatch; arg_mismatch(2)
29228486,single,✓,✓,1,audio-to-text,audio-to-text,arg_mismatch(1)
26618909,chain,✗,✗,3,text simplifier -> text-to-audio -> audio noise reduction,text simplifier -> text paraphraser -> voice changer -> audio noise reduction,node_mismatch; link_mismatch; arg_mismatch(3)
93488468,chain,✓,✗,6,video downloader -> video-to-text -> video search -> video-to-image -> image stitcher -> image style transfer -> image-to-text,video downloader -> video-to-text -> video search -> video-to-image -> image stitcher -> image style transfer -> image-to-text,link_mismatch; arg_mismatch(6)
22805233,chain,✗,✗,4,image-to-video -> video-to-audio -> audio-to-text -> text-to-audio,image-to-video -> video stabilizer -> video-to-text -> article spinner -> text-to-audio,node_mismatch; link_mismatch; arg_mismatch(4)
11675804,single,✗,✗,2,video search -> video downloader,video search,node_mismatch; link_mismatch; arg_mismatch(2)
13207904,chain,✓,✓,1,text paraphraser -> text-to-video -> video speed changer,text paraphraser -> text-to-video -> video speed changer,arg_mismatch(1)
44765767,chain,✗,✗,2,video stabilizer -> video-to-audio -> audio-to-text -> video voiceover,video stabilizer -> video-to-text -> video voiceover,node_mismatch; link_mismatch; arg_mismatch(2)
17730267,single,✗,✗,2,video-to-audio -> audio-to-text,video-to-text,node_mismatch; link_mismatch; arg_mismatch(2)
19703332,chain,✗,✗,1,audio-to-image -> image stitcher,audio-to-image -> image stitcher -> image-to-video,node_mismatch; link_mismatch; arg_mismatch(1)
17148245,chain,✓,✓,2,text search -> text summarizer -> text translator,text search -> text summarizer -> text translator,arg_mismatch(2)
28152917,chain,✓,✗,1,image-to-text -> topic generator -> text translator -> article spinner -> text summarizer,image-to-text -> topic generator -> text translator -> article spinner -> text summarizer,link_mismatch; arg_mismatch(1)
19278131,chain,✗,✗,1,text translator -> text-to-audio,text translator -> text grammar checker -> video voiceover,node_mismatch; link_mismatch; arg_mismatch(1)
33714514,chain,✓,✓,1,audio downloader -> voice changer,audio downloader -> voice changer,arg_mismatch(1)
30958002,dag,✗,✓,3,video-to-audio -> voice changer -> article spinner,article spinner -> video-to-audio -> voice changer,node_mismatch; arg_mismatch(3)
32124161,single,✗,✗,2,text-to-video -> video review,text-to-video,node_mismatch; link_mismatch; arg_mismatch(2)
20129151,chain,✓,✓,1,image colorizer -> image stitcher -> image-to-text -> text-to-video,image colorizer -> image stitcher -> image-to-text -> text-to-video,arg_mismatch(1)
11312343,chain,✗,✗,5,image stitcher -> image-to-video -> video speed changer -> video-to-image,image downloader -> image stitcher -> image-to-video -> video speed changer -> video-to-image,node_mismatch; link_mismatch; arg_mismatch(5)
20060926,chain,✗,✗,1,keyword extractor -> text-to-audio -> audio-to-image,keyword extractor -> text paraphraser -> text-to-audio,node_mismatch; link_mismatch; arg_mismatch(1)
32474546,single,✓,✓,1,text-to-image,text-to-image,arg_mismatch(1)
18627615,single,✓,✓,1,text-to-image,text-to-image,arg_mismatch(1)
20951685,chain,✓,✓,1,topic generator -> image search,topic generator -> image search,arg_mismatch(1)
23370600,chain,✗,✗,3,video-to-audio -> audio-to-text -> text search -> url extractor,video-to-text -> topic generator -> url extractor,node_mismatch; link_mismatch; arg_mismatch(3)
13121879,chain,✗,✗,1,image-to-text -> text-to-image,image-to-text -> article spinner -> text expander -> text-to-image,node_mismatch; link_mismatch; arg_mismatch(1)
47755372,single,✓,✓,1,image search,image search,arg_mismatch(1)
17477187,single,✓,✓,1,voice changer,voice changer,arg_mismatch(1)
31895778,chain,✗,✗,2,video-to-text -> text translator -> text summarizer -> url extractor,video-to-text -> text summarizer -> text translator -> url extractor,node_mismatch; link_mismatch; arg_mismatch(2)
31659244,single,✗,✗,1,video-to-audio -> audio-to-text,video-to-text,node_mismatch; link_mismatch; arg_mismatch(1)
12761009,chain,✗,✗,2,video synchronization -> video-to-audio -> voice changer,video synchronization -> video-to-text -> text-to-audio -> voice changer,node_mismatch; link_mismatch; arg_mismatch(2)
50700088,dag,✓,✗,1,article spinner -> text-to-video -> video synchronization -> url extractor,article spinner -> text-to-video -> video synchronization -> url extractor,link_mismatch; arg_mismatch(1)
10615620,single,✓,✓,1,text-to-video,text-to-video,arg_mismatch(1)
13717033,chain,✓,✗,1,text sentiment analysis -> text grammar checker -> text search -> text-to-audio,text sentiment analysis -> text grammar checker -> text search -> text-to-audio,link_mismatch; arg_mismatch(1)
49712248,dag,✗,✗,5,text simplifier -> article spinner -> image search -> keyword extractor -> video speed changer,text simplifier -> article spinner -> image search -> video speed changer,node_mismatch; link_mismatch; arg_mismatch(5)
26539048,single,✗,✗,1,video-to-audio -> audio-to-text,video-to-text,node_mismatch; link_mismatch; arg_mismatch(1)
23348062,chain,✗,✗,3,video-to-audio -> voice changer -> audio noise reduction -> video synchronization,audio downloader -> voice changer -> audio noise reduction -> video synchronization -> video-to-audio,node_mismatch; link_mismatch; arg_mismatch(3)
19618326,chain,✗,✗,2,audio downloader -> audio splicer -> video synchronization -> video speed changer,audio downloader -> audio combiner -> video dubbing -> video speed increaser,node_mismatch; link_mismatch; arg_mismatch(2)
93920677,chain,✗,✗,3,text search -> text-to-image -> image stitcher -> image colorizer,text search -> text-to-image -> image colorizer -> image stitcher,node_mismatch; link_mismatch; arg_mismatch(3)
29348560,dag,✗,✗,3,text-to-audio -> audio noise reduction -> audio splicer,audio noise reduction -> audio combiner -> text to audio synthesis,node_mismatch; link_mismatch; arg_mismatch(3)
99155405,single,✗,✗,2,video search -> video downloader,video search,node_mismatch; link_mismatch; arg_mismatch(2)
31674267,single,✓,✓,1,video voiceover,video voiceover,arg_mismatch(1)
33214273,chain,✓,✓,1,video speed changer -> video-to-audio,video speed changer -> video-to-audio,arg_mismatch(1)
12649793,chain,✗,✗,1,image-to-video -> video synchronization -> audio-to-text,image-to-video -> video synchronization -> video-to-text,node_mismatch; link_mismatch; arg_mismatch(1)
11228116,chain,✗,✗,2,image-to-text -> text simplifier -> text-to-audio,image-to-text -> text simplifier -> text-to-audio -> voice changer,node_mismatch; link_mismatch; arg_mismatch(2)
32123450,chain,✗,✗,2,text expander -> text-to-video -> video-to-text -> keyword extractor -> url extractor -> audio downloader,text expander -> text-to-video -> video-to-text -> url extractor -> audio downloader,node_mismatch; link_mismatch; arg_mismatch(2)
26437730,chain,✗,✗,4,video-to-audio -> audio effects -> audio-to-text -> text paraphraser -> video synchronization -> text-to-text,video-to-text -> text paraphraser -> audio effects -> video synchronization,node_mismatch; link_mismatch; arg_mismatch(4)
98437810,chain,✓,✓,3,audio-to-image -> image stitcher -> image-to-video -> video stabilizer,audio-to-image -> image stitcher -> image-to-video -> video stabilizer,arg_mismatch(3)
12653534,chain,✗,✓,2,audio effects,text translator -> audio effects,node_mismatch; arg_mismatch(2)
15128556,single,✓,✓,1,url extractor,url extractor,arg_mismatch(1)
39175969,chain,✗,✗,2,video-to-audio -> audio-to-image -> image stitcher -> image colorizer -> image style transfer,video-to-audio -> audio-to-image -> image-stitcher -> image-colorizer -> image-style-transfer,node_mismatch; link_mismatch; arg_mismatch(2)
33608623,single,✓,✓,1,video speed changer,video speed changer,arg_mismatch(1)
28461211,dag,✓,✓,1,text grammar checker -> text summarizer -> video stabilizer -> video speed changer,text grammar checker -> text summarizer -> video stabilizer -> video speed changer,arg_mismatch(1)
15752907,chain,✗,✗,2,audio downloader -> audio-to-image -> image-to-video,audio downloader -> audio-to-image -> image colorizer -> image-to-video -> video downloader,node_mismatch; link_mismatch; arg_mismatch(2)
66455711,single,✓,✓,1,voice changer,voice changer,arg_mismatch(1)
30285297,chain,✗,✗,2,text downloader -> text-to-audio -> voice changer,text downloader -> text-to-audio -> voice modifier,node_mismatch; link_mismatch; arg_mismatch(2)
28198259,chain,✗,✗,2,url extractor -> text downloader,text downloader -> url extractor,node_mismatch; link_mismatch; arg_mismatch(2)
32732398,chain,✓,✓,2,image style transfer -> image stitcher -> image colorizer,image style transfer -> image stitcher -> image colorizer,arg_mismatch(2)
27811630,single,✓,✓,1,text grammar checker,text grammar checker,arg_mismatch(1)
55561858,chain,✗,✗,2,audio-to-text -> text paraphraser -> text-to-audio -> audio effects,audio-to-text -> article spinner -> voice changer -> audio effects,node_mismatch; link_mismatch; arg_mismatch(2)
79963580,chain,✗,✗,2,video downloader -> video synchronization -> video speed changer,video downloader -> video speed changer -> video synchronization,node_mismatch; link_mismatch; arg_mismatch(2)
28577141,chain,✓,✓,3,text translator -> topic generator -> text-to-video -> video voiceover -> video speed changer,text translator -> topic generator -> text-to-video -> video voiceover -> video speed changer,arg_mismatch(3)
98082736,chain,✗,✗,4,video-to-audio -> audio-to-text -> text simplifier -> url extractor -> video downloader,video-to-text -> text simplifier -> url extractor -> video downloader,node_mismatch; link_mismatch; arg_mismatch(4)
27852601,single,✓,✓,1,text-to-image,text-to-image,arg_mismatch(1)
28710398,dag,✓,✓,1,text-to-audio -> audio splicer -> audio-to-text -> voice changer,text-to-audio -> audio splicer -> audio-to-text -> voice changer,arg_mismatch(1)
15871687,chain,✓,✓,1,keyword extractor -> video voiceover -> video-to-image -> image-to-video,keyword extractor -> video voiceover -> video-to-image -> image-to-video,arg_mismatch(1)
65575462,single,✗,✗,1,image search -> image stitcher,image search,node_mismatch; link_mismatch; arg_mismatch(1)
17029497,chain,✓,✓,1,audio-to-text -> text simplifier -> text translator -> video voiceover,audio-to-text -> text simplifier -> text translator -> video voiceover,arg_mismatch(1)
32367222,chain,✗,✗,3,text simplifier -> audio effects -> audio splicer,audio effects -> audio splicer,node_mismatch; link_mismatch; arg_mismatch(3)
16771097,dag,✗,✗,3,video-to-audio -> audio-to-text -> text expander -> video search -> text-to-audio,video-to-text -> text expander -> video search -> text-to-audio,node_mismatch; link_mismatch; arg_mismatch(3)
31341632,chain,✓,✗,1,image-to-text -> text sentiment analysis -> text simplifier -> topic generator -> text-to-image,image-to-text -> text sentiment analysis -> text simplifier -> topic generator -> text-to-image,link_mismatch; arg_mismatch(1)
36816965,chain,✗,✗,2,text-to-video -> image-to-video,text-to-video -> video-to-audio -> audio-to-text -> url extractor -> image downloader -> image colorizer -> image-to-video,node_mismatch; link_mismatch; arg_mismatch(2)
24296453,chain,✗,✗,1,text expander -> text-to-audio -> audio noise reduction,article spinner -> text-to-audio -> audio noise reduction,node_mismatch; link_mismatch; arg_mismatch(1)
19960078,single,✗,✗,1,text downloader -> text-to-file,text downloader -> file saver,node_mismatch; link_mismatch; arg_mismatch(1)
35953962,chain,✗,✗,5,video-to-audio -> audio-to-text -> text sentiment analysis -> text grammar checker -> text simplifier -> text-to-video,video-to-text -> text sentiment analysis -> text grammar checker -> text simplifier -> text-to-video,node_mismatch; link_mismatch; arg_mismatch(5)
14662257,chain,✗,✗,2,video stabilizer -> image-to-video,video stabilizer -> video-to-image -> image-to-video,node_mismatch; link_mismatch; arg_mismatch(2)
33495175,single,✓,✓,1,video voiceover,video voiceover,arg_mismatch(1)
14707569,dag,✓,✓,2,text search -> audio effects -> audio-to-text -> text-to-image,text search -> audio effects -> audio-to-text -> text-to-image,arg_mismatch(2)
12882075,dag,✗,✗,2,text simplifier -> text-to-video -> video voiceover -> text-to-audio,text simplifier -> text-to-video -> video-to-text -> text-to-audio,node_mismatch; link_mismatch; arg_mismatch(2)
31485080,chain,✗,✗,1,text sentiment analysis,text sentiment analysis -> text expander -> keyword extractor,node_mismatch; link_mismatch; arg_mismatch(1)
23681576,chain,✓,✓,1,text summarizer -> text sentiment analysis -> url extractor,text summarizer -> text sentiment analysis -> url extractor,arg_mismatch(1)
30627424,chain,✗,✗,2,text expander -> text translator -> text-to-audio -> audio effects,text expander -> text translator -> audio effects,node_mismatch; link_mismatch; arg_mismatch(2)
27583506,single,✗,✗,2,audio effects -> audio effects,audio effects,node_mismatch; link_mismatch; arg_mismatch(2)
14200400,single,✓,✓,1,text downloader,text downloader,arg_mismatch(1)
20883022,chain,✓,✓,1,image-to-video -> video-to-audio -> voice changer,image-to-video -> video-to-audio -> voice changer,arg_mismatch(1)
32629935,chain,✗,✗,2,text downloader -> text-to-audio -> audio-to-text -> article spinner -> url extractor,text downloader -> text-to-audio converter -> audio-to-text -> unique article generator -> url extractor,node_mismatch; link_mismatch; arg_mismatch(2)
27738840,chain,✗,✗,2,text paraphraser -> text-to-image,article spinner -> text search -> text paraphraser -> text-to-image,node_mismatch; link_mismatch; arg_mismatch(2)
25072169,chain,✓,✓,1,text downloader -> text-to-audio -> audio splicer -> audio noise reduction -> audio effects,text downloader -> text-to-audio -> audio splicer -> audio noise reduction -> audio effects,arg_mismatch(1)
12131109,single,✓,✓,1,image downloader,image downloader,arg_mismatch(1)
15207874,dag,✗,✓,4,image downloader -> image style transfer -> image-to-text -> text translator,image downloader -> image downloader -> image style transfer -> image-to-text -> text translator,node_mismatch; arg_mismatch(4)
21524083,single,✓,✓,1,voice changer,voice changer,arg_mismatch(1)
63654675,chain,✗,✗,2,text search -> text-to-image,text search -> text simplifier -> text-to-image,node_mismatch; link_mismatch; arg_mismatch(2)
25303313,chain,✓,✗,2,keyword extractor -> audio effects -> audio-to-text -> url extractor -> image downloader -> image-to-text -> text search,keyword extractor -> audio effects -> audio-to-text -> url extractor -> image downloader -> image-to-text -> text search,link_mismatch; arg_mismatch(2)
16198867,chain,✓,✓,1,video speed changer -> video-to-audio -> audio noise reduction -> audio splicer,video speed changer -> video-to-audio -> audio noise reduction -> audio splicer,arg_mismatch(1)
43387677,chain,✗,✗,2,text-to-image -> image search (by image),keyword extractor -> text-to-image -> image search (by image),node_mismatch; link_mismatch; arg_mismatch(2)
28169354,single,✓,✓,1,topic generator,topic generator,arg_mismatch(1)
40002836,chain,✓,✗,1,video-to-text -> video speed changer -> video-to-image -> image search (by image) -> image colorizer,video-to-text -> video speed changer -> video-to-image -> image search (by image) -> image colorizer,link_mismatch; arg_mismatch(1)
45638205,chain,✗,✗,2,text-to-audio -> audio effects,text-to-audio -> audio effects -> voice changer,node_mismatch; link_mismatch; arg_mismatch(2)
45817863,chain,✗,✗,0,audio-to-text -> text search,audio-to-text -> online search,node_mismatch; link_mismatch
23781547,single,✗,✗,1,video-to-audio -> audio-to-text,video-to-text,node_mismatch; link_mismatch; arg_mismatch(1)
15476710,chain,✓,✗,3,article spinner -> keyword extractor -> text simplifier -> topic generator,article spinner -> keyword extractor -> text simplifier -> topic generator,link_mismatch; arg_mismatch(3)
23941401,chain,✗,✗,3,text search -> url extractor,text expander -> text search -> url extractor,node_mismatch; link_mismatch; arg_mismatch(3)
78309877,single,✓,✓,1,audio downloader,audio downloader,arg_mismatch(1)
24328950,single,✓,✓,1,video speed changer,video speed changer,arg_mismatch(1)
74243793,chain,✗,✗,2,image-to-text -> text-to-audio -> audio noise reduction,extract text from image -> text to voice conversion -> audio quality improvement,node_mismatch; link_mismatch; arg_mismatch(2)
17451271,chain,✗,✗,2,video-to-audio -> audio-to-text -> text simplifier,video-to-text -> text simplifier,node_mismatch; link_mismatch; arg_mismatch(2)
13917705,chain,✗,✗,2,audio-to-text -> video search -> video-to-image -> image-to-video,audio-to-text -> internet video search -> video-to-image extraction -> slideshow creation,node_mismatch; link_mismatch; arg_mismatch(2)
15062658,single,✓,✓,1,voice changer,voice changer,arg_mismatch(1)
33614393,dag,✗,✗,2,text simplifier -> image search -> topic generator,text simplifier -> keyword extractor -> image search -> topic generator,node_mismatch; link_mismatch; arg_mismatch(2)
21112467,chain,✗,✗,5,image colorizer -> image search (by image) -> image-to-text -> text paraphraser -> text-to-audio,article spinner -> image colorizer -> image search (by image) -> image-to-text -> text-to-audio,node_mismatch; link_mismatch; arg_mismatch(5)
93616300,chain,✗,✗,3,text summarizer -> article spinner -> topic generator -> text expander -> url extractor,text summarizer -> article spinner -> text paraphraser -> topic generator -> text expander -> url extractor,node_mismatch; link_mismatch; arg_mismatch(3)
11166864,chain,✗,✗,4,text simplifier -> text summarizer -> text-to-video -> video speed changer -> video voiceover -> video-to-image,text simplifier -> text summarizer -> text paraphraser -> text-to-video -> video speed changer -> video voiceover -> video-to-image,node_mismatch; link_mismatch; arg_mismatch(4)
32475383,chain,✗,✗,1,text-to-image,keyword extractor -> image search,node_mismatch; link_mismatch; arg_mismatch(1)
23460000,single,✗,✗,1,topic generator -> text expander,topic generator,node_mismatch; link_mismatch; arg_mismatch(1)
26747221,chain,✗,✗,3,text-to-audio -> audio effects,text expander -> text simplifier -> text-to-audio -> voice changer,node_mismatch; link_mismatch; arg_mismatch(3)
13019146,chain,✗,✗,2,audio noise reduction -> audio-to-text -> text search -> text-to-image,audio noise reduction -> audio-to-text -> text search -> text summarizer -> text-to-image,node_mismatch; link_mismatch; arg_mismatch(2)
21194198,single,✓,✓,1,url extractor,url extractor,arg_mismatch(1)
46391526,chain,✗,✗,1,text-to-video -> video stabilizer -> video synchronization,video search -> video stabilizer -> video synchronization,node_mismatch; link_mismatch; arg_mismatch(1)
22092337,single,✗,✗,1,video-to-audio -> audio-to-text,video-to-text,node_mismatch; link_mismatch; arg_mismatch(1)
25145026,single,✓,✓,1,video search,video search,arg_mismatch(1)
16718060,dag,✗,✗,4,video-to-audio -> audio noise reduction -> audio-to-text -> topic generator,audio noise reduction -> text-to-audio -> topic generator -> video-to-text,node_mismatch; link_mismatch; arg_mismatch(4)
26049114,chain,✗,✗,2,text translator -> video search -> video voiceover,text translation -> video search -> video voiceover,node_mismatch; link_mismatch; arg_mismatch(2)
17367510,dag,✗,✗,3,video speed changer -> video synchronization,video speed changer -> video-to-audio -> video synchronization,node_mismatch; link_mismatch; arg_mismatch(3)
42977489,chain,✓,✗,3,image downloader -> image search (by image) -> image-to-video -> video stabilizer -> video synchronization -> video speed changer,image downloader -> image search (by image) -> image-to-video -> video stabilizer -> video synchronization -> video speed changer,link_mismatch; arg_mismatch(3)
10186897,dag,✗,✗,4,text search -> text summarizer -> text sentiment analysis -> text search,text summarizer -> keyword extractor -> text sentiment analysis -> text paraphraser -> text search,node_mismatch; link_mismatch; arg_mismatch(4)
27575592,single,✓,✓,1,text-to-image,text-to-image,arg_mismatch(1)
21466087,chain,✓,✓,1,video speed changer -> video-to-image -> image-to-text -> text search,video speed changer -> video-to-image -> image-to-text -> text search,arg_mismatch(1)
67277609,chain,✓,✗,5,url extractor -> image downloader -> image-to-text -> text simplifier -> text-to-audio -> audio-to-image,url extractor -> image downloader -> image-to-text -> text simplifier -> text-to-audio -> audio-to-image,link_mismatch; arg_mismatch(5)
80919512,single,✗,✗,1,video-to-audio -> audio-to-text,video-to-text,node_mismatch; link_mismatch; arg_mismatch(1)
52983702,single,✓,✓,1,video search,video search,arg_mismatch(1)
61285135,chain,✓,✗,2,text simplifier -> url extractor -> audio downloader,text simplifier -> url extractor -> audio downloader,link_mismatch; arg_mismatch(2)
11851814,dag,✗,✗,2,article spinner -> text sentiment analysis -> image search,text grammar checker -> article spinner -> text sentiment analysis -> image search,node_mismatch; link_mismatch; arg_mismatch(2)
26527376,chain,✗,✗,2,image search (by image) -> image style transfer -> image stitcher -> image search (by image) -> image-to-video,image search (by image) -> image style transfer -> image stitcher -> slideshow video creator,node_mismatch; link_mismatch; arg_mismatch(2)
99771473,chain,✗,✗,5,video stabilizer -> video-to-audio -> audio-to-text -> text translator -> voice changer -> video synchronization -> video speed changer,video stabilizer -> video-to-text -> text translator -> voice changer -> video synchronization -> video speed changer,node_mismatch; link_mismatch; arg_mismatch(5)
29883996,chain,✓,✗,2,text paraphraser -> text grammar checker -> text translator -> text sentiment analysis,text paraphraser -> text grammar checker -> text translator -> text sentiment analysis,link_mismatch; arg_mismatch(2)
36689733,chain,✗,✗,2,text expander -> article spinner,text summarizer -> text expander -> article spinner,node_mismatch; link_mismatch; arg_mismatch(2)
18224748,chain,✗,✗,1,text summarizer -> image search,text summarizer -> text grammar checker -> text sentiment analysis -> topic generator -> keyword extractor -> image search,node_mismatch; link_mismatch; arg_mismatch(1)
23552312,chain,✗,✗,2,text-to-image -> image search (by image),text sentiment analysis -> text expander -> text-to-image -> image search (by image),node_mismatch; link_mismatch; arg_mismatch(2)
17036871,chain,✗,✗,3,article spinner -> text summarizer,text paraphraser -> article spinner -> text summarizer,node_mismatch; link_mismatch; arg_mismatch(3)
15807176,chain,✓,✓,1,article spinner -> keyword extractor -> voice changer -> audio splicer,article spinner -> keyword extractor -> voice changer -> audio splicer,arg_mismatch(1)
11394669,dag,✗,✗,0,video-to-image -> image-to-text -> image search -> text paraphraser,video-to-image -> image-to-text -> image search -> article spinner,node_mismatch; link_mismatch
13388571,chain,✓,✓,1,url extractor -> image downloader -> image colorizer -> image stitcher,url extractor -> image downloader -> image colorizer -> image stitcher,arg_mismatch(1)
27248263,chain,✗,✗,2,url extractor -> audio downloader,text translator -> text paraphraser -> url extractor -> audio downloader,node_mismatch; link_mismatch; arg_mismatch(2)
55743689,single,✓,✓,1,text-to-audio,text-to-audio,arg_mismatch(1)
28120761,chain,✗,✗,3,text simplifier -> text-to-video -> video synchronization,text paraphraser -> text simplifier -> text-to-video -> video synchronization,node_mismatch; link_mismatch; arg_mismatch(3)
26624823,chain,✓,✓,1,text summarizer -> text grammar checker -> keyword extractor -> video speed changer,text summarizer -> text grammar checker -> keyword extractor -> video speed changer,arg_mismatch(1)
17249736,chain,✓,✓,1,url extractor -> audio downloader -> audio-to-image,url extractor -> audio downloader -> audio-to-image,arg_mismatch(1)
24399690,chain,✗,✗,1,text grammar checker -> text expander -> topic generator -> text-to-image,text grammar checker -> text expander -> topic generator -> image search,node_mismatch; link_mismatch; arg_mismatch(1)
96049139,dag,✗,✗,5,audio noise reduction -> audio noise reduction -> voice changer -> voice changer -> audio splicer,audio splicer -> audio noise reduction -> text summarizer -> voice changer,node_mismatch; link_mismatch; arg_mismatch(5)
23053551,chain,✗,✗,1,audio-to-text -> keyword extractor -> text search -> text summarizer -> text translator,audio-to-text -> keyword extractor -> text search -> text translator -> text summarizer,node_mismatch; link_mismatch; arg_mismatch(1)
24367387,chain,✗,✗,2,article spinner -> text grammar checker,text to file reader -> text paraphraser -> text grammar checker,node_mismatch; link_mismatch; arg_mismatch(2)
11064801,chain,✓,✓,1,text search -> text summarizer -> topic generator -> video speed changer,text search -> text summarizer -> topic generator -> video speed changer,arg_mismatch(1)
85496526,chain,✗,✗,7,video-to-audio -> audio-to-text -> text search -> text simplifier -> topic generator -> text sentiment analysis -> text paraphraser -> video voiceover,video-to-text -> text search -> text simplifier -> topic generator -> text sentiment analysis -> text paraphraser -> video voiceover,node_mismatch; link_mismatch; arg_mismatch(7)
30167208,chain,✗,✗,3,text expander -> text simplifier,text summarizer -> text expander -> text sentiment analysis,node_mismatch; link_mismatch; arg_mismatch(3)
33853379,single,✗,✗,2,audio splicer -> audio splicer,audio splicer,node_mismatch; link_mismatch; arg_mismatch(2)
33914857,chain,✓,✗,2,audio-to-text -> topic generator -> text-to-video,audio-to-text -> topic generator -> text-to-video,link_mismatch; arg_mismatch(2)
30953276,chain,✗,✗,1,video downloader -> video stabilizer -> video-to-image -> image colorizer,video downloader -> video stabilizer -> video-to-image conversion to black and white -> image colorizer,node_mismatch; link_mismatch; arg_mismatch(1)
30693159,chain,✗,✗,3,audio effects -> audio-to-image,voice changer -> audio effects -> audio-to-image,node_mismatch; link_mismatch; arg_mismatch(3)
87511330,chain,✗,✗,3,text-to-image -> image style transfer,image search -> image search -> image collage -> image style transfer,node_mismatch; link_mismatch; arg_mismatch(3)
27609075,dag,✗,✗,3,video-to-audio -> audio-to-text -> article spinner -> text sentiment analysis -> keyword extractor,video-to-text -> article spinner -> text sentiment analysis -> keyword extractor,node_mismatch; link_mismatch; arg_mismatch(3)
13091012,chain,✗,✗,4,video-to-audio -> audio noise reduction -> audio splicer -> video synchronization,audio noise reduction -> audio splicer -> video synchronization -> video-to-audio,node_mismatch; link_mismatch; arg_mismatch(4)
27293575,chain,✓,✓,1,audio splicer -> audio noise reduction -> video synchronization -> video speed changer,audio splicer -> audio noise reduction -> video synchronization -> video speed changer,arg_mismatch(1)
28715596,chain,✗,✗,4,voice changer -> video-to-audio -> audio-to-text,video-to-audio -> voice changer -> video synchronization -> audio-to-text,node_mismatch; link_mismatch; arg_mismatch(4)
74833536,single,✓,✓,1,url extractor,url extractor,arg_mismatch(1)
12585120,chain,✗,✗,1,image colorizer -> text-to-video,image colorizer -> image-to-text -> text expander -> video search -> video stabilizer,node_mismatch; link_mismatch; arg_mismatch(1)
15396413,chain,✗,✗,2,text downloader -> text grammar checker -> text-to-audio -> audio noise reduction,text downloader -> text grammar checker -> voice synthesizer -> audio noise reduction,node_mismatch; link_mismatch; arg_mismatch(2)
28573775,single,✗,✗,1,video-to-audio -> audio-to-text,video-to-text,node_mismatch; link_mismatch; arg_mismatch(1)
18747781,dag,✓,✓,2,video speed changer -> video-to-audio -> video-to-image,video speed changer -> video-to-audio -> video-to-image,arg_mismatch(2)
33314630,chain,✗,✗,2,video voiceover -> video-to-audio -> audio-to-text -> text grammar checker,video voiceover -> video-to-text -> text grammar checker,node_mismatch; link_mismatch; arg_mismatch(2)
27233443,single,✓,✓,1,video speed changer,video speed changer,arg_mismatch(1)
28329967,single,✗,✗,1,audio-to-image -> output,audio-to-image,node_mismatch; link_mismatch; arg_mismatch(1)
94763392,chain,✗,✗,4,text simplifier -> text-to-image -> image-to-video -> video synchronization,article spinner -> text-to-video -> video synchronization,node_mismatch; link_mismatch; arg_mismatch(4)
67220459,chain,✗,✗,2,audio-to-text -> article spinner -> image search,article spinner -> audio-to-text -> image search,node_mismatch; link_mismatch; arg_mismatch(2)
15009383,chain,✗,✗,2,image downloader -> image-to-text -> text-to-audio -> audio-to-image -> image-to-video -> audio-to-text,image downloader -> image-to-text -> text-to-audio -> audio-to-image -> image-to-video -> video-to-audio -> audio-to-text,node_mismatch; link_mismatch; arg_mismatch(2)
65644081,chain,✗,✗,4,text translator -> text-to-audio -> voice changer -> video voiceover,text translator -> video voiceover -> video-to-audio -> voice changer,node_mismatch; link_mismatch; arg_mismatch(4)
32469219,chain,✗,✗,1,audio splicer -> audio-to-text,audio splicer -> audio-to-text -> text summarizer,node_mismatch; link_mismatch; arg_mismatch(1)
31659877,chain,✗,✗,2,image search -> image stitcher -> video speed changer,image search (by image) -> image-to-video -> video speed changer,node_mismatch; link_mismatch; arg_mismatch(2)
13068357,dag,✗,✗,2,video-to-audio -> audio-to-text -> video stabilizer,video downloader -> video stabilizer -> video-to-text,node_mismatch; link_mismatch; arg_mismatch(2)
51596430,dag,✗,✗,2,text search -> url extractor -> audio downloader -> audio downloader -> audio splicer -> audio-to-text,text downloader -> url extractor -> audio downloader -> audio downloader -> audio merger -> audio-to-text converter,node_mismatch; link_mismatch; arg_mismatch(2)
29497456,chain,✗,✗,2,text summarizer -> text-to-audio,text sentiment analysis -> keyword extractor -> text-to-audio,node_mismatch; link_mismatch; arg_mismatch(2)
87405778,chain,✗,✗,1,video stabilizer -> video-to-audio -> audio-to-text,video stabilizer -> video-to-text,node_mismatch; link_mismatch; arg_mismatch(1)
24078431,dag,✓,✗,2,url extractor -> text downloader -> voice changer -> video synchronization,url extractor -> text downloader -> voice changer -> video synchronization,link_mismatch; arg_mismatch(2)
96184919,chain,✗,✗,3,text-to-image -> image stitcher -> image-to-video,image downloader -> image-to-video -> video stabilizer,node_mismatch; link_mismatch; arg_mismatch(3)
14531944,single,✓,✓,1,video speed changer,video speed changer,arg_mismatch(1)
16525496,chain,✗,✗,1,image stitcher -> image-to-text -> text translator -> text simplifier,image stitcher -> image-to-text -> text translator -> article spinner,node_mismatch; link_mismatch; arg_mismatch(1)
22817672,dag,✗,✗,3,text simplifier -> text grammar checker -> text sentiment analysis,text simplifier -> text paraphraser -> text grammar checker -> text sentiment analysis,node_mismatch; link_mismatch; arg_mismatch(3)
17031030,chain,✗,✗,3,text-to-video -> video synchronization -> video stabilizer,text-to-video -> video stabilizer -> video synchronization,node_mismatch; link_mismatch; arg_mismatch(3)
55429917,single,✓,✓,1,topic generator,topic generator,arg_mismatch(1)
22732308,single,✓,✓,1,text-to-image,text-to-image,arg_mismatch(1)
32311576,chain,✓,✗,3,text-to-image -> image style transfer -> image-to-video -> video-to-audio,text-to-image -> image style transfer -> image-to-video -> video-to-audio,link_mismatch; arg_mismatch(3)
23186686,chain,✗,✗,2,video downloader -> video-to-text -> text search -> video stabilizer -> video-to-audio -> audio noise reduction -> audio-to-text -> video speed changer,video downloader -> video-to-text -> video search -> video stabilizer -> video-to-audio -> audio noise reduction -> audio-to-text -> video speed changer,node_mismatch; link_mismatch; arg_mismatch(2)
23111821,chain,✓,✓,1,image-to-video -> video voiceover -> video speed changer,image-to-video -> video voiceover -> video speed changer,arg_mismatch(1)
65893121,chain,✗,✗,3,video search -> text search -> video synchronization,text sentiment analysis -> keyword extractor -> text search -> text summarizer -> video speed changer -> video synchronization,node_mismatch; link_mismatch; arg_mismatch(3)
14092018,chain,✗,✗,3,text search -> text downloader,topic generator -> url extractor -> text downloader,node_mismatch; link_mismatch; arg_mismatch(3)
14551179,dag,✗,✗,3,text downloader -> text summarizer -> text-to-audio -> video voiceover,text downloader -> text paraphraser -> text grammar checker -> video voiceover -> video-to-audio -> audio noise reduction -> audio-to-text,node_mismatch; link_mismatch; arg_mismatch(3)
90200935,dag,✗,✗,3,topic generator -> text summarizer -> video search -> text-to-image,topic generator -> text summarizer -> text-to-image -> video search,node_mismatch; link_mismatch; arg_mismatch(3)
33886358,single,✓,✓,1,text-to-image,text-to-image,arg_mismatch(1)
15899471,chain,✓,✓,3,url extractor -> audio downloader -> audio effects -> voice changer -> audio splicer,url extractor -> audio downloader -> audio effects -> voice changer -> audio splicer,arg_mismatch(3)
96945825,single,✗,✗,1,video-to-audio -> audio-to-text,video-to-text,node_mismatch; link_mismatch; arg_mismatch(1)
16835123,chain,✗,✗,2,image-to-text -> text-to-image,image-to-text -> text-to-image -> image colorizer,node_mismatch; link_mismatch; arg_mismatch(2)
18246913,chain,✗,✗,3,keyword extractor -> text paraphraser -> text grammar checker -> text search -> video speed changer,keyword extractor -> text paraphraser -> text grammar checker -> text search -> video speed changer -> video synchronization,node_mismatch; link_mismatch; arg_mismatch(3)
31190377,chain,✗,✗,8,video stabilizer -> video-to-image -> image colorizer -> image style transfer -> audio downloader -> audio splicer -> video synchronization -> image-to-video,audio downloader -> audio splicer -> video stabilizer -> video-to-image -> image style transfer -> image colorizer -> image-to-video -> video synchronization,node_mismatch; link_mismatch; arg_mismatch(8)
24271097,dag,✓,✗,2,text downloader -> video stabilizer -> video speed changer,text downloader -> video stabilizer -> video speed changer,link_mismatch; arg_mismatch(2)
24419096,single,✓,✓,1,text expander,text expander,arg_mismatch(1)
35657993,chain,✗,✗,3,url extractor -> audio downloader -> text paraphraser,article spinner -> url extractor -> audio downloader,node_mismatch; link_mismatch; arg_mismatch(3)
12868491,single,✗,✗,1,text grammar checker -> text simplifier,text grammar checker,node_mismatch; link_mismatch; arg_mismatch(1)
32792834,chain,✗,✗,4,audio-to-text -> text grammar checker -> text-to-audio -> audio splicer,audio splicer -> audio-to-text -> text grammar checker -> text-to-audio,node_mismatch; link_mismatch; arg_mismatch(4)
14817630,chain,✗,✗,3,image-to-video -> video-to-audio -> audio noise reduction,audio noise reduction -> image-to-video -> video-to-audio,node_mismatch; link_mismatch; arg_mismatch(3)
24315417,chain,✗,✗,1,image downloader -> image style transfer -> image-to-text -> text search -> text paraphraser,image downloader -> image style transfer -> image-to-text -> web content search -> text reiter,node_mismatch; link_mismatch; arg_mismatch(1)
13149135,chain,✗,✗,3,keyword extractor -> image search,text grammar checker -> text simplifier -> keyword extractor -> topic generator -> image search,node_mismatch; link_mismatch; arg_mismatch(3)
15304377,chain,✗,✗,4,text search -> text-to-audio -> audio effects,audio effects -> text grammar checker -> internet research -> text-to-audio,node_mismatch; link_mismatch; arg_mismatch(4)
60641192,chain,✗,✗,3,video-to-audio -> audio splicer -> audio-to-text,audio splicer -> audio-to-text -> video-to-audio,node_mismatch; link_mismatch; arg_mismatch(3)
98997281,dag,✗,✗,1,text sentiment analysis -> text expander -> text-to-audio,text sentiment analysis -> text expander -> voice changer,node_mismatch; link_mismatch; arg_mismatch(1)
22600173,chain,✓,✓,1,video downloader -> video speed changer,video downloader -> video speed changer,arg_mismatch(1)
16796236,chain,✗,✗,3,video-to-audio -> audio-to-image -> image search -> image colorizer,video-to-text -> text-to-image -> image search (by image) -> image colorizer,node_mismatch; link_mismatch; arg_mismatch(3)
10598182,dag,✗,✗,1,text-to-video -> video synchronization -> video-to-audio -> audio-to-text,text-to-video -> video synchronization -> video-to-text,node_mismatch; link_mismatch; arg_mismatch(1)
77534017,chain,✓,✗,1,text summarizer -> topic generator -> text expander -> text paraphraser -> url extractor,text summarizer -> topic generator -> text expander -> text paraphraser -> url extractor,link_mismatch; arg_mismatch(1)
31361722,chain,✗,✗,6,video-to-audio -> video synchronization -> audio-to-text -> text-to-image -> image colorizer -> image-to-video,image colorizer -> image-to-video -> text-to-image -> video synchronization -> video-to-text,node_mismatch; link_mismatch; arg_mismatch(6)
48797854,dag,✓,✗,2,text sentiment analysis -> text translator -> text-to-image,text sentiment analysis -> text translator -> text-to-image,link_mismatch; arg_mismatch(2)
32911011,single,✗,✗,2,video downloader -> video-to-audio -> audio-to-text,video downloader,node_mismatch; link_mismatch; arg_mismatch(2)
11346952,chain,✗,✗,3,text-to-image -> image stitcher,text paraphraser -> text-to-image -> image stitcher,node_mismatch; link_mismatch; arg_mismatch(3)
17080255,chain,✗,✗,3,video-to-audio -> audio-to-text -> keyword extractor -> text-to-video,video-to-text -> keyword extractor -> text-to-video,node_mismatch; link_mismatch; arg_mismatch(3)
17348344,chain,✗,✗,4,video-to-audio -> audio-to-text -> text paraphraser -> article spinner -> audio effects,video-to-text -> text paraphraser -> article spinner -> audio effects,node_mismatch; link_mismatch; arg_mismatch(4)
13907420,chain,✗,✗,4,video-to-image -> image search (by image) -> text downloader -> video voiceover,image search (by image) -> text downloader -> url extractor -> video voiceover -> video-to-image,node_mismatch; link_mismatch; arg_mismatch(4)
17181545,chain,✗,✗,3,keyword extractor -> text translator -> image search,keyword extractor -> text translator -> text grammar checker -> web search -> image search,node_mismatch; link_mismatch; arg_mismatch(3)
19001075,chain,✓,✗,1,audio-to-text -> text search -> video search -> video-to-text,audio-to-text -> text search -> video search -> video-to-text,link_mismatch; arg_mismatch(1)
32638180,chain,✗,✗,2,text simplifier -> image search,text grammar checker -> text style improver -> image search,node_mismatch; link_mismatch; arg_mismatch(2)
31831390,chain,✗,✗,3,video downloader -> image-to-video -> video voiceover,video downloader -> video-to-image -> image-to-video -> video voiceover,node_mismatch; link_mismatch; arg_mismatch(3)
15741814,chain,✗,✗,5,video-to-audio -> voice changer -> audio-to-image -> text-to-image -> image stitcher -> image-to-video -> video synchronization,video-to-text -> text-to-image -> voice changer -> audio-to-image -> image stitcher -> image-to-video,node_mismatch; link_mismatch; arg_mismatch(5)
44902802,single,✗,✗,2,text-to-image -> image-to-video,text-to-video,node_mismatch; link_mismatch; arg_mismatch(2)
69694918,chain,✗,✗,4,video synchronization -> video-to-image -> image-to-text,audio downloader -> video synchronization -> video-to-image -> image-to-text,node_mismatch; link_mismatch; arg_mismatch(4)
27058085,single,✓,✓,1,text-to-image,text-to-image,arg_mismatch(1)
28115100,chain,✗,✗,2,video-to-image -> image colorizer,video downloader -> video-to-text -> text-to-image -> image search (by image) -> image colorizer,node_mismatch; link_mismatch; arg_mismatch(2)
14707127,chain,✗,✗,5,text-to-audio -> audio-to-image -> image style transfer -> image stitcher,text-to-audio -> audio-to-image -> image style transfer -> image colorizer -> image stitcher,node_mismatch; link_mismatch; arg_mismatch(5)
13747651,chain,✗,✗,4,audio-to-text -> text search -> topic generator -> text sentiment analysis -> text expander,audio-to-text -> key subject extractor -> online search -> related topics generator -> sentiment analysis -> report generator,node_mismatch; link_mismatch; arg_mismatch(4)
26668950,single,✓,✓,1,text-to-image,text-to-image,arg_mismatch(1)
21611755,dag,✗,✗,1,audio-to-text -> keyword extractor -> topic generator,audio-to-text -> keyword extractor -> topic generator -> article spinner,node_mismatch; link_mismatch; arg_mismatch(1)
42165716,chain,✗,✗,1,text-to-image,keyword extractor -> text summarizer -> text expander -> topic generator -> text-to-image -> image search (by text),node_mismatch; link_mismatch; arg_mismatch(1)
37351904,chain,✗,✗,4,text downloader -> text sentiment analysis -> text search -> text-to-video,article spinner -> text grammar checker -> text-to-video -> text search -> text sentiment analysis,node_mismatch; link_mismatch; arg_mismatch(4)
14427718,chain,✓,✓,2,audio effects -> audio noise reduction -> voice changer -> audio splicer,audio effects -> audio noise reduction -> voice changer -> audio splicer,arg_mismatch(2)
30542444,dag,✓,✓,1,audio-to-text -> text translator -> text expander -> topic generator,audio-to-text -> text translator -> text expander -> topic generator,arg_mismatch(1)
25434525,single,✗,✗,2,text search -> url extractor,text search,node_mismatch; link_mismatch; arg_mismatch(2)
11358873,single,✓,✓,1,image downloader,image downloader,arg_mismatch(1)
15794720,chain,✓,✓,1,text sentiment analysis -> text-to-video,text sentiment analysis -> text-to-video,arg_mismatch(1)
23090637,single,✓,✓,1,url extractor,url extractor,arg_mismatch(1)
13378789,chain,✗,✗,3,text simplifier -> audio effects -> audio noise reduction,audio effects -> audio noise reduction -> text simplifier,node_mismatch; link_mismatch; arg_mismatch(3)
33380534,single,✓,✓,1,text search,text search,arg_mismatch(1)
43720736,chain,✓,✓,1,text search -> text paraphraser -> video voiceover,text search -> text paraphraser -> video voiceover,arg_mismatch(1)
22988572,chain,✗,✗,4,video search -> audio effects -> audio noise reduction,video search -> video-to-text -> audio effects -> audio noise reduction,node_mismatch; link_mismatch; arg_mismatch(4)
19072067,chain,✗,✗,2,text summarizer -> text grammar checker,text grammar checker -> text summarizer -> keyword extractor,node_mismatch; link_mismatch; arg_mismatch(2)
18023378,chain,✓,✓,1,image downloader -> image style transfer -> image-to-text -> video voiceover,image downloader -> image style transfer -> image-to-text -> video voiceover,arg_mismatch(1)
30650358,chain,✗,✗,3,voice changer -> audio-to-text -> text summarizer -> audio noise reduction -> text-to-audio,voice changer -> audio-to-text -> text summarizer -> text-to-audio -> audio noise reduction,node_mismatch; link_mismatch; arg_mismatch(3)
88152233,chain,✗,✗,1,text-to-audio -> audio splicer -> audio effects,text-to-audio -> audio concatenation -> audio effects,node_mismatch; link_mismatch; arg_mismatch(1)
20187305,dag,✗,✗,4,video-to-audio -> audio-to-text -> text sentiment analysis -> text simplifier -> keyword extractor,video-to-text -> url extractor -> text sentiment analysis -> text simplifier,node_mismatch; link_mismatch; arg_mismatch(4)
31552869,single,✓,✓,1,audio effects,audio effects,arg_mismatch(1)
13790771,single,✓,✓,1,keyword extractor,keyword extractor,arg_mismatch(1)
54153967,chain,✓,✓,1,image-to-text -> text-to-video -> video speed changer,image-to-text -> text-to-video -> video speed changer,arg_mismatch(1)
26867077,dag,✗,✗,4,audio downloader -> audio-to-image -> audio splicer,audio downloader -> audio splicer -> audio-to-image -> image colorizer,node_mismatch; link_mismatch; arg_mismatch(4)
26011848,dag,✗,✗,1,text-to-image -> image style transfer,text-to-image -> image style transfer -> image colorizer,node_mismatch; link_mismatch; arg_mismatch(1)
13821411,single,✓,✓,1,audio effects,audio effects,arg_mismatch(1)
11913377,chain,✓,✗,3,topic generator -> article spinner -> video search,topic generator -> article spinner -> video search,link_mismatch; arg_mismatch(3)
27234092,chain,✓,✗,1,image style transfer -> image stitcher,image style transfer -> image stitcher,link_mismatch; arg_mismatch(1)
11667726,chain,✓,✗,1,image search (by image) -> image colorizer -> image stitcher,image search (by image) -> image colorizer -> image stitcher,link_mismatch; arg_mismatch(1)
30448197,chain,✗,✗,1,topic generator -> image search -> image-to-video,topic generator -> image search,node_mismatch; link_mismatch; arg_mismatch(1)
21501766,chain,✗,✗,3,text-to-video -> video synchronization,text-to-video -> video stabilizer -> video synchronization,node_mismatch; link_mismatch; arg_mismatch(3)
24105802,single,✓,✓,1,text-to-audio,text-to-audio,arg_mismatch(1)
78537534,single,✓,✓,1,voice changer,voice changer,arg_mismatch(1)
27183197,chain,✗,✗,1,text translator -> image search,text translator -> topic generator -> image search,node_mismatch; link_mismatch; arg_mismatch(1)
14866036,chain,✗,✗,2,text summarizer -> text-to-audio,text summarizer -> text-to-audio -> voice changer,node_mismatch; link_mismatch; arg_mismatch(2)
14284158,dag,✗,✗,3,video-to-image -> audio-to-image -> image style transfer,audio-to-image -> image style transfer -> video-to-image,node_mismatch; link_mismatch; arg_mismatch(3)
89507301,dag,✗,✗,2,topic generator -> video speed changer,topic generator -> text grammar checker -> video speed changer,node_mismatch; link_mismatch; arg_mismatch(2)
25766074,chain,✗,✗,4,video-to-text -> keyword extractor -> text translator -> video speed changer,text translator -> keyword extractor -> video speed changer,node_mismatch; link_mismatch; arg_mismatch(4)
44918514,chain,✗,✗,6,text sentiment analysis -> video speed changer -> video stabilizer -> video-to-audio -> audio-to-image,text expander -> text sentiment analysis -> video speed adjuster -> video stabilizer -> extract audio from video -> audio visualizer,node_mismatch; link_mismatch; arg_mismatch(6)
39572667,chain,✓,✓,1,audio downloader -> voice changer -> audio-to-text,audio downloader -> voice changer -> audio-to-text,arg_mismatch(1)
42215180,chain,✗,✗,3,audio noise reduction -> audio effects -> voice changer -> audio-to-text -> text-to-audio,audio effects -> audio noise reduction -> voice changer -> audio-to-text -> text-to-audio,node_mismatch; link_mismatch; arg_mismatch(3)
16962083,chain,✗,✗,4,voice changer -> audio-to-text -> text sentiment analysis -> text-to-audio -> video synchronization,voice transformer -> audio-to-text -> sentiment analyzer -> text-to-voice -> video sync,node_mismatch; link_mismatch; arg_mismatch(4)
29084553,single,✓,✓,1,text search,text search,arg_mismatch(1)
11528559,chain,✓,✗,4,video voiceover -> video-to-image -> image-to-text -> text summarizer -> audio effects,video voiceover -> video-to-image -> image-to-text -> text summarizer -> audio effects,link_mismatch; arg_mismatch(4)
28799209,chain,✗,✗,3,audio-to-image -> audio-to-text -> keyword extractor -> text translator -> text search -> text-to-audio,audio-to-image -> image-to-text -> keyword extractor -> text translator -> text search -> text-to-audio,node_mismatch; link_mismatch; arg_mismatch(3)
17100170,chain,✗,✗,2,text paraphraser -> video voiceover -> video stabilizer,text paraphraser -> video voiceover -> video stabilizer -> video-to-audio -> video synchronization,node_mismatch; link_mismatch; arg_mismatch(2)
32185544,chain,✗,✗,3,video-to-audio -> audio-to-text -> text grammar checker -> text expander,video-to-text -> text grammar checker -> text expander,node_mismatch; link_mismatch; arg_mismatch(3)
16422662,single,✗,✗,2,text-to-audio -> audio splicer,text-to-audio,node_mismatch; link_mismatch; arg_mismatch(2)
14532809,chain,✗,✗,1,audio downloader -> audio-to-text -> text simplifier -> keyword extractor -> text-to-image,audio downloader -> audio-to-text -> text simplifier -> keyphrase extractor -> text-to-image,node_mismatch; link_mismatch; arg_mismatch(1)
27909055,single,✗,✗,2,text-to-image -> image stitcher,text-to-video,node_mismatch; link_mismatch; arg_mismatch(2)
36991540,chain,✓,✓,1,video downloader -> video synchronization -> video stabilizer -> video-to-image -> image style transfer -> image search (by image),video downloader -> video synchronization -> video stabilizer -> video-to-image -> image style transfer -> image search (by image),arg_mismatch(1)
27697664,chain,✗,✗,3,text-to-video -> video speed changer,text grammar checker -> video search -> video speed changer,node_mismatch; link_mismatch; arg_mismatch(3)
23818143,chain,✓,✓,1,audio downloader -> video synchronization -> video speed changer,audio downloader -> video synchronization -> video speed changer,arg_mismatch(1)
83429024,chain,✗,✗,2,audio-to-text -> text expander -> text search -> text-to-image,audio-to-text -> text expander -> internet researcher -> text-to-image,node_mismatch; link_mismatch; arg_mismatch(2)
16454230,chain,✗,✗,6,image-to-text -> audio effects -> audio-to-image -> image-to-video -> video-to-text -> text expander -> url extractor,audio effects -> audio-to-image -> image-to-text -> image-to-video -> text expander -> url extractor -> video-to-text,node_mismatch; link_mismatch; arg_mismatch(6)
42446003,single,✓,✓,1,voice changer,voice changer,arg_mismatch(1)
21016243,chain,✓,✓,1,text downloader -> keyword extractor -> url extractor -> audio downloader -> audio noise reduction -> audio-to-image,text downloader -> keyword extractor -> url extractor -> audio downloader -> audio noise reduction -> audio-to-image,arg_mismatch(1)
33712004,chain,✗,✗,1,text-to-video -> video search,text-to-video -> video-to-text -> text search,node_mismatch; link_mismatch; arg_mismatch(1)
41866981,dag,✓,✗,1,article spinner -> text-to-image -> image-to-text -> text-to-audio,article spinner -> text-to-image -> image-to-text -> text-to-audio,link_mismatch; arg_mismatch(1)
17109345,chain,✓,✗,0,image downloader -> image style transfer -> image search (by image) -> image colorizer -> image stitcher,image downloader -> image style transfer -> image search (by image) -> image colorizer -> image stitcher,link_mismatch
30719506,chain,✗,✗,2,text search -> text-to-image,text search -> text grammar checker -> text simplifier -> text-to-image,node_mismatch; link_mismatch; arg_mismatch(2)
27627315,single,✓,✓,1,text-to-image,text-to-image,arg_mismatch(1)
13060022,chain,✓,✗,4,text summarizer -> text search -> text paraphraser -> article spinner -> text-to-video,text summarizer -> text search -> text paraphraser -> article spinner -> text-to-video,link_mismatch; arg_mismatch(4)
32532295,chain,✓,✓,1,text paraphraser -> url extractor -> image downloader -> image search (by image),text paraphraser -> url extractor -> image downloader -> image search (by image),arg_mismatch(1)
10194219,chain,✗,✗,4,voice changer -> audio noise reduction -> audio-to-image,voice changer -> audio noise reduction -> audio-to-image -> image colorizer,node_mismatch; link_mismatch; arg_mismatch(4)
97459680,chain,✗,✗,2,audio-to-text -> text search -> text paraphraser,audio-to-text -> internet search -> text paraphraser,node_mismatch; link_mismatch; arg_mismatch(2)
22323466,chain,✓,✓,1,audio effects -> audio noise reduction -> audio splicer,audio effects -> audio noise reduction -> audio splicer,arg_mismatch(1)
26505759,single,✓,✓,1,text-to-image,text-to-image,arg_mismatch(1)
34538670,single,✓,✓,1,url extractor,url extractor,arg_mismatch(1)
21060240,dag,✗,✗,3,topic generator -> audio splicer -> audio effects,topic generator -> text translator -> audio splicer -> audio effects,node_mismatch; link_mismatch; arg_mismatch(3)
33879453,chain,✗,✗,3,image-to-text -> text sentiment analysis -> text-to-video,image downloader -> image-to-text -> text sentiment analysis -> text-to-video,node_mismatch; link_mismatch; arg_mismatch(3)
25329505,chain,✗,✗,4,text downloader -> keyword extractor -> text search -> text translator -> url extractor,text downloader -> keyword extractor -> web search -> text translator -> url extractor,node_mismatch; link_mismatch; arg_mismatch(4)
26348072,single,✗,✗,1,text-to-image -> image-to-video,text-to-video,node_mismatch; link_mismatch; arg_mismatch(1)
14514396,single,✗,✓,1,text search,web search,node_mismatch; arg_mismatch(1)
28087844,chain,✗,✗,3,video-to-audio -> audio-to-text -> text translator -> keyword extractor,video-to-text -> text translator -> keyword extractor,node_mismatch; link_mismatch; arg_mismatch(3)
23870417,chain,✗,✗,2,audio-to-text -> text translator -> keyword extractor -> text sentiment analysis,audio-to-text -> text translator -> text search -> text sentiment analysis,node_mismatch; link_mismatch; arg_mismatch(2)
51432037,dag,✗,✗,1,audio downloader -> image-to-text -> audio effects,audio downloader -> image-to-text -> audio effects -> voice changer,node_mismatch; link_mismatch; arg_mismatch(1)
80140741,chain,✗,✗,4,video-to-audio -> text translator -> text-to-audio,text expander -> text translator -> video voiceover -> video-to-audio,node_mismatch; link_mismatch; arg_mismatch(4)
33900787,single,✓,✓,1,image search,image search,arg_mismatch(1)
21723825,single,✓,✓,1,video speed changer,video speed changer,arg_mismatch(1)
26936771,dag,✓,✗,2,audio-to-text -> voice changer -> audio-to-image,audio-to-text -> voice changer -> audio-to-image,link_mismatch; arg_mismatch(2)
25444385,single,✓,✓,1,image search,image search,arg_mismatch(1)
17719499,chain,✗,✗,6,text simplifier -> keyword extractor -> text search -> video search -> video downloader,text simplifier -> text summarizer -> keyword extractor -> text search -> url extractor -> video downloader,node_mismatch; link_mismatch; arg_mismatch(6)
15858510,chain,✗,✗,3,text-to-audio -> audio noise reduction -> audio-to-text -> text search -> text expander -> text paraphraser -> voice changer,text-to-audio -> audio noise reduction -> audio-to-text -> internet search -> text extender -> text paraphraser -> voice modifier,node_mismatch; link_mismatch; arg_mismatch(3)
14008084,chain,✗,✗,2,video-to-text -> keyword extractor -> text-to-video -> video-to-audio,video-to-text -> keyword extractor -> text-to-video -> video speed changer -> video-to-audio,node_mismatch; link_mismatch; arg_mismatch(2)
22618250,single,✗,✗,1,text-to-image -> image-to-video,text-to-video,node_mismatch; link_mismatch; arg_mismatch(1)
30229894,chain,✗,✗,1,text sentiment analysis -> text-to-image,text sentiment analysis -> text-to-image -> image colorizer,node_mismatch; link_mismatch; arg_mismatch(1)
33961319,chain,✗,✗,1,image-to-text -> topic generator,image-to-text -> topic generator -> text grammar checker -> text paraphraser,node_mismatch; link_mismatch; arg_mismatch(1)
27144880,single,✗,✗,2,topic generator -> text simplifier,topic generator,node_mismatch; link_mismatch; arg_mismatch(2)
16939652,dag,✗,✗,4,text search -> text summarizer -> text-to-audio -> video voiceover,text search -> text sentiment analysis -> text expander -> video creation -> video voiceover,node_mismatch; link_mismatch; arg_mismatch(4)
11223857,chain,✗,✗,3,text translator -> image search,topic generator -> text translator -> text expander -> image search,node_mismatch; link_mismatch; arg_mismatch(3)
21601179,chain,✗,✗,4,keyword extractor -> voice changer -> audio splicer -> audio-to-image,audio splicer -> audio-to-image -> keyword extractor -> voice changer,node_mismatch; link_mismatch; arg_mismatch(4)
37485843,dag,✗,✗,0,image colorizer -> image-to-text -> image-to-video,image colorizer -> textextractor -> slideshow creator,node_mismatch; link_mismatch
21912262,chain,✗,✗,1,text translator -> text-to-audio,text translator -> article spinner -> text-to-audio,node_mismatch; link_mismatch; arg_mismatch(1)
19424778,chain,✗,✗,1,text paraphraser -> text-to-audio -> video voiceover,text paraphraser -> text-to-audio -> video synchronization,node_mismatch; link_mismatch; arg_mismatch(1)
10955151,chain,✗,✗,1,audio-to-image -> image stitcher -> image-to-video,audio-to-image -> image-to-video -> video stabilizer,node_mismatch; link_mismatch; arg_mismatch(1)
16017416,chain,✓,✓,2,video-to-audio -> audio-to-text -> text-to-video -> video-to-image,video-to-audio -> audio-to-text -> text-to-video -> video-to-image,arg_mismatch(2)
58850766,chain,✓,✗,2,keyword extractor -> text simplifier -> text-to-video -> video speed changer,keyword extractor -> text simplifier -> text-to-video -> video speed changer,link_mismatch; arg_mismatch(2)
24890234,chain,✗,✗,4,video speed changer -> video-to-audio -> audio-to-image,text grammar checker -> video speed changer -> video-to-audio -> audio-to-image,node_mismatch; link_mismatch; arg_mismatch(4)
15931895,single,✗,✗,2,image search -> image downloader,image search,node_mismatch; link_mismatch; arg_mismatch(2)
23005575,chain,✓,✓,1,text grammar checker -> text summarizer -> text simplifier,text grammar checker -> text summarizer -> text simplifier,arg_mismatch(1)
24984443,dag,✗,✗,3,audio-to-text -> text expander -> topic generator -> text-to-audio,audio noise reduction -> audio-to-text -> text expander -> topic generator -> text-to-audio,node_mismatch; link_mismatch; arg_mismatch(3)
21828988,dag,✗,✓,2,text-to-video -> text-to-audio -> video speed changer -> video synchronization,text-to-audio -> text-to-video -> video speed changer -> video synchronization,node_mismatch; arg_mismatch(2)
11024227,chain,✓,✓,1,text-to-audio -> audio noise reduction -> voice changer,text-to-audio -> audio noise reduction -> voice changer,arg_mismatch(1)
15668088,chain,✗,✗,2,video-to-audio -> audio-to-text -> keyword extractor,video-to-text -> topic generator,node_mismatch; link_mismatch; arg_mismatch(2)
95380339,single,✓,✓,1,text-to-audio,text-to-audio,arg_mismatch(1)
32444431,single,✓,✓,1,image search,image search,arg_mismatch(1)
31945352,chain,✗,✗,3,audio-to-text -> text simplifier -> text translator -> video search -> video-to-audio -> audio-to-text -> keyword extractor,audio-to-text -> article spinner -> text translator -> video search -> video-to-text -> keyword extractor,node_mismatch; link_mismatch; arg_mismatch(3)
14337289,chain,✗,✗,1,text-to-image -> image-to-video,text-to-image -> image mixer -> image-to-video,node_mismatch; link_mismatch; arg_mismatch(1)
30358992,chain,✓,✓,1,audio noise reduction -> audio splicer -> voice changer,audio noise reduction -> audio splicer -> voice changer,arg_mismatch(1)
31026865,dag,✗,✗,3,text-to-video -> video-to-audio -> audio-to-text -> text grammar checker -> video search,text grammar checker -> text-to-video -> video-to-text -> text grammar checker -> educational video search,node_mismatch; link_mismatch; arg_mismatch(3)
81810826,chain,✗,✗,1,image stitcher -> image style transfer -> text-to-audio,image stitcher -> image style transfer -> image-to-text -> article spinner -> text-to-audio,node_mismatch; link_mismatch; arg_mismatch(1)
77739327,chain,✗,✗,3,text paraphraser -> text-to-audio -> audio noise reduction -> audio splicer,text paraphraser -> text grammar checker -> text-to-audio -> audio noise reduction -> audio splicer,node_mismatch; link_mismatch; arg_mismatch(3)
17410471,chain,✗,✗,1,audio downloader -> audio-to-text -> video voiceover -> video-to-audio -> audio-to-text,audio downloader -> audio-to-text -> video voiceover -> video-to-text,node_mismatch; link_mismatch; arg_mismatch(1)
29140821,chain,✗,✗,3,text-to-video -> video-to-audio -> audio-to-text -> text summarizer -> text expander,text-to-video -> video-to-text -> text summarizer -> text expander,node_mismatch; link_mismatch; arg_mismatch(3)
10867142,dag,✗,✗,4,keyword extractor -> text paraphraser -> text summarizer -> video speed changer,keyword extractor -> article spinner -> text summarizer -> video speed changer,node_mismatch; link_mismatch; arg_mismatch(4)
62078577,chain,✗,✗,3,text simplifier -> text-to-video -> video-to-image -> image-to-video -> video synchronization,text simplification -> text-to-audio -> video synchronization,node_mismatch; link_mismatch; arg_mismatch(3)
18731766,chain,✗,✗,3,text translator -> text sentiment analysis -> text simplifier -> text-to-audio,text sentiment analysis -> text simplifier -> text translator -> text-to-audio,node_mismatch; link_mismatch; arg_mismatch(3)
25450633,chain,✗,✗,3,text translator -> text expander -> text-to-audio -> voice changer,text translator -> text simplifier -> text expander -> text-to-audio -> voice changer,node_mismatch; link_mismatch; arg_mismatch(3)
31745972,chain,✓,✗,1,audio-to-text -> text sentiment analysis -> text summarizer -> text-to-video,audio-to-text -> text sentiment analysis -> text summarizer -> text-to-video,link_mismatch; arg_mismatch(1)
20647166,chain,✓,✓,1,url extractor -> video downloader -> video voiceover,url extractor -> video downloader -> video voiceover,arg_mismatch(1)
39074977,chain,✗,✗,2,text search,text grammar checker -> text simplifier -> text search,node_mismatch; link_mismatch; arg_mismatch(2)
31126849,chain,✗,✗,2,text downloader -> video voiceover,text downloader -> text expander -> text simplifier -> video voiceover,node_mismatch; link_mismatch; arg_mismatch(2)
47922751,chain,✓,✓,1,text translator -> keyword extractor -> text paraphraser,text translator -> keyword extractor -> text paraphraser,arg_mismatch(1)
24211359,chain,✗,✗,1,audio-to-text -> article spinner -> text-to-video,audio-to-text -> text rewriter -> text-to-video,node_mismatch; link_mismatch; arg_mismatch(1)
31590988,dag,✗,✗,2,topic generator -> text-to-image -> image-to-video -> video voiceover,topic generator -> text-to-image -> video voiceover,node_mismatch; link_mismatch; arg_mismatch(2)
25827832,dag,✗,✗,1,video stabilizer -> video-to-audio -> audio-to-text,video stabilizer -> video-to-audio -> video-to-text,node_mismatch; link_mismatch; arg_mismatch(1)
30735821,chain,✗,✗,2,text-to-audio -> image-to-video,text-to-audio -> audio-to-image -> image stitcher,node_mismatch; link_mismatch; arg_mismatch(2)
10029029,chain,✗,✗,3,video speed changer -> video-to-audio -> audio-to-text -> text simplifier -> video search,video speed changer -> video-to-text -> text simplifier -> video search,node_mismatch; link_mismatch; arg_mismatch(3)
30230051,chain,✓,✓,1,text paraphraser -> video voiceover -> video speed changer,text paraphraser -> video voiceover -> video speed changer,arg_mismatch(1)
31456649,dag,✓,✓,1,text-to-video -> video stabilizer -> video-to-audio -> video-to-text,text-to-video -> video stabilizer -> video-to-audio -> video-to-text,arg_mismatch(1)
61335749,chain,✗,✗,4,audio-to-text -> audio-to-image -> video voiceover -> video-to-audio,audio-to-image -> image-to-text -> text-to-video -> video voiceover -> video-to-audio,node_mismatch; link_mismatch; arg_mismatch(4)
21055991,chain,✓,✗,1,audio-to-text -> voice changer -> audio splicer,audio-to-text -> voice changer -> audio splicer,link_mismatch; arg_mismatch(1)
24209012,chain,✗,✗,3,image-to-text -> text-to-video -> video-to-audio -> audio-to-text -> text expander -> video speed changer,image-to-text -> text-to-video -> video-to-text -> text expander -> video speed changer,node_mismatch; link_mismatch; arg_mismatch(3)
23103427,single,✓,✓,1,voice changer,voice changer,arg_mismatch(1)
13938522,dag,✓,✓,1,text expander -> video voiceover -> video speed changer,text expander -> video voiceover -> video speed changer,arg_mismatch(1)
33446792,dag,✗,✗,4,audio downloader -> voice changer -> audio-to-image -> text simplifier,audio downloader -> text simplifier -> voice changer -> audio-to-image,node_mismatch; link_mismatch; arg_mismatch(4)
18677247,chain,✗,✗,6,image-to-text -> text-to-audio -> audio effects -> video synchronization -> video-to-text -> url extractor,image search (by image) -> image-to-text -> keyword extractor -> text-to-audio -> audio effects -> video synchronization -> video-to-text -> url extractor,node_mismatch; link_mismatch; arg_mismatch(6)
31912477,chain,✓,✓,1,text downloader -> text simplifier -> video search,text downloader -> text simplifier -> video search,arg_mismatch(1)
14362298,chain,✓,✓,1,voice changer -> audio noise reduction -> video synchronization,voice changer -> audio noise reduction -> video synchronization,arg_mismatch(1)
20834241,chain,✗,✗,7,video synchronization -> video-to-audio -> audio-to-text -> text-to-image -> image-to-text -> text expander -> text grammar checker -> image search,video synchronization -> video-to-text -> text-to-image -> image-to-text -> text expander -> text grammar checker -> image search,node_mismatch; link_mismatch; arg_mismatch(7)
49555267,chain,✗,✗,0,image search (by image) -> url extractor,image search (by image) -> image downloader,node_mismatch; link_mismatch
25860845,chain,✗,✗,2,audio-to-image -> image search (by image) -> image-to-text -> text summarizer,audio-to-text -> text summarizer,node_mismatch; link_mismatch; arg_mismatch(2)
58319519,chain,✗,✗,1,audio-to-image -> image stitcher -> image colorizer,audio-to-image -> image stresser -> image colorizer,node_mismatch; link_mismatch; arg_mismatch(1)
26485852,chain,✗,✗,3,text-to-image -> image stitcher -> image style transfer,text simplifier -> text-to-image -> image stitcher -> image style transfer,node_mismatch; link_mismatch; arg_mismatch(3)
27318053,chain,✗,✗,2,text downloader -> keyword extractor -> text-to-audio,keyword extractor -> text summarizer -> text-to-audio,node_mismatch; link_mismatch; arg_mismatch(2)
14377951,chain,✓,✓,1,video downloader -> video-to-text -> text-to-video -> video-to-audio -> voice changer,video downloader -> video-to-text -> text-to-video -> video-to-audio -> voice changer,arg_mismatch(1)
42962243,chain,✓,✗,1,image search (by image) -> image stitcher -> image-to-text -> topic generator -> video speed changer -> video stabilizer -> video voiceover -> video synchronization,image search (by image) -> image stitcher -> image-to-text -> topic generator -> video speed changer -> video stabilizer -> video voiceover -> video synchronization,link_mismatch; arg_mismatch(1)
20230645,single,✓,✓,1,text-to-image,text-to-image,arg_mismatch(1)
23457116,chain,✗,✗,2,audio-to-text -> text paraphraser -> text summarizer -> image search,audio-to-text -> text paraphraser -> text simplifier -> text summarizer -> image search,node_mismatch; link_mismatch; arg_mismatch(2)
38320088,chain,✗,✗,4,video search -> video-to-audio -> audio-to-text -> text summarizer,article spinner -> video search -> video-to-text,node_mismatch; link_mismatch; arg_mismatch(4)
21639105,chain,✗,✗,4,text paraphraser -> text expander -> text-to-audio -> voice changer -> audio splicer,text paraphraser -> text expander -> voice changer -> audio splicer,node_mismatch; link_mismatch; arg_mismatch(4)
50508056,chain,✓,✓,1,audio effects -> audio-to-image -> image style transfer -> image search (by image),audio effects -> audio-to-image -> image style transfer -> image search (by image),arg_mismatch(1)
24360154,single,✓,✓,1,video synchronization,video synchronization,arg_mismatch(1)
13805853,dag,✓,✗,2,text downloader -> audio effects -> video speed changer,text downloader -> audio effects -> video speed changer,link_mismatch; arg_mismatch(2)
26688561,chain,✗,✗,4,image-to-video -> video voiceover -> video-to-audio,image-to-text -> text-to-video -> video voiceover -> video-to-audio,node_mismatch; link_mismatch; arg_mismatch(4)
35486432,chain,✓,✗,2,voice changer -> audio noise reduction -> audio effects,voice changer -> audio noise reduction -> audio effects,link_mismatch; arg_mismatch(2)
27355251,chain,✓,✗,2,video-to-image -> image search (by image) -> image-to-text,video-to-image -> image search (by image) -> image-to-text,link_mismatch; arg_mismatch(2)
13803821,chain,✗,✗,3,video-to-audio -> audio-to-text -> text sentiment analysis -> text-to-audio,video search -> video-to-text -> text sentiment analysis -> text-to-audio,node_mismatch; link_mismatch; arg_mismatch(3)
33605878,single,✓,✓,1,url extractor,url extractor,arg_mismatch(1)
10611109,chain,✗,✗,4,audio-to-text -> text-to-audio -> audio effects -> audio-to-image,audio effects -> audio-to-image -> audio-to-text -> text-to-audio,node_mismatch; link_mismatch; arg_mismatch(4)
19761327,single,✓,✓,1,text expander,text expander,arg_mismatch(1)
12489859,single,✓,✓,1,text search,text search,arg_mismatch(1)
19142424,chain,✗,✗,4,video-to-audio -> audio-to-text -> text translator -> text-to-audio -> video synchronization -> video-to-image -> image style transfer -> image search (by image),video downloader -> video-to-text -> text translator -> voice changer -> video synchronization -> video-to-image -> image style transfer -> image search (by image),node_mismatch; link_mismatch; arg_mismatch(4)
19467957,dag,✗,✗,4,text search -> text expander -> video search -> video downloader -> video voiceover,image-to-text -> web search -> text-to-audio -> video search -> video compose,node_mismatch; link_mismatch; arg_mismatch(4)
19685016,chain,✗,✗,4,video downloader -> video speed changer -> video-to-audio -> audio-to-text -> text sentiment analysis -> topic generator,video downloader -> video speed changer -> video-to-text -> text sentiment analysis -> topic generator,node_mismatch; link_mismatch; arg_mismatch(4)
86013736,single,✓,✓,1,text grammar checker,text grammar checker,arg_mismatch(1)
24477273,chain,✗,✗,2,image style transfer -> image stitcher -> image-to-video -> video voiceover,image style transfer -> image style transfer -> image-to-video -> video voiceover,node_mismatch; link_mismatch; arg_mismatch(2)
29262092,chain,✓,✓,2,audio-to-text -> text-to-image -> image style transfer -> image-to-video,audio-to-text -> text-to-image -> image style transfer -> image-to-video,arg_mismatch(2)
18198329,chain,✗,✗,4,video-to-audio -> audio-to-text -> text sentiment analysis -> text translator,video-to-text -> text sentiment analysis -> text translator,node_mismatch; link_mismatch; arg_mismatch(4)
36626179,single,✓,✓,1,topic generator,topic generator,arg_mismatch(1)
13756491,chain,✗,✗,2,video voiceover -> video synchronization -> video-to-audio,text-to-audio -> video synchronization -> video-to-audio,node_mismatch; link_mismatch; arg_mismatch(2)
11748525,single,✗,✓,0,image colorizer,ai image colorizer,node_mismatch
47471403,chain,✗,✗,4,video-to-audio -> audio-to-text -> keyword extractor -> text summarizer -> url extractor,video-to-text -> topic generator -> text summarizer -> url extractor,node_mismatch; link_mismatch; arg_mismatch(4)
32839442,chain,✗,✗,1,image downloader -> image-to-video -> video-to-text,image downloader -> image-to-video -> video transcription,node_mismatch; link_mismatch; arg_mismatch(1)
15186980,chain,✗,✗,6,video search -> video downloader -> video-to-audio -> audio-to-text -> text summarizer -> video speed changer,text summarizer -> video search -> video-to-text -> video speed changer -> text summarizer,node_mismatch; link_mismatch; arg_mismatch(6)
14020321,single,✗,✗,2,topic generator -> text expander,topic generator,node_mismatch; link_mismatch; arg_mismatch(2)
12411660,chain,✗,✗,1,text expander,text expander -> text paraphraser,node_mismatch; link_mismatch; arg_mismatch(1)
14212158,chain,✓,✓,1,video-to-image -> image search (by image) -> image stitcher -> image style transfer,video-to-image -> image search (by image) -> image stitcher -> image style transfer,arg_mismatch(1)
22255204,chain,✗,✗,4,text-to-image -> image style transfer -> image stitcher,image stitcher -> image style transfer -> text-to-video -> video-to-image,node_mismatch; link_mismatch; arg_mismatch(4)
24012000,dag,✗,✗,2,text sentiment analysis -> audio effects,text translator -> text sentiment analysis -> audio noise reduction -> audio effects,node_mismatch; link_mismatch; arg_mismatch(2)
31380443,dag,✓,✓,1,video stabilizer -> video speed changer,video stabilizer -> video speed changer,arg_mismatch(1)
23213982,chain,✗,✗,2,audio downloader -> audio noise reduction -> audio-to-text -> text search -> topic generator,audio downloader -> audio noise reduction -> audio-to-text -> internet research,node_mismatch; link_mismatch; arg_mismatch(2)
21267024,chain,✗,✗,3,article spinner -> text-to-audio -> audio-to-image -> image stitcher,article spinner -> voice changer -> audio-to-image -> image stitcher,node_mismatch; link_mismatch; arg_mismatch(3)
30025902,chain,✗,✗,4,video search -> text summarizer -> video-to-audio -> audio-to-text,text search -> text summarizer -> text-to-video -> video-to-text,node_mismatch; link_mismatch; arg_mismatch(4)
16660411,dag,✗,✗,3,image search -> text-to-image,text expander -> text sentiment analysis -> image search,node_mismatch; link_mismatch; arg_mismatch(3)
18235741,chain,✗,✗,1,text paraphraser -> keyword extractor,article spinner -> keyword extractor,node_mismatch; link_mismatch; arg_mismatch(1)
79253895,dag,✗,✗,2,text translator -> url extractor,text translator -> text summarizer -> url extractor,node_mismatch; link_mismatch; arg_mismatch(2)
20323840,dag,✗,✗,4,video-to-image -> image style transfer -> video-to-audio -> audio-to-text -> image search -> image-to-video,video-to-image -> image style transfer -> image-to-video -> video-to-text -> image search,node_mismatch; link_mismatch; arg_mismatch(4)
31328814,chain,✗,✗,2,video-to-image -> image colorizer,video-to-image -> image search (by image) -> image colorizer,node_mismatch; link_mismatch; arg_mismatch(2)
40477331,chain,✓,✓,1,text-to-video -> video voiceover -> video-to-image,text-to-video -> video voiceover -> video-to-image,arg_mismatch(1)
31049893,chain,✗,✗,2,image-to-text -> text search,image search (by image) -> image-to-text -> topic generator -> text search,node_mismatch; link_mismatch; arg_mismatch(2)
11156791,chain,✗,✗,4,video-to-audio -> audio-to-text -> text sentiment analysis -> text search -> text summarizer,video-to-text -> text sentiment analysis -> text search -> text summary,node_mismatch; link_mismatch; arg_mismatch(4)
17004658,dag,✓,✗,2,keyword extractor -> text simplifier -> video speed changer,keyword extractor -> text simplifier -> video speed changer,link_mismatch; arg_mismatch(2)
30308761,chain,✗,✗,2,audio effects -> audio-to-text -> video speed changer -> video-to-text,audio effects -> audio-to-text -> video speed adjustment -> video-to-text,node_mismatch; link_mismatch; arg_mismatch(2)
20189493,single,✓,✓,1,keyword extractor,keyword extractor,arg_mismatch(1)
28580592,chain,✓,✗,2,image colorizer -> image search (by image) -> image-to-video -> video-to-image,image colorizer -> image search (by image) -> image-to-video -> video-to-image,link_mismatch; arg_mismatch(2)
31107902,chain,✓,✗,3,image-to-text -> keyword extractor -> text expander -> topic generator,image-to-text -> keyword extractor -> text expander -> topic generator,link_mismatch; arg_mismatch(3)
52199326,chain,✗,✗,3,video-to-audio -> audio-to-text -> text simplifier -> keyword extractor,video-to-text -> text simplifier -> keyword extractor,node_mismatch; link_mismatch; arg_mismatch(3)
21045610,single,✗,✗,2,image search -> image downloader,image search,node_mismatch; link_mismatch; arg_mismatch(2)
18431423,chain,✓,✗,3,text grammar checker -> topic generator -> text sentiment analysis -> text summarizer,text grammar checker -> topic generator -> text sentiment analysis -> text summarizer,link_mismatch; arg_mismatch(3)
25382584,chain,✓,✓,1,text downloader -> text translator -> text-to-video -> video voiceover,text downloader -> text translator -> text-to-video -> video voiceover,arg_mismatch(1)
23219194,dag,✓,✗,2,audio downloader -> video stabilizer -> video synchronization -> video-to-text,audio downloader -> video stabilizer -> video synchronization -> video-to-text,link_mismatch; arg_mismatch(2)
12458723,chain,✗,✗,2,audio effects -> audio splicer -> video synchronization -> video speed changer,audio effects -> audio merger -> video synchronization -> video speed controller,node_mismatch; link_mismatch; arg_mismatch(2)
14159984,chain,✓,✗,2,video downloader -> video-to-text -> video voiceover -> video speed changer,video downloader -> video-to-text -> video voiceover -> video speed changer,link_mismatch; arg_mismatch(2)
58146892,single,✗,✗,2,video search -> video downloader,video search,node_mismatch; link_mismatch; arg_mismatch(2)
23163050,chain,✓,✗,2,video downloader -> video stabilizer -> video speed changer,video downloader -> video stabilizer -> video speed changer,link_mismatch; arg_mismatch(2)
31401678,chain,✗,✗,4,text downloader -> video-to-audio -> audio effects -> voice changer,text downloader -> video speed changer -> video-to-audio -> audio effects -> voice changer,node_mismatch; link_mismatch; arg_mismatch(4)
18772019,chain,✓,✓,1,text simplifier -> text search -> text-to-audio -> audio-to-image -> image stitcher,text simplifier -> text search -> text-to-audio -> audio-to-image -> image stitcher,arg_mismatch(1)
16964342,dag,✗,✗,2,image colorizer -> image style transfer,image colorizer -> image search (by image) -> image style transfer,node_mismatch; link_mismatch; arg_mismatch(2)
91036230,dag,✗,✗,2,text downloader -> text summarizer -> keyword extractor -> text expander,text downloader -> keyword extractor -> text search -> text expander,node_mismatch; link_mismatch; arg_mismatch(2)
33668028,chain,✓,✓,1,voice changer -> audio noise reduction -> audio-to-text,voice changer -> audio noise reduction -> audio-to-text,arg_mismatch(1)
23839052,chain,✓,✗,1,article spinner -> keyword extractor -> text-to-audio,article spinner -> keyword extractor -> text-to-audio,link_mismatch; arg_mismatch(1)
32811193,chain,✓,✗,2,image search (by image) -> image colorizer -> image-to-video,image search (by image) -> image colorizer -> image-to-video,link_mismatch; arg_mismatch(2)
18562959,chain,✗,✗,2,text-to-video -> video-to-image -> image search (by image) -> image-to-text -> text-to-video,video search -> video-to-image -> image search (by image) -> image-to-text -> text-to-video,node_mismatch; link_mismatch; arg_mismatch(2)
33050649,chain,✓,✗,2,keyword extractor -> text-to-audio -> audio-to-image,keyword extractor -> text-to-audio -> audio-to-image,link_mismatch; arg_mismatch(2)
81351859,chain,✗,✗,3,voice changer -> audio effects,text paraphraser -> voice changer -> audio effects,node_mismatch; link_mismatch; arg_mismatch(3)
34599994,chain,✗,✗,1,audio-to-text -> text search -> video-to-image -> image-to-text -> text simplifier,audio-to-text -> video search -> video-to-image -> image-to-text -> text simplifier,node_mismatch; link_mismatch; arg_mismatch(1)
94028309,chain,✗,✗,3,video-to-audio -> audio-to-text -> text expander -> text simplifier,video-to-text -> text expander -> text simplifier,node_mismatch; link_mismatch; arg_mismatch(3)
22986003,chain,✗,✗,4,video-to-audio -> audio-to-text -> video voiceover -> video-to-image,video voiceover -> video-to-image -> video-to-text,node_mismatch; link_mismatch; arg_mismatch(4)
13215328,chain,✓,✗,3,audio-to-text -> text sentiment analysis -> text summarizer -> text-to-image,audio-to-text -> text sentiment analysis -> text summarizer -> text-to-image,link_mismatch; arg_mismatch(3)
25122938,dag,✗,✓,2,text simplifier -> image search,text search -> text simplifier -> image search,node_mismatch; arg_mismatch(2)
95346841,chain,✗,✗,2,video-to-audio -> audio-to-text -> text-to-video,video-to-text -> text-to-video,node_mismatch; link_mismatch; arg_mismatch(2)
11085000,dag,✓,✗,3,text-to-image -> video-to-image -> image style transfer -> image stitcher,text-to-image -> video-to-image -> image style transfer -> image stitcher,link_mismatch; arg_mismatch(3)
12971686,chain,✓,✓,1,image-to-text -> text expander -> video search -> video speed changer -> video-to-text -> keyword extractor,image-to-text -> text expander -> video search -> video speed changer -> video-to-text -> keyword extractor,arg_mismatch(1)
20034203,chain,✗,✗,4,video speed changer -> video-to-image -> image stitcher -> audio noise reduction -> audio effects -> video synchronization -> image-to-video,video speed changer -> video-to-image -> image stitcher -> audio noise reduction -> voice modifier -> video synchronization,node_mismatch; link_mismatch; arg_mismatch(4)
14789834,dag,✓,✗,2,topic generator -> video speed changer -> video-to-audio -> audio splicer -> video synchronization -> video voiceover,topic generator -> video speed changer -> video-to-audio -> audio splicer -> video synchronization -> video voiceover,link_mismatch; arg_mismatch(2)
14440697,chain,✗,✗,5,topic generator -> text paraphraser -> text-to-audio -> audio effects -> audio splicer,topic generator -> text paraphraser -> voice changer -> audio effects,node_mismatch; link_mismatch; arg_mismatch(5)
63660009,single,✓,✓,1,topic generator,topic generator,arg_mismatch(1)
28467603,chain,✓,✓,1,text grammar checker -> text paraphraser -> keyword extractor -> audio effects,text grammar checker -> text paraphraser -> keyword extractor -> audio effects,arg_mismatch(1)
95676590,single,✓,✓,1,video search,video search,arg_mismatch(1)
45760948,chain,✓,✗,2,video-to-audio -> audio-to-image -> image stitcher,video-to-audio -> audio-to-image -> image stitcher,link_mismatch; arg_mismatch(2)
88629839,chain,✗,✗,3,text simplifier -> text-to-image,text grammar checker -> article spinner -> text-to-image,node_mismatch; link_mismatch; arg_mismatch(3)
20175345,chain,✗,✗,4,text-to-audio -> audio splicer -> audio-to-image -> image stitcher,audio splicer -> audio-to-image -> image stitcher -> text-to-audio,node_mismatch; link_mismatch; arg_mismatch(4)
32464313,chain,✗,✗,6,text search -> text expander -> article spinner -> text-to-audio -> video stabilizer -> video speed changer -> video synchronization,text search -> text expander -> article spinner -> video stabilizer -> video speed changer -> video voiceover,node_mismatch; link_mismatch; arg_mismatch(6)
14051330,chain,✗,✗,2,text-to-video -> video speed changer -> video-to-text -> keyword extractor,text-to-video -> video speed changer -> video-to-text -> keyword extractor -> text search,node_mismatch; link_mismatch; arg_mismatch(2)
20384326,dag,✗,✗,1,text downloader -> keyword extractor -> text-to-image,text downloader -> keyword extractor -> text search -> text-to-image,node_mismatch; link_mismatch; arg_mismatch(1)
78630559,dag,✗,✓,2,video downloader -> audio splicer -> video speed changer -> video synchronization,video downloader -> video speed changer -> audio splicer -> video synchronization,node_mismatch; arg_mismatch(2)
19738017,dag,✗,✓,2,video stabilizer -> text downloader -> video speed changer,text downloader -> video stabilizer -> video speed changer,node_mismatch; arg_mismatch(2)
22807274,dag,✓,✗,1,text translator -> text expander -> text search -> video search,text translator -> text expander -> text search -> video search,link_mismatch; arg_mismatch(1)
54799396,single,✓,✓,1,image downloader,image downloader,arg_mismatch(1)
58503767,single,✓,✓,1,text-to-image,text-to-image,arg_mismatch(1)
14738929,dag,✗,✗,2,text-to-image -> image style transfer -> image stitcher -> image-to-text,text-to-image -> image style transfer -> image-to-text -> image-to-video,node_mismatch; link_mismatch; arg_mismatch(2)
17902865,dag,✗,✗,3,text-to-video -> video-to-audio -> audio effects,audio effects -> text-to-video -> video-to-text,node_mismatch; link_mismatch; arg_mismatch(3)
38526292,chain,✗,✗,3,text-to-image -> image-to-text -> text grammar checker -> url extractor -> image downloader,text-to-image -> image-to-text -> url extractor -> image downloader,node_mismatch; link_mismatch; arg_mismatch(3)
18964002,single,✓,✓,1,audio splicer,audio splicer,arg_mismatch(1)
14087939,dag,✗,✗,1,video downloader -> video-to-audio -> audio-to-text -> video voiceover,video downloader -> video-to-audio -> speech-to-text -> video voiceover,node_mismatch; link_mismatch; arg_mismatch(1)
22246928,chain,✗,✗,3,text downloader -> text simplifier -> text-to-audio -> audio noise reduction,text downloader -> text summarizer -> text simplifier -> text to speech converter -> audio noise reduction,node_mismatch; link_mismatch; arg_mismatch(3)
59192361,single,✓,✓,1,video speed changer,video speed changer,arg_mismatch(1)
33834609,single,✓,✓,1,text summarizer,text summarizer,arg_mismatch(1)
64746010,chain,✗,✗,1,audio-to-text -> text search,audio-to-text -> text summarizer -> text search -> url extractor,node_mismatch; link_mismatch; arg_mismatch(1)
11053116,chain,✗,✓,1,text-to-image,text paraphraser -> text search -> text-to-image,node_mismatch; arg_mismatch(1)
20354600,chain,✓,✓,1,image stitcher -> image-to-video -> video-to-audio -> audio noise reduction -> voice changer -> video synchronization -> video-to-text,image stitcher -> image-to-video -> video-to-audio -> audio noise reduction -> voice changer -> video synchronization -> video-to-text,arg_mismatch(1)
23531418,chain,✗,✗,2,image-to-text -> topic generator -> text search,image-to-text -> topic generator -> web search,node_mismatch; link_mismatch; arg_mismatch(2)
16817915,chain,✗,✗,3,video stabilizer -> video-to-audio -> audio-to-text -> text-to-video,video stabilizer -> video voiceover -> video-to-text -> text-to-video,node_mismatch; link_mismatch; arg_mismatch(3)
12041130,chain,✗,✗,4,image colorizer -> image-to-text -> text expander -> text search -> video-to-image,image colorizer -> image search (by image) -> image-to-text -> text expander -> video search -> video-to-image,node_mismatch; link_mismatch; arg_mismatch(4)
65067357,single,✓,✓,1,video voiceover,video voiceover,arg_mismatch(1)
66647514,chain,✗,✗,3,text downloader -> url extractor -> image downloader,image downloader -> webpage content downloader -> image url extractor,node_mismatch; link_mismatch; arg_mismatch(3)
19725533,single,✓,✓,1,image downloader,image downloader,arg_mismatch(1)
49216620,chain,✓,✓,1,audio-to-image -> image-to-text -> text-to-audio -> voice changer,audio-to-image -> image-to-text -> text-to-audio -> voice changer,arg_mismatch(1)
30651912,chain,✗,✗,1,audio-to-text -> topic generator -> text search -> url extractor,audio-to-text -> topic generator -> url extractor,node_mismatch; link_mismatch; arg_mismatch(1)
32233836,single,✓,✓,1,video speed changer,video speed changer,arg_mismatch(1)
10444494,chain,✗,✗,6,image downloader -> image colorizer -> image search (by image) -> image style transfer -> image stitcher,url extractor -> image downloader -> image colorizer -> image search (by image) -> image style transfer -> image stitcher,node_mismatch; link_mismatch; arg_mismatch(6)
22280569,chain,✓,✗,3,image style transfer -> image stitcher -> image search (by image) -> image colorizer,image style transfer -> image stitcher -> image search (by image) -> image colorizer,link_mismatch; arg_mismatch(3)
38333480,chain,✗,✗,6,video-to-audio -> audio-to-text -> text search -> image search -> image-to-text -> keyword extractor -> text summarizer -> text paraphraser,video-to-text -> text search -> url extractor -> image downloader -> image-to-text -> keyword extractor -> text summarizer -> text paraphraser,node_mismatch; link_mismatch; arg_mismatch(6)
18703052,single,✓,✓,1,text-to-video,text-to-video,arg_mismatch(1)
88841327,chain,✓,✓,1,audio-to-image -> image-to-video -> video voiceover -> video-to-text,audio-to-image -> image-to-video -> video voiceover -> video-to-text,arg_mismatch(1)
27499409,chain,✓,✓,1,text grammar checker -> text translator -> url extractor,text grammar checker -> text translator -> url extractor,arg_mismatch(1)
90017164,single,✓,✓,1,text search,text search,arg_mismatch(1)
94770693,chain,✗,✗,4,audio effects -> audio noise reduction -> audio splicer,text interpretation -> audio effects application -> background noise reduction -> audio splicing,node_mismatch; link_mismatch; arg_mismatch(4)
11383903,chain,✗,✗,3,video synchronization -> video-to-audio,video downloader -> audio synchronization -> transcription service,node_mismatch; link_mismatch; arg_mismatch(3)
30422289,dag,✗,✗,3,text sentiment analysis -> text summarizer -> text-to-audio,text summarizer -> text sentiment analysis -> video voiceover,node_mismatch; link_mismatch; arg_mismatch(3)
26877471,chain,✗,✗,2,text translator -> text sentiment analysis -> text-to-image,text translator -> text sentiment analysis -> image search,node_mismatch; link_mismatch; arg_mismatch(2)
63302579,dag,✗,✗,2,image search -> text simplifier,text translator -> image search -> text expander -> text simplifier,node_mismatch; link_mismatch; arg_mismatch(2)
18165520,chain,✗,✗,2,text paraphraser -> text sentiment analysis,text paraphraser -> text sentiment analysis -> text expander,node_mismatch; link_mismatch; arg_mismatch(2)
30971654,chain,✗,✗,2,text search -> text-to-audio,text paraphraser -> text search -> text expander -> text-to-audio,node_mismatch; link_mismatch; arg_mismatch(2)
31392425,chain,✓,✗,4,video-to-image -> image-to-text -> text grammar checker -> text translator -> video search,video-to-image -> image-to-text -> text grammar checker -> text translator -> video search,link_mismatch; arg_mismatch(4)
22291878,dag,✗,✗,2,text-to-image -> image downloader -> image style transfer,image downloader -> text-to-image -> image style transfer,node_mismatch; link_mismatch; arg_mismatch(2)
19419954,dag,✗,✗,2,image-to-text -> text simplifier -> url extractor,article spinner -> text simplifier -> url extractor,node_mismatch; link_mismatch; arg_mismatch(2)
15215274,dag,✗,✗,4,video stabilizer -> video-to-audio -> text-to-audio -> video synchronization -> video synchronization,video stabilizer -> text-to-voice -> video voiceover -> video synchronization,node_mismatch; link_mismatch; arg_mismatch(4)
27363224,chain,✗,✗,3,text-to-image -> image style transfer,text simplifier -> text-to-image -> image style transfer,node_mismatch; link_mismatch; arg_mismatch(3)
32036888,chain,✓,✓,2,audio downloader -> audio effects -> audio noise reduction -> voice changer,audio downloader -> audio effects -> audio noise reduction -> voice changer,arg_mismatch(2)
46278183,chain,✓,✗,2,text downloader -> text grammar checker -> url extractor -> video downloader -> video speed changer,text downloader -> text grammar checker -> url extractor -> video downloader -> video speed changer,link_mismatch; arg_mismatch(2)
19656071,chain,✗,✗,2,text summarizer -> text search -> audio effects,text summarizer -> audio search -> audio effects,node_mismatch; link_mismatch; arg_mismatch(2)
19603336,chain,✗,✗,4,text downloader -> text-to-image -> video-to-image -> image style transfer,text downloader -> video search -> video-to-image -> image style transfer -> image stitcher,node_mismatch; link_mismatch; arg_mismatch(4)
12897692,single,✓,✓,1,text-to-video,text-to-video,arg_mismatch(1)
11690244,dag,✗,✗,2,audio-to-text -> keyword extractor -> video search -> video-to-image,audio-to-text -> url extractor -> keyword extraction -> video search -> video-to-image,node_mismatch; link_mismatch; arg_mismatch(2)
85137615,chain,✗,✗,2,text downloader -> text translator -> text summarizer -> video speed changer,text downloader -> text summarizer -> text translator -> video speed changer,node_mismatch; link_mismatch; arg_mismatch(2)
61247441,chain,✗,✗,1,topic generator -> text paraphraser -> text simplifier,topic generator -> article spinner -> text simplifier,node_mismatch; link_mismatch; arg_mismatch(1)
22337122,chain,✓,✗,3,text summarizer -> keyword extractor -> text sentiment analysis,text summarizer -> keyword extractor -> text sentiment analysis,link_mismatch; arg_mismatch(3)
29353569,chain,✗,✗,1,text translator -> keyword extractor -> text sentiment analysis,keyword extractor -> text translator -> text sentiment analysis,node_mismatch; link_mismatch; arg_mismatch(1)
13574657,chain,✗,✗,2,text search -> text summarizer,keyword extractor -> text paraphraser -> text search -> text summarizer -> text expander,node_mismatch; link_mismatch; arg_mismatch(2)
30778529,single,✗,✗,1,text search -> text summarizer,text search,node_mismatch; link_mismatch; arg_mismatch(1)
33700908,chain,✗,✗,3,video-to-audio -> audio-to-text -> audio effects,audio effects -> video-to-text,node_mismatch; link_mismatch; arg_mismatch(3)
14274657,chain,✗,✗,1,text search -> text simplifier,text search -> text simplifier -> text grammar checker -> text expander,node_mismatch; link_mismatch; arg_mismatch(1)
20601325,chain,✗,✗,4,video synchronization -> video-to-audio -> audio-to-text -> text-to-audio -> audio noise reduction -> audio-to-text,video synchronization -> video-to-text -> text-to-audio -> audio noise reduction -> audio-to-text,node_mismatch; link_mismatch; arg_mismatch(4)
14300561,chain,✗,✗,2,audio downloader -> audio noise reduction -> audio splicer -> video synchronization,audio downloader -> audio noise reduction -> audio merger -> video synchronization,node_mismatch; link_mismatch; arg_mismatch(2)
21509275,chain,✓,✓,1,video stabilizer -> video-to-image -> image stitcher,video stabilizer -> video-to-image -> image stitcher,arg_mismatch(1)
97619887,single,✗,✗,2,video search -> text search,video search,node_mismatch; link_mismatch; arg_mismatch(2)
27319053,chain,✗,✗,2,video-to-audio -> audio-to-text -> article spinner,video-to-text -> article spinner,node_mismatch; link_mismatch; arg_mismatch(2)
21458774,chain,✓,✓,1,text-to-image -> image search (by image) -> image-to-text,text-to-image -> image search (by image) -> image-to-text,arg_mismatch(1)
20238253,chain,✗,✗,2,image-to-text -> keyword extractor -> voice changer -> audio-to-image,image-to-text -> keyword extraction -> voice modifier -> audio-to-visual,node_mismatch; link_mismatch; arg_mismatch(2)
32463074,chain,✗,✗,1,image downloader -> image-to-text -> topic generator -> text grammar checker -> text simplifier -> text summarizer,image downloader -> image-to-text -> topic generator -> text grammar checker -> text simplifier -> text summarizer -> video speed changer,node_mismatch; link_mismatch; arg_mismatch(1)
16462211,chain,✗,✗,2,video-to-audio -> audio splicer,audio splicer -> video-to-audio,node_mismatch; link_mismatch; arg_mismatch(2)
32024546,single,✓,✓,1,text expander,text expander,arg_mismatch(1)
31375019,chain,✗,✗,4,audio downloader -> audio noise reduction -> audio effects,url extractor -> audio downloader -> audio noise reduction -> audio effects,node_mismatch; link_mismatch; arg_mismatch(4)
30414454,chain,✓,✗,4,image-to-text -> text search -> topic generator -> text-to-audio -> audio-to-text,image-to-text -> text search -> topic generator -> text-to-audio -> audio-to-text,link_mismatch; arg_mismatch(4)
25314854,chain,✓,✗,3,voice changer -> audio splicer -> video synchronization -> video-to-text -> video speed changer,voice changer -> audio splicer -> video synchronization -> video-to-text -> video speed changer,link_mismatch; arg_mismatch(3)
23949348,chain,✗,✗,3,video-to-audio -> audio-to-text -> text paraphraser -> text-to-video,video-to-text -> article rewriter -> text-to-video,node_mismatch; link_mismatch; arg_mismatch(3)
27869430,chain,✗,✗,4,video synchronization -> video voiceover -> video-to-audio -> audio-to-text -> topic generator -> text grammar checker -> text-to-audio -> video voiceover,video synchronization -> video voiceover -> video-to-text -> topic generator -> text grammar checker -> text-to-video,node_mismatch; link_mismatch; arg_mismatch(4)
14195068,chain,✓,✓,1,video-to-audio -> voice changer -> audio-to-text,video-to-audio -> voice changer -> audio-to-text,arg_mismatch(1)
28557943,chain,✗,✗,2,url extractor -> text search -> video speed changer,url extractor -> text downloader -> video speed changer,node_mismatch; link_mismatch; arg_mismatch(2)
92284140,chain,✗,✗,3,image search (by image) -> image stitcher -> video-to-audio -> audio-to-text -> keyword extractor,image search (by image) -> image-to-video -> video-to-text -> keyword extractor,node_mismatch; link_mismatch; arg_mismatch(3)
19876577,chain,✗,✗,2,article spinner -> text-to-audio,keyword extractor -> article spinner -> voice changer,node_mismatch; link_mismatch; arg_mismatch(2)
22576459,chain,✗,✗,4,text downloader -> text search -> image search,image search (by image) -> keyword extractor -> text downloader -> text-to-image generator,node_mismatch; link_mismatch; arg_mismatch(4)
58364206,dag,✗,✗,3,video-to-image -> video synchronization -> image stitcher,video downloader -> video-to-audio -> video synchronization -> video-to-image -> image stitcher,node_mismatch; link_mismatch; arg_mismatch(3)
51138239,chain,✗,✗,4,text expander -> url extractor -> audio downloader -> voice changer,audio downloader -> text expander -> url extractor -> voice changer,node_mismatch; link_mismatch; arg_mismatch(4)
13411703,dag,✗,✗,3,text summarizer -> video voiceover,pdf-to-text -> text simplifier -> text summarizer -> video length changer,node_mismatch; link_mismatch; arg_mismatch(3)
78199941,single,✓,✓,1,video speed changer,video speed changer,arg_mismatch(1)
32086690,chain,✗,✗,5,video-to-image -> image-to-text -> text simplifier -> text-to-image -> image search (by image),video-to-image -> image-to-text -> text grammar checker -> text simplifier -> text-to-image -> image search (by image),node_mismatch; link_mismatch; arg_mismatch(5)
10327096,chain,✗,✗,2,text downloader -> keyword extractor -> topic generator,text downloader -> keyword search -> topic extractor,node_mismatch; link_mismatch; arg_mismatch(2)
33095355,chain,✓,✗,4,text downloader -> text grammar checker -> topic generator -> url extractor -> image downloader,text downloader -> text grammar checker -> topic generator -> url extractor -> image downloader,link_mismatch; arg_mismatch(4)
42668223,single,✓,✓,1,text grammar checker,text grammar checker,arg_mismatch(1)
77431708,chain,✓,✓,1,voice changer -> audio-to-image,voice changer -> audio-to-image,arg_mismatch(1)
18131489,single,✗,✓,1,text grammar checker,grammar correction,node_mismatch; arg_mismatch(1)
39207751,chain,✓,✗,3,text paraphraser -> text sentiment analysis -> text-to-audio -> audio splicer,text paraphraser -> text sentiment analysis -> text-to-audio -> audio splicer,link_mismatch; arg_mismatch(3)
32440864,dag,✗,✗,2,audio downloader -> audio noise reduction -> video synchronization -> video stabilizer,audio downloader -> audio noise reduction -> video stabilizer -> video synchronization,node_mismatch; link_mismatch; arg_mismatch(2)
16821206,dag,✗,✗,3,voice changer -> audio splicer -> video synchronization -> video-to-text,voice changer -> audio splicer -> audio-to-text -> video synchronization,node_mismatch; link_mismatch; arg_mismatch(3)
23452089,dag,✗,✗,2,image downloader -> image stitcher -> image-to-video,image downloader -> image downloader -> image-to-video,node_mismatch; link_mismatch; arg_mismatch(2)
18617043,chain,✗,✗,1,text paraphraser -> text translator -> text-to-audio,text paraphraser -> text translator -> text grammar checker -> text-to-audio,node_mismatch; link_mismatch; arg_mismatch(1)
10722539,chain,✗,✗,2,video synchronization,video downloader -> audio downloader -> video synchronization,node_mismatch; link_mismatch; arg_mismatch(2)
32162433,chain,✗,✗,5,video downloader -> video speed changer -> video-to-image -> image-to-text,video downloader -> video speed changer -> video voiceover -> video-to-image -> image-to-text,node_mismatch; link_mismatch; arg_mismatch(5)
24833942,single,✓,✓,1,text grammar checker,text grammar checker,arg_mismatch(1)
13498531,chain,✓,✗,1,image-to-text -> text search -> video speed changer,image-to-text -> text search -> video speed changer,link_mismatch; arg_mismatch(1)
22385325,chain,✗,✗,4,text-to-audio -> audio noise reduction -> audio-to-text -> text translator,text-to-audio -> voice changer -> audio noise reduction -> audio-to-text,node_mismatch; link_mismatch; arg_mismatch(4)
20908442,chain,✓,✓,1,image colorizer -> image stitcher -> image-to-text -> article spinner -> text-to-audio,image colorizer -> image stitcher -> image-to-text -> article spinner -> text-to-audio,arg_mismatch(1)
28370942,chain,✗,✗,3,video-to-image -> image style transfer,video search -> video-to-image -> image style transfer -> image colorizer,node_mismatch; link_mismatch; arg_mismatch(3)
21322507,chain,✓,✓,1,image-to-text -> text simplifier -> url extractor -> video downloader -> video voiceover -> video speed changer,image-to-text -> text simplifier -> url extractor -> video downloader -> video voiceover -> video speed changer,arg_mismatch(1)
15649012,dag,✓,✗,3,audio effects -> video stabilizer -> video synchronization -> video-to-audio,audio effects -> video stabilizer -> video synchronization -> video-to-audio,link_mismatch; arg_mismatch(3)
22588394,chain,✗,✗,3,text grammar checker -> text translator -> text search -> audio downloader -> audio effects -> audio-to-image,text grammar checker -> text translator -> text search -> url extractor -> audio downloader -> audio effects -> audio-to-image,node_mismatch; link_mismatch; arg_mismatch(3)
14609401,chain,✗,✗,2,text sentiment analysis -> text-to-video -> text-to-audio,text sentiment analysis -> text-to-video -> video-to-audio,node_mismatch; link_mismatch; arg_mismatch(2)
89154537,single,✓,✓,1,image search,image search,arg_mismatch(1)
24552633,chain,✗,✗,2,audio-to-text -> keyword extractor -> text search -> text translator -> topic generator -> text-to-image -> image search (by image),audio-to-text -> keyword extractor -> web search -> text translator -> topic generator -> image creation -> image search,node_mismatch; link_mismatch; arg_mismatch(2)
29987930,chain,✗,✗,3,video-to-audio -> audio-to-text -> text summarizer -> text paraphraser,video-to-text -> keyword extractor -> text summarizer -> text paraphraser,node_mismatch; link_mismatch; arg_mismatch(3)
15890208,chain,✗,✗,2,audio-to-image -> image style transfer,audio-to-image -> image colorizer -> image style transfer,node_mismatch; link_mismatch; arg_mismatch(2)
24666287,single,✗,✗,1,video-to-audio -> audio-to-text,video-to-text,node_mismatch; link_mismatch; arg_mismatch(1)
30168713,chain,✓,✓,1,video downloader -> video-to-image -> image style transfer -> image stitcher,video downloader -> video-to-image -> image style transfer -> image stitcher,arg_mismatch(1)
23324269,chain,✗,✗,4,image stitcher -> image search (by image) -> image-to-text,image downloader -> image stitcher -> image search (by image) -> image-to-text,node_mismatch; link_mismatch; arg_mismatch(4)
26603706,chain,✓,✓,1,video speed changer -> video-to-text -> text-to-video,video speed changer -> video-to-text -> text-to-video,arg_mismatch(1)
27324437,chain,✗,✗,4,video voiceover -> video-to-image -> image colorizer,text-to-audio -> video synchronization -> video-to-image -> image colorizer,node_mismatch; link_mismatch; arg_mismatch(4)
15355856,chain,✗,✗,4,video search -> video stabilizer -> video speed changer,keyword extractor -> text sentiment analysis -> video search -> video stabilizer -> video speed changer,node_mismatch; link_mismatch; arg_mismatch(4)
12898151,single,✗,✗,2,text downloader -> text search,text search,node_mismatch; link_mismatch; arg_mismatch(2)
29242076,chain,✗,✗,3,text grammar checker -> video search,text grammar checker -> text search -> video search,node_mismatch; link_mismatch; arg_mismatch(3)
21170337,single,✓,✓,1,audio effects,audio effects,arg_mismatch(1)
31248319,chain,✗,✗,0,audio splicer -> audio-to-image -> image style transfer -> image search,audio splicer -> audio-to-image -> image style transfer -> image search (by image),node_mismatch; link_mismatch
14802736,chain,✗,✗,1,image style transfer -> image-to-text -> audio effects -> video synchronization,image style transfer -> image-to-text -> audio effects generation -> audio video synchronization,node_mismatch; link_mismatch; arg_mismatch(1)
18461175,chain,✓,✓,1,audio downloader -> video synchronization -> video voiceover,audio downloader -> video synchronization -> video voiceover,arg_mismatch(1)
17515978,chain,✗,✗,4,video-to-image -> image-to-text -> video voiceover,video search -> video-to-image -> image-to-text -> text-to-video -> video voiceover,node_mismatch; link_mismatch; arg_mismatch(4)
24500356,chain,✗,✗,2,text downloader -> video search,text search -> topic generator -> video search,node_mismatch; link_mismatch; arg_mismatch(2)
42297068,chain,✓,✓,1,text-to-audio -> audio effects,text-to-audio -> audio effects,arg_mismatch(1)
60318299,dag,✗,✓,2,text simplifier,text search -> topic generator -> text expander -> text simplifier,node_mismatch; arg_mismatch(2)
34090213,chain,✗,✗,2,url extractor -> text downloader -> text search -> video voiceover -> video-to-text,url extractor -> text downloader -> internet search -> video voiceover -> speech to text,node_mismatch; link_mismatch; arg_mismatch(2)
27310170,chain,✗,✗,5,video-to-image -> image style transfer -> video voiceover -> image stitcher,text downloader -> video voiceover -> video-to-image -> image style transfer -> image stitcher,node_mismatch; link_mismatch; arg_mismatch(5)
23664004,single,✗,✗,2,video search -> video downloader,video search,node_mismatch; link_mismatch; arg_mismatch(2)
56892051,chain,✗,✗,4,audio-to-text -> text search -> url extractor -> audio downloader,audio-to-text -> text search -> text expander -> url extractor -> audio downloader,node_mismatch; link_mismatch; arg_mismatch(4)
78310246,chain,✗,✗,2,text downloader -> text simplifier -> video speed changer -> video voiceover -> video stabilizer,text downloader -> article spinner -> video speed changer -> video voiceover -> video stabilizer,node_mismatch; link_mismatch; arg_mismatch(2)
20396370,chain,✗,✗,3,text simplifier -> image search -> url extractor -> image downloader -> image-to-video,text simplifier -> url extractor -> image downloader -> image-to-video,node_mismatch; link_mismatch; arg_mismatch(3)
45010163,chain,✓,✗,3,text simplifier -> keyword extractor -> article spinner,text simplifier -> keyword extractor -> article spinner,link_mismatch; arg_mismatch(3)
10076784,single,✓,✓,1,topic generator,topic generator,arg_mismatch(1)
31434931,dag,✗,✗,1,image-to-text -> text-to-image,image-to-text -> text-to-image -> image colorizer,node_mismatch; link_mismatch; arg_mismatch(1)
18424954,chain,✗,✗,6,video speed changer -> video-to-text -> text expander -> text-to-video -> video voiceover -> video synchronization,video speed changer -> video voiceover -> video-to-text -> text expander -> text-to-video -> video synchronization,node_mismatch; link_mismatch; arg_mismatch(6)
21958912,chain,✗,✗,5,video-to-image -> image search (by image) -> image stitcher -> image colorizer -> image-to-text -> keyword extractor,video downloader -> video-to-image -> image search (by image) -> image colorizer -> image stitcher -> image-to-text -> keyword extractor,node_mismatch; link_mismatch; arg_mismatch(5)
26886233,chain,✗,✗,1,video-to-audio -> voice changer -> audio-to-image -> image stitcher,video-to-audio -> voice modulator -> audio-to-image -> image stitcher,node_mismatch; link_mismatch; arg_mismatch(1)
27685934,chain,✓,✗,2,text sentiment analysis -> text summarizer -> text grammar checker -> video speed changer,text sentiment analysis -> text summarizer -> text grammar checker -> video speed changer,link_mismatch; arg_mismatch(2)
27739434,chain,✗,✗,2,url extractor -> audio downloader -> audio effects,url extractor from text -> audio downloader -> audio effects application,node_mismatch; link_mismatch; arg_mismatch(2)
48602490,chain,✗,✗,2,video-to-image -> image search (by image),image search (by image) -> video-to-image,node_mismatch; link_mismatch; arg_mismatch(2)
56881121,chain,✗,✓,4,video speed changer -> video stabilizer -> video voiceover,text sentiment analysis -> video speed changer -> video stabilizer -> video voiceover,node_mismatch; arg_mismatch(4)
22348485,chain,✗,✗,3,text downloader -> video speed changer -> video-to-text -> audio effects,text file downloader -> video playback adjuster -> dialogue transcription -> audio enhancer,node_mismatch; link_mismatch; arg_mismatch(3)
19892051,chain,✗,✗,0,image search (by image) -> image style transfer -> image-to-text -> video speed changer -> video-to-audio -> audio splicer,image search (by image) -> image style transfer -> image-to-text -> video speed changer -> video-to-audio -> audio combiner,node_mismatch; link_mismatch
64958217,chain,✓,✗,5,audio-to-text -> text grammar checker -> url extractor -> text downloader -> text-to-image -> image search (by image),audio-to-text -> text grammar checker -> url extractor -> text downloader -> text-to-image -> image search (by image),link_mismatch; arg_mismatch(5)
22751411,dag,✗,✗,5,video-to-audio -> audio-to-text -> text search -> voice changer -> audio-to-image,audio-to-image -> web search -> video-to-text -> voice process,node_mismatch; link_mismatch; arg_mismatch(5)
96215197,chain,✓,✓,1,video downloader -> video speed changer,video downloader -> video speed changer,arg_mismatch(1)
28286154,single,✓,✓,1,video search,video search,arg_mismatch(1)
18071479,chain,✗,✗,1,audio downloader -> audio-to-image -> audio noise reduction,audio downloader -> audio noise reduction -> audio-to-image,node_mismatch; link_mismatch; arg_mismatch(1)
25039519,chain,✗,✗,2,text summarizer -> text-to-audio -> voice changer -> audio effects -> audio splicer,text grammar checker -> text summarizer -> voice changer -> audio effects -> audio splicer,node_mismatch; link_mismatch; arg_mismatch(2)
10242608,chain,✗,✗,5,video-to-audio -> audio-to-text -> text sentiment analysis -> topic generator -> text simplifier -> video voiceover,video-to-text -> text sentiment analysis -> topic generator -> text simplifier -> video voiceover,node_mismatch; link_mismatch; arg_mismatch(5)
22094915,single,✓,✓,1,video search,video search,arg_mismatch(1)
19849025,chain,✗,✗,2,video stabilizer -> video-to-text,video downloader -> video stabilizer -> video-to-text,node_mismatch; link_mismatch; arg_mismatch(2)
22487023,chain,✓,✓,1,image-to-video -> video synchronization -> video voiceover,image-to-video -> video synchronization -> video voiceover,arg_mismatch(1)
17488424,single,✗,✗,1,video-to-audio -> audio-to-text,video-to-text,node_mismatch; link_mismatch; arg_mismatch(1)
14498903,chain,✗,✗,3,text search -> topic generator -> article spinner,article spinner -> text search -> topic generator,node_mismatch; link_mismatch; arg_mismatch(3)
30131439,chain,✗,✗,2,audio downloader -> voice changer -> video synchronization,audio downloader -> voice modifier -> video synchronization,node_mismatch; link_mismatch; arg_mismatch(2)
17457368,dag,✗,✗,3,video-to-image -> image-to-video,image downloader -> video-to-image -> image-to-video,node_mismatch; link_mismatch; arg_mismatch(3)
47194233,chain,✓,✗,1,text-to-image -> image search (by image) -> image stitcher -> image-to-text -> text simplifier -> text-to-audio -> audio splicer,text-to-image -> image search (by image) -> image stitcher -> image-to-text -> text simplifier -> text-to-audio -> audio splicer,link_mismatch; arg_mismatch(1)
17600507,single,✓,✓,1,image search (by image),image search (by image),arg_mismatch(1)
68951893,chain,✗,✗,3,video search -> video-to-image -> image-to-video,text paraphraser -> video search -> video-to-image -> image-to-video,node_mismatch; link_mismatch; arg_mismatch(3)
70228482,single,✓,✓,1,video voiceover,video voiceover,arg_mismatch(1)
30703898,chain,✓,✗,1,text search -> text sentiment analysis -> text simplifier -> image search,text search -> text sentiment analysis -> text simplifier -> image search,link_mismatch; arg_mismatch(1)
12654644,chain,✗,✗,3,video-to-audio -> voice changer -> audio effects,video downloader -> video-to-audio -> voice changer -> audio effects,node_mismatch; link_mismatch; arg_mismatch(3)
12874769,chain,✓,✗,3,url extractor -> text downloader -> text-to-image,url extractor -> text downloader -> text-to-image,link_mismatch; arg_mismatch(3)
29050839,chain,✗,✗,3,video search -> video speed changer,article spinner -> video search -> video speed changer,node_mismatch; link_mismatch; arg_mismatch(3)
22355049,chain,✗,✗,1,text translator,text paraphraser -> text translator -> url extractor,node_mismatch; link_mismatch; arg_mismatch(1)
25530001,dag,✗,✗,2,text downloader -> text simplifier -> text sentiment analysis -> keyword extractor,text downloader -> article spinner -> text sentiment analysis -> keyword extractor,node_mismatch; link_mismatch; arg_mismatch(2)
22160748,dag,✓,✓,1,audio downloader -> keyword extractor -> voice changer,audio downloader -> keyword extractor -> voice changer,arg_mismatch(1)
20317250,dag,✗,✓,2,video downloader -> text summarizer -> video voiceover,text summarizer -> video downloader -> video voiceover,node_mismatch; arg_mismatch(2)
57645448,chain,✓,✗,2,text search -> text-to-audio -> audio-to-image,text search -> text-to-audio -> audio-to-image,link_mismatch; arg_mismatch(2)
14733239,single,✓,✓,1,video search,video search,arg_mismatch(1)
27191681,chain,✓,✗,3,image-to-video -> video stabilizer -> video-to-image -> image-to-text,image-to-video -> video stabilizer -> video-to-image -> image-to-text,link_mismatch; arg_mismatch(3)
33030699,dag,✗,✗,4,audio downloader -> audio noise reduction -> audio-to-image -> image search (by image) -> image stitcher -> image colorizer,audio downloader -> audio noise removal -> audio-to-image transformation -> image search service -> image mixer -> image color enhancer,node_mismatch; link_mismatch; arg_mismatch(4)
20666244,chain,✗,✗,1,image-to-text -> text-to-audio -> article spinner,image-to-text -> article spinner -> audio effects,node_mismatch; link_mismatch; arg_mismatch(1)
25169163,single,✓,✓,1,audio effects,audio effects,arg_mismatch(1)
70510937,dag,✓,✓,1,article spinner -> text grammar checker -> video speed changer,article spinner -> text grammar checker -> video speed changer,arg_mismatch(1)
25316827,dag,✗,✗,3,video-to-audio -> audio-to-image -> image-to-text -> image search (by image),video-to-audio -> audio-to-image -> image search (by image) -> image-to-text,node_mismatch; link_mismatch; arg_mismatch(3)
17937435,chain,✗,✗,1,video-to-text -> text-to-audio -> audio-to-text -> url extractor,video-to-text -> url extractor,node_mismatch; link_mismatch; arg_mismatch(1)
29267351,chain,✓,✓,1,text simplifier -> url extractor -> audio downloader -> audio splicer -> video synchronization,text simplifier -> url extractor -> audio downloader -> audio splicer -> video synchronization,arg_mismatch(1)
17404615,dag,✗,✗,3,video speed changer -> text paraphraser -> video voiceover,text paraphraser -> video speed changer -> video voiceover,node_mismatch; link_mismatch; arg_mismatch(3)
17277134,chain,✓,✓,1,url extractor -> image downloader -> image style transfer -> image colorizer -> image stitcher,url extractor -> image downloader -> image style transfer -> image colorizer -> image stitcher,arg_mismatch(1)
64731797,single,✓,✓,1,image stitcher,image stitcher,arg_mismatch(1)
21542867,single,✓,✓,1,topic generator,topic generator,arg_mismatch(1)
84463175,dag,✗,✗,0,image-to-text -> url extractor -> text paraphraser,image-to-text -> text paraphraser -> url extractor,node_mismatch; link_mismatch
13339817,chain,✗,✗,1,audio-to-image -> image search (by image) -> image colorizer -> image stitcher,audio-to-image -> image search (by image) -> image colorizer -> image stitcher -> image style transfer,node_mismatch; link_mismatch; arg_mismatch(1)
22734741,chain,✗,✗,3,text search -> text summarizer,keyword extractor -> text search -> text summarizer -> text grammar checker -> text translator,node_mismatch; link_mismatch; arg_mismatch(3)
11007824,single,✗,✗,1,video-to-audio -> audio-to-text,video-to-text,node_mismatch; link_mismatch; arg_mismatch(1)
31958835,chain,✓,✗,3,text summarizer -> video voiceover -> video-to-image -> image colorizer,text summarizer -> video voiceover -> video-to-image -> image colorizer,link_mismatch; arg_mismatch(3)
19050816,chain,✓,✓,3,image search (by image) -> image colorizer -> image stitcher -> image-to-video,image search (by image) -> image colorizer -> image stitcher -> image-to-video,arg_mismatch(3)
13889966,dag,✓,✗,3,image downloader -> image-to-text -> image colorizer,image downloader -> image-to-text -> image colorizer,link_mismatch; arg_mismatch(3)
27612254,single,✗,✗,1,video-to-audio -> audio-to-text,video-to-text,node_mismatch; link_mismatch; arg_mismatch(1)
25879377,dag,✗,✗,3,video-to-image -> image-to-video -> video-to-text -> text simplifier,image-to-video -> text simplifier -> video-to-image -> video-to-text,node_mismatch; link_mismatch; arg_mismatch(3)
25300845,dag,✓,✗,1,text sentiment analysis -> text paraphraser -> text-to-image,text sentiment analysis -> text paraphraser -> text-to-image,link_mismatch; arg_mismatch(1)
23136507,chain,✗,✗,2,video-to-audio -> audio-to-text -> topic generator,video-to-text -> topic generator,node_mismatch; link_mismatch; arg_mismatch(2)
20607478,chain,✗,✗,3,video-to-image -> image search (by image) -> image style transfer -> image stitcher -> image-to-video,video-to-image -> image style transfer -> image search (by image) -> image stitcher -> image-to-video,node_mismatch; link_mismatch; arg_mismatch(3)
23664133,chain,✗,✗,2,image stitcher -> image-to-text -> text-to-audio,image stitcher -> image-to-text -> keyword extractor -> text-to-audio,node_mismatch; link_mismatch; arg_mismatch(2)
27724404,chain,✗,✗,2,text paraphraser -> video voiceover -> video-to-audio -> voice changer,text paraphraser -> video voiceover -> video-to-text -> voice changer,node_mismatch; link_mismatch; arg_mismatch(2)
27831817,chain,✗,✗,4,text search -> text summarizer -> text grammar checker -> image search,text summarizer -> keyword extractor -> text search -> text translator -> text grammar checker -> image search,node_mismatch; link_mismatch; arg_mismatch(4)
22746397,dag,✓,✗,1,text expander -> text sentiment analysis -> video stabilizer -> video voiceover,text expander -> text sentiment analysis -> video stabilizer -> video voiceover,link_mismatch; arg_mismatch(1)
31976155,single,✓,✓,1,video speed changer,video speed changer,arg_mismatch(1)
10784428,single,✓,✓,1,video speed changer,video speed changer,arg_mismatch(1)
13358629,chain,✗,✗,2,topic generator,keyword extractor -> topic generator -> textual analysis,node_mismatch; link_mismatch; arg_mismatch(2)
32447262,single,✗,✗,2,text-to-image -> image-to-image (save as jpeg),text-to-image,node_mismatch; link_mismatch; arg_mismatch(2)
18934023,chain,✓,✗,3,text downloader -> video speed changer -> video synchronization -> video stabilizer,text downloader -> video speed changer -> video synchronization -> video stabilizer,link_mismatch; arg_mismatch(3)
15612203,chain,✓,✗,4,text translator -> text simplifier -> video search -> video-to-audio -> audio effects,text translator -> text simplifier -> video search -> video-to-audio -> audio effects,link_mismatch; arg_mismatch(4)
26724952,single,✗,✗,1,text-to-image -> image-to-video,text-to-video,node_mismatch; link_mismatch; arg_mismatch(1)
21614526,chain,✓,✗,3,video voiceover -> video-to-text -> text-to-image,video voiceover -> video-to-text -> text-to-image,link_mismatch; arg_mismatch(3)
23728317,single,✓,✓,1,text expander,text expander,arg_mismatch(1)
23235122,chain,✗,✗,2,text search -> text summarizer -> text-to-audio -> video voiceover,text search -> text summarizer -> video voiceover,node_mismatch; link_mismatch; arg_mismatch(2)
22139005,chain,✓,✗,1,audio noise reduction -> video synchronization -> video-to-text -> video search,audio noise reduction -> video synchronization -> video-to-text -> video search,link_mismatch; arg_mismatch(1)
21131990,dag,✗,✗,4,video-to-audio -> video synchronization -> video-to-text -> text sentiment analysis -> article spinner,video-to-audio -> audio-to-text -> text sentiment analysis -> article spinner,node_mismatch; link_mismatch; arg_mismatch(4)
15675992,single,✓,✓,1,image search,image search,arg_mismatch(1)
22125145,chain,✗,✗,3,video-to-audio -> audio-to-text -> text-to-audio -> audio-to-image,video-to-text -> text-to-audio -> audio-to-image,node_mismatch; link_mismatch; arg_mismatch(3)
24585055,chain,✓,✓,2,text grammar checker -> text-to-audio -> audio splicer,text grammar checker -> text-to-audio -> audio splicer,arg_mismatch(2)
33689997,chain,✗,✗,2,audio splicer -> audio noise reduction -> voice changer,audio merge -> audio noise filtering -> voice modulation,node_mismatch; link_mismatch; arg_mismatch(2)
12682645,dag,✗,✗,4,url extractor -> text downloader -> text expander -> url extractor -> audio downloader,url extractor -> text downloader -> text expander -> audio downloader,node_mismatch; link_mismatch; arg_mismatch(4)
26542929,single,✓,✓,1,video synchronization,video synchronization,arg_mismatch(1)
28249859,chain,✓,✗,2,video-to-text -> topic generator -> text search -> video speed changer,video-to-text -> topic generator -> text search -> video speed changer,link_mismatch; arg_mismatch(2)
33717724,chain,✓,✓,1,voice changer -> audio splicer -> video synchronization -> video-to-audio,voice changer -> audio splicer -> video synchronization -> video-to-audio,arg_mismatch(1)
10446119,chain,✓,✗,4,text translator -> text simplifier -> text grammar checker -> topic generator -> image search,text translator -> text simplifier -> text grammar checker -> topic generator -> image search,link_mismatch; arg_mismatch(4)
88148369,single,✗,✗,2,image search -> image downloader,image search,node_mismatch; link_mismatch; arg_mismatch(2)
21449070,dag,✗,✗,2,text summarizer -> video stabilizer -> text-to-audio -> video synchronization,text summarizer -> video stabilizer -> voice over creator -> video synchronization,node_mismatch; link_mismatch; arg_mismatch(2)
72842127,chain,✓,✓,1,video speed changer -> video synchronization -> video stabilizer,video speed changer -> video synchronization -> video stabilizer,arg_mismatch(1)
17010870,single,✗,✗,1,video-to-audio -> audio-to-text,video-to-text,node_mismatch; link_mismatch; arg_mismatch(1)
24463759,single,✓,✓,1,video search,video search,arg_mismatch(1)
23259045,chain,✗,✗,1,topic generator -> text grammar checker -> text paraphraser -> keyword extractor -> audio effects -> audio splicer,topic generator -> text grammar checker -> article spinner -> keyword extractor -> audio effects -> audio splicer,node_mismatch; link_mismatch; arg_mismatch(1)
30959194,chain,✓,✓,2,video downloader -> video voiceover -> video-to-audio -> audio effects,video downloader -> video voiceover -> video-to-audio -> audio effects,arg_mismatch(2)
23583789,dag,✗,✗,1,audio-to-text -> text-to-image,audio-to-text -> keyword extractor -> text-to-image -> image stitcher,node_mismatch; link_mismatch; arg_mismatch(1)
26182068,single,✗,✗,2,text search -> text summarizer,text search,node_mismatch; link_mismatch; arg_mismatch(2)
62050626,chain,✗,✗,2,text translator -> text summarizer -> text expander -> text grammar checker,text summarizer -> text translator -> text expander -> text grammar checker,node_mismatch; link_mismatch; arg_mismatch(2)
33381980,dag,✗,✓,5,text search -> url extractor -> audio downloader -> voice changer -> audio splicer,text grammar checker -> text search -> url extractor -> audio downloader -> voice changer -> audio splicer,node_mismatch; arg_mismatch(5)
22874907,chain,✓,✗,3,text downloader -> text translator -> article spinner -> text-to-image,text downloader -> text translator -> article spinner -> text-to-image,link_mismatch; arg_mismatch(3)
25378773,chain,✗,✗,3,text simplifier -> text summarizer -> video speed changer,text simplifier -> text paraphraser -> text summarizer -> video speed changer,node_mismatch; link_mismatch; arg_mismatch(3)
76939153,chain,✗,✗,1,image downloader -> image-to-text -> text-to-image -> image-to-video,image downloader -> image-to-text -> text-to-image -> images-to-slideshow -> slideshow speed adjuster,node_mismatch; link_mismatch; arg_mismatch(1)
80909670,chain,✗,✗,3,url extractor -> text downloader -> text summarizer,text downloader -> text summarizer,node_mismatch; link_mismatch; arg_mismatch(3)
10926159,chain,✗,✗,1,text sentiment analysis -> text search -> video search -> video-to-audio -> audio noise reduction,text sentiment analysis -> text search -> video search ->  -> audio noise reduction,node_mismatch; link_mismatch; arg_mismatch(1)
44226170,single,✗,✗,2,text search -> text summarizer,text search,node_mismatch; link_mismatch; arg_mismatch(2)
14531879,dag,✓,✗,1,text simplifier -> video stabilizer -> video voiceover -> video-to-audio,text simplifier -> video stabilizer -> video voiceover -> video-to-audio,link_mismatch; arg_mismatch(1)
10312820,chain,✗,✗,4,video-to-audio -> audio effects -> audio-to-text -> text-to-audio,audio effects -> audio-to-text -> text-to-audio -> video-to-audio,node_mismatch; link_mismatch; arg_mismatch(4)
25007860,chain,✗,✗,2,video-to-audio -> audio-to-text -> text-to-image,video-to-text -> text-to-image,node_mismatch; link_mismatch; arg_mismatch(2)
96205630,chain,✗,✗,4,video search -> video-to-audio -> audio noise reduction,text expander -> video search -> video-to-audio -> audio noise reduction,node_mismatch; link_mismatch; arg_mismatch(4)
23796506,chain,✓,✗,2,text expander -> text summarizer -> image search,text expander -> text summarizer -> image search,link_mismatch; arg_mismatch(2)
44993782,single,✓,✓,1,voice changer,voice changer,arg_mismatch(1)
20010454,chain,✓,✓,1,text search -> text translator -> text paraphraser -> video voiceover,text search -> text translator -> text paraphraser -> video voiceover,arg_mismatch(1)
24093224,chain,✗,✗,3,audio-to-text -> keyword extractor -> text-to-audio -> video voiceover -> video speed changer,audio-to-text -> keyword extractor -> video speed changer -> video voiceover,node_mismatch; link_mismatch; arg_mismatch(3)
16994185,dag,✓,✗,1,text downloader -> audio noise reduction -> voice changer -> video synchronization,text downloader -> audio noise reduction -> voice changer -> video synchronization,link_mismatch; arg_mismatch(1)
31811855,chain,✗,✗,3,image-to-text -> text-to-video -> video synchronization,image search (by image) -> image-to-text -> text search -> text-to-video -> video synchronization,node_mismatch; link_mismatch; arg_mismatch(3)
59663327,chain,✓,✓,1,audio-to-text -> text translator,audio-to-text -> text translator,arg_mismatch(1)
12284822,chain,✓,✗,1,text grammar checker -> keyword extractor,text grammar checker -> keyword extractor,link_mismatch; arg_mismatch(1)
20408081,single,✓,✓,1,text-to-image,text-to-image,arg_mismatch(1)
92103059,dag,✓,✗,1,text translator -> topic generator -> text sentiment analysis -> video speed changer -> video-to-image,text translator -> topic generator -> text sentiment analysis -> video speed changer -> video-to-image,link_mismatch; arg_mismatch(1)
29115638,dag,✗,✗,4,video stabilizer -> video-to-audio -> audio-to-text -> audio-to-image,video stabilizer -> video-to-text -> video-to-audio -> audio-to-image,node_mismatch; link_mismatch; arg_mismatch(4)
12893487,chain,✗,✗,5,video downloader -> video speed changer -> video voiceover -> video-to-audio -> audio-to-text,audio-to-text -> video downloader -> video speed changer -> video voiceover -> video-to-audio,node_mismatch; link_mismatch; arg_mismatch(5)
27764908,chain,✗,✗,4,video-to-audio -> audio-to-text -> text paraphraser -> text-to-audio -> audio splicer,video-to-text -> text paraphraser -> text-to-audio -> audio splicer,node_mismatch; link_mismatch; arg_mismatch(4)
17450675,chain,✗,✗,2,audio downloader -> audio noise reduction -> voice changer,audio downloader -> voice changer -> audio noise reduction,node_mismatch; link_mismatch; arg_mismatch(2)
25735482,chain,✗,✗,2,text-to-image -> image search (by image),text paraphraser -> text-to-image -> image search (by image),node_mismatch; link_mismatch; arg_mismatch(2)
18898219,chain,✗,✗,3,text-to-audio -> video-to-audio -> video synchronization,text-to-video -> video-to-audio,node_mismatch; link_mismatch; arg_mismatch(3)
15517524,chain,✗,✗,3,video-to-audio -> audio-to-text -> text summarizer -> video voiceover,video-to-text -> text summarizer -> video voiceover,node_mismatch; link_mismatch; arg_mismatch(3)
23848132,chain,✗,✗,4,video downloader -> video-to-audio -> audio-to-text -> text sentiment analysis,url extractor -> video downloader -> video-to-text -> text expander -> image search,node_mismatch; link_mismatch; arg_mismatch(4)
15527564,single,✓,✓,1,text grammar checker,text grammar checker,arg_mismatch(1)
32392183,chain,✗,✗,2,image style transfer -> image stitcher -> image-to-video -> video synchronization,image style transfer -> image-to-video -> video synchronization,node_mismatch; link_mismatch; arg_mismatch(2)
27467779,chain,✓,✗,1,image-to-text -> text sentiment analysis -> article spinner -> video voiceover,image-to-text -> text sentiment analysis -> article spinner -> video voiceover,link_mismatch; arg_mismatch(1)
23800241,chain,✓,✓,2,url extractor -> audio downloader -> voice changer -> audio-to-image,url extractor -> audio downloader -> voice changer -> audio-to-image,arg_mismatch(2)
10003060,chain,✓,✓,1,text grammar checker -> topic generator -> video voiceover,text grammar checker -> topic generator -> video voiceover,arg_mismatch(1)
29311538,chain,✗,✗,2,text-to-image -> image style transfer,text-to-image -> image search (by image) -> image colorizer -> image style transfer,node_mismatch; link_mismatch; arg_mismatch(2)
23298687,chain,✗,✗,5,video-to-audio -> audio-to-text -> text sentiment analysis -> topic generator -> text summarizer -> video search,video-to-text -> sentiment analysis -> topic generator -> text summarizer -> relevant video finder,node_mismatch; link_mismatch; arg_mismatch(5)
19085769,single,✗,✗,2,text search -> url extractor,text search,node_mismatch; link_mismatch; arg_mismatch(2)
29173647,single,✓,✓,1,text search,text search,arg_mismatch(1)
28585267,chain,✓,✗,2,voice changer -> audio-to-text -> audio effects,voice changer -> audio-to-text -> audio effects,link_mismatch; arg_mismatch(2)
17325328,chain,✗,✗,2,text translator -> topic generator,text translator -> text summarizer -> topic generator,node_mismatch; link_mismatch; arg_mismatch(2)
19869422,single,✓,✓,1,text expander,text expander,arg_mismatch(1)
14220786,chain,✗,✗,4,image-to-video -> video stabilizer -> video synchronization -> video speed changer,image-to-video -> video synchronization -> video stabilizer -> video voiceover -> video speed changer,node_mismatch; link_mismatch; arg_mismatch(4)
49877745,single,✓,✓,1,text-to-audio,text-to-audio,arg_mismatch(1)
19460308,chain,✓,✓,1,text grammar checker -> text search -> text translator -> video voiceover,text grammar checker -> text search -> text translator -> video voiceover,arg_mismatch(1)
11786819,single,✓,✓,1,text-to-image,text-to-image,arg_mismatch(1)
22038171,chain,✗,✗,3,image-to-video -> video-to-image -> image-to-text,image-to-text -> image-to-video -> video-to-image,node_mismatch; link_mismatch; arg_mismatch(3)
17031742,chain,✗,✗,2,article spinner -> topic generator -> image search,article spinner -> text search -> topic generator -> image search,node_mismatch; link_mismatch; arg_mismatch(2)
18368707,chain,✓,✗,2,article spinner -> text simplifier -> topic generator,article spinner -> text simplifier -> topic generator,link_mismatch; arg_mismatch(2)
20228891,single,✓,✓,1,text expander,text expander,arg_mismatch(1)
33014715,chain,✓,✗,3,article spinner -> text-to-audio -> audio effects,article spinner -> text-to-audio -> audio effects,link_mismatch; arg_mismatch(3)
13096921,dag,✗,✗,0,image downloader -> image-to-text -> image search (by image),image downloader -> image search (by image) -> image-to-text,node_mismatch; link_mismatch
14552495,chain,✗,✗,1,text summarizer -> text grammar checker -> image search -> text-to-video,text summarizer -> text grammar checker -> visual content finder -> text-to-video creator,node_mismatch; link_mismatch; arg_mismatch(1)
51013818,chain,✓,✗,2,text downloader -> article spinner -> url extractor,text downloader -> article spinner -> url extractor,link_mismatch; arg_mismatch(2)
19542147,chain,✓,✗,3,video-to-text -> url extractor -> audio downloader -> audio noise reduction,video-to-text -> url extractor -> audio downloader -> audio noise reduction,link_mismatch; arg_mismatch(3)
41577696,chain,✓,✓,1,video search -> video speed changer,video search -> video speed changer,arg_mismatch(1)
10779800,chain,✓,✓,1,audio downloader -> audio noise reduction -> voice changer,audio downloader -> audio noise reduction -> voice changer,arg_mismatch(1)
94808522,chain,✗,✗,3,text search -> text summarizer -> video voiceover,text search -> text sentiment analysis -> article spinner -> video voiceover,node_mismatch; link_mismatch; arg_mismatch(3)
15331368,single,✓,✓,1,keyword extractor,keyword extractor,arg_mismatch(1)
31155403,dag,✗,✗,2,text downloader -> video speed changer -> video synchronization -> video stabilizer -> audio effects,text downloader -> video speed changer -> video synchronization -> video stabilizer -> audio extractor -> voice changer,node_mismatch; link_mismatch; arg_mismatch(2)
51524385,chain,✗,✗,3,text-to-video -> video voiceover,text-to-video -> video voiceover -> video stabilizer,node_mismatch; link_mismatch; arg_mismatch(3)
13975464,chain,✓,✓,1,url extractor -> audio downloader -> video synchronization -> video-to-text -> text search -> text-to-video,url extractor -> audio downloader -> video synchronization -> video-to-text -> text search -> text-to-video,arg_mismatch(1)
19383227,single,✓,✓,1,video speed changer,video speed changer,arg_mismatch(1)
12739692,chain,✗,✗,3,text summarizer -> text-to-video -> video voiceover,keyword extractor -> text-to-video -> video voiceover,node_mismatch; link_mismatch; arg_mismatch(3)
13207593,chain,✓,✓,1,audio splicer -> video synchronization -> video-to-image,audio splicer -> video synchronization -> video-to-image,arg_mismatch(1)
19485272,chain,✗,✗,2,text-to-video -> video synchronization,text-to-video -> video stabilizer -> video synchronization,node_mismatch; link_mismatch; arg_mismatch(2)
19732630,dag,✗,✓,4,image downloader -> image style transfer -> image search (by image) -> image-to-text,image downloader -> image downloader -> image style transfer -> image search (by image) -> image-to-text,node_mismatch; arg_mismatch(4)
26392764,dag,✗,✗,2,image style transfer -> image-to-video -> video-to-audio -> audio noise reduction,image colorizer -> image-to-video -> video-to-audio -> audio noise reduction,node_mismatch; link_mismatch; arg_mismatch(2)
33281233,chain,✗,✗,2,audio-to-text -> text-to-video,audio downloader -> audio-to-text -> text-to-video,node_mismatch; link_mismatch; arg_mismatch(2)
27023626,single,✓,✓,1,keyword extractor,keyword extractor,arg_mismatch(1)
16997705,chain,✓,✓,1,audio-to-text -> keyword extractor -> text-to-audio -> audio effects,audio-to-text -> keyword extractor -> text-to-audio -> audio effects,arg_mismatch(1)
27780527,chain,✓,✓,1,topic generator -> text sentiment analysis -> video speed changer -> video synchronization,topic generator -> text sentiment analysis -> video speed changer -> video synchronization,arg_mismatch(1)
16140133,chain,✗,✗,3,video-to-audio -> audio-to-text -> text grammar checker -> topic generator,video-to-text -> text grammar checker -> topic generator,node_mismatch; link_mismatch; arg_mismatch(3)
29430318,dag,✗,✗,0,video-to-image -> image search (by image) -> image colorizer,video-to-image -> image colorizer -> image search (by image),node_mismatch; link_mismatch
16781646,chain,✓,✗,6,text downloader -> text translator -> video speed changer -> video-to-image -> image-to-text -> text paraphraser -> image search,text downloader -> text translator -> video speed changer -> video-to-image -> image-to-text -> text paraphraser -> image search,link_mismatch; arg_mismatch(6)
12829284,chain,✗,✗,1,text expander -> text translator,text expander -> text translator -> text simplifier,node_mismatch; link_mismatch; arg_mismatch(1)
12054711,chain,✗,✗,3,audio-to-image -> image colorizer -> image-to-text -> text simplifier -> text search -> text-to-image,audio-to-image -> image colorizer -> image-to-text -> text paraphraser -> text simplifier -> text search -> text-to-image,node_mismatch; link_mismatch; arg_mismatch(3)
29143533,chain,✗,✗,2,video-to-audio -> audio-to-text,video downloader -> video-to-audio -> audio-to-text,node_mismatch; link_mismatch; arg_mismatch(2)
20458963,chain,✗,✗,4,image-to-video -> video speed changer -> video synchronization,image downloader -> image-to-text -> text-to-video -> video speed changer -> video synchronization,node_mismatch; link_mismatch; arg_mismatch(4)
52519664,chain,✓,✗,2,text translator -> video speed changer,text translator -> video speed changer,link_mismatch; arg_mismatch(2)
14470545,dag,✓,✗,1,image downloader -> image search (by image) -> image-to-video -> video voiceover,image downloader -> image search (by image) -> image-to-video -> video voiceover,link_mismatch; arg_mismatch(1)
80435291,single,✓,✓,1,audio-to-text,audio-to-text,arg_mismatch(1)
19042866,chain,✗,✗,2,text expander -> text search,text expander -> text paraphraser -> url generator,node_mismatch; link_mismatch; arg_mismatch(2)
17550492,single,✓,✓,1,video speed changer,video speed changer,arg_mismatch(1)
15167896,chain,✗,✗,2,video search,text grammar checker -> video search,node_mismatch; link_mismatch; arg_mismatch(2)
69999613,chain,✓,✗,5,image-to-text -> topic generator -> keyword extractor -> text grammar checker -> video speed changer -> video voiceover,image-to-text -> topic generator -> keyword extractor -> text grammar checker -> video speed changer -> video voiceover,link_mismatch; arg_mismatch(5)
31707871,dag,✓,✗,1,text translator -> keyword extractor -> image search -> voice changer,text translator -> keyword extractor -> image search -> voice changer,link_mismatch; arg_mismatch(1)
92548711,chain,✗,✗,5,video-to-audio -> audio-to-text -> text grammar checker -> audio effects -> audio splicer,audio effects -> audio splicer -> text grammar checker -> text-to-audio -> video-to-text,node_mismatch; link_mismatch; arg_mismatch(5)
22000459,chain,✗,✗,4,text sentiment analysis -> text expander -> video speed changer,text grammar checker -> text sentiment analysis -> text expander -> video speed changer,node_mismatch; link_mismatch; arg_mismatch(4)
19436744,chain,✗,✗,1,text expander -> text search -> text translator,text expander -> web search -> language translator,node_mismatch; link_mismatch; arg_mismatch(1)
25489162,chain,✗,✗,3,text-to-image -> image style transfer -> image search (by image),keyword extractor -> text-to-image -> image style transfer -> image search (by image),node_mismatch; link_mismatch; arg_mismatch(3)
26461454,dag,✗,✗,3,text expander -> text-to-audio -> audio splicer -> voice changer,text expander -> audio splicer -> voice changer,node_mismatch; link_mismatch; arg_mismatch(3)
98935462,chain,✗,✗,1,text-to-video -> video-to-audio -> video voiceover,text-to-video -> video-to-text -> video voiceover,node_mismatch; link_mismatch; arg_mismatch(1)
26406985,chain,✗,✗,3,text-to-video -> video voiceover,topic generator -> keyword extractor -> text search -> text simplifier -> video voiceover,node_mismatch; link_mismatch; arg_mismatch(3)
21693234,single,✓,✓,1,text expander,text expander,arg_mismatch(1)
64283097,chain,✗,✗,1,text-to-video,text grammar checker -> text-to-video,node_mismatch; link_mismatch; arg_mismatch(1)
28919479,dag,✓,✗,4,text summarizer -> video search -> video-to-image -> video-to-audio,text summarizer -> video search -> video-to-image -> video-to-audio,link_mismatch; arg_mismatch(4)
32042255,chain,✗,✗,2,text paraphraser -> image search,keyword extractor -> topic generator -> text paraphraser -> image search,node_mismatch; link_mismatch; arg_mismatch(2)
29880049,chain,✓,✓,1,text downloader -> text paraphraser -> text translator,text downloader -> text paraphraser -> text translator,arg_mismatch(1)
28151931,chain,✓,✓,1,audio downloader -> audio-to-text -> text translator,audio downloader -> audio-to-text -> text translator,arg_mismatch(1)
26376448,chain,✓,✓,1,audio effects -> audio noise reduction -> video synchronization,audio effects -> audio noise reduction -> video synchronization,arg_mismatch(1)
30659083,single,✓,✓,1,text paraphraser,text paraphraser,arg_mismatch(1)
28842243,dag,✗,✗,4,video search -> url extractor -> text summarizer,text search -> text summarizer -> text-to-video -> url extractor,node_mismatch; link_mismatch; arg_mismatch(4)
30055140,dag,✗,✗,3,image-to-text -> image search (by image) -> image-to-text -> image-to-video,text-to-image -> image search (by image) -> image-to-text -> image-to-video,node_mismatch; link_mismatch; arg_mismatch(3)
25869388,chain,✗,✗,4,text downloader -> text-to-audio -> audio effects -> audio-to-image,text downloader -> text-to-audio -> voice changer -> audio effects -> audio-to-image,node_mismatch; link_mismatch; arg_mismatch(4)
15077429,dag,✗,✗,2,text downloader -> keyword extractor -> image search,text downloader -> text-to-audio -> text search -> image search,node_mismatch; link_mismatch; arg_mismatch(2)
75600266,chain,✗,✗,3,url extractor -> text-to-text,text simplifier -> text expander -> url extractor,node_mismatch; link_mismatch; arg_mismatch(3)
29118973,chain,✓,✗,2,text summarizer -> text sentiment analysis -> text search -> audio effects,text summarizer -> text sentiment analysis -> text search -> audio effects,link_mismatch; arg_mismatch(2)
93010216,dag,✗,✗,2,topic generator -> audio effects,topic generator -> text paraphraser -> audio effects,node_mismatch; link_mismatch; arg_mismatch(2)
18957624,chain,✓,✓,2,voice changer -> audio-to-image -> image colorizer -> image-to-video -> video speed changer,voice changer -> audio-to-image -> image colorizer -> image-to-video -> video speed changer,arg_mismatch(2)
19170226,chain,✓,✓,1,image stitcher -> image search (by image) -> image-to-video -> video-to-image,image stitcher -> image search (by image) -> image-to-video -> video-to-image,arg_mismatch(1)
23730051,chain,✗,✗,3,video downloader -> video-to-audio -> audio-to-text -> text grammar checker,video downloader -> video-to-text -> text grammar checker,node_mismatch; link_mismatch; arg_mismatch(3)
37686784,single,✓,✓,1,video-to-image,video-to-image,arg_mismatch(1)
29789144,chain,✗,✗,2,audio-to-text -> text expander,audio-to-text -> topic extractor -> article spinner,node_mismatch; link_mismatch; arg_mismatch(2)
19550162,chain,✓,✗,1,topic generator -> text translator,topic generator -> text translator,link_mismatch; arg_mismatch(1)
17470699,dag,✗,✗,4,video-to-image -> image stitcher -> video voiceover,keyword extractor -> text expander -> text paraphraser -> video voiceover -> video-to-image -> image stitcher,node_mismatch; link_mismatch; arg_mismatch(4)
20724046,chain,✗,✗,5,url extractor -> video downloader -> video-to-image -> image search (by image),image search -> keyword extractor -> url extractor -> video downloader -> video-to-text,node_mismatch; link_mismatch; arg_mismatch(5)
67630608,single,✓,✓,1,audio effects,audio effects,arg_mismatch(1)
27539787,chain,✗,✗,2,topic generator -> keyword extractor,text paraphraser -> topic generator -> keyword extractor,node_mismatch; link_mismatch; arg_mismatch(2)
29315406,chain,✗,✗,3,text translator -> article spinner -> text-to-image,article spinner -> text translator -> text paraphraser -> text-to-image,node_mismatch; link_mismatch; arg_mismatch(3)
27529736,dag,✗,✗,2,text downloader -> text-to-audio -> article spinner -> topic generator,text downloader -> voice changer -> article spinner -> topic generator,node_mismatch; link_mismatch; arg_mismatch(2)
27143452,chain,✗,✗,3,text search -> text summarizer -> text paraphraser -> video speed changer,text search -> text paraphraser -> video speed changer,node_mismatch; link_mismatch; arg_mismatch(3)
61221706,single,✓,✓,1,audio effects,audio effects,arg_mismatch(1)
18555431,chain,✓,✗,5,video downloader -> video speed changer -> video-to-audio -> audio noise reduction -> voice changer -> video synchronization,video downloader -> video speed changer -> video-to-audio -> audio noise reduction -> voice changer -> video synchronization,link_mismatch; arg_mismatch(5)
25075650,chain,✓,✓,2,audio downloader -> audio splicer -> voice changer -> audio effects,audio downloader -> audio splicer -> voice changer -> audio effects,arg_mismatch(2)
30150490,chain,✗,✗,1,image-to-text -> text summarizer -> text paraphraser -> video speed changer,image-to-text -> text summarizer -> article spinner -> video speed adjuster,node_mismatch; link_mismatch; arg_mismatch(1)
36677025,dag,✗,✗,4,text downloader -> topic generator -> keyword extractor -> text grammar checker -> text translator,topic generator -> keyword extractor -> text grammar checker -> text translator,node_mismatch; link_mismatch; arg_mismatch(4)
23653951,chain,✓,✓,1,url extractor -> audio downloader -> video synchronization -> video-to-image,url extractor -> audio downloader -> video synchronization -> video-to-image,arg_mismatch(1)
21273290,chain,✗,✗,3,video-to-audio -> audio-to-text -> keyword extractor -> text simplifier,video-to-text -> text keyword extraction -> text simplifier,node_mismatch; link_mismatch; arg_mismatch(3)
77814485,chain,✗,✗,2,audio downloader -> audio-to-image -> image-to-video,audio downloader -> audio-to-text -> text-to-video -> video stabilizer,node_mismatch; link_mismatch; arg_mismatch(2)
11771852,chain,✗,✗,1,text expander -> text-to-audio,text expander -> keyword extractor -> text-to-audio -> voice changer,node_mismatch; link_mismatch; arg_mismatch(1)
64724677,dag,✗,✗,3,audio splicer -> video synchronization -> audio-to-image -> image search (by image),audio splicer -> audio-to-image -> image search (by image) -> video synchronization,node_mismatch; link_mismatch; arg_mismatch(3)
33142012,chain,✓,✗,2,text downloader -> keyword extractor -> audio effects,text downloader -> keyword extractor -> audio effects,link_mismatch; arg_mismatch(2)
17904440,chain,✓,✗,2,image-to-text -> topic generator -> text-to-image,image-to-text -> topic generator -> text-to-image,link_mismatch; arg_mismatch(2)
30985847,chain,✗,✗,2,video stabilizer -> video-to-audio -> audio-to-text -> text-to-video,video stabilizer -> video-to-text -> text-to-video,node_mismatch; link_mismatch; arg_mismatch(2)
24173977,dag,✗,✗,0,video downloader -> video-to-audio -> video stabilizer -> audio noise reduction,video downloader -> video stabilizer -> video-to-audio -> audio noise reduction,node_mismatch; link_mismatch
33125664,dag,✓,✗,1,audio downloader -> video stabilizer -> video synchronization,audio downloader -> video stabilizer -> video synchronization,link_mismatch; arg_mismatch(1)
19035461,dag,✗,✗,3,url extractor -> video downloader -> video synchronization -> video speed changer -> video voiceover,url extractor -> video downloader -> video speed changer -> video synchronization -> video voiceover,node_mismatch; link_mismatch; arg_mismatch(3)
14092104,chain,✓,✓,1,video-to-audio -> audio-to-image -> image colorizer,video-to-audio -> audio-to-image -> image colorizer,arg_mismatch(1)
26952930,chain,✗,✗,3,text search -> text summarizer,text paraphraser -> text search -> text expander,node_mismatch; link_mismatch; arg_mismatch(3)
24773982,dag,✗,✗,5,text-to-video -> video-to-image -> video-to-audio -> audio-to-text -> text simplifier,text simplifier -> text-to-video -> video-to-image -> video-to-text,node_mismatch; link_mismatch; arg_mismatch(5)
11952865,single,✓,✓,1,url extractor,url extractor,arg_mismatch(1)
24987635,chain,✓,✗,1,text sentiment analysis -> topic generator -> video search -> video-to-image -> image style transfer,text sentiment analysis -> topic generator -> video search -> video-to-image -> image style transfer,link_mismatch; arg_mismatch(1)
29727645,chain,✓,✓,1,image-to-video -> video-to-audio -> audio splicer -> voice changer,image-to-video -> video-to-audio -> audio splicer -> voice changer,arg_mismatch(1)
26414205,chain,✗,✗,2,text downloader -> text sentiment analysis -> text-to-audio -> audio noise reduction -> audio-to-image,text downloader -> text sentiment analysis -> voice changer -> audio noise reduction -> audio-to-image,node_mismatch; link_mismatch; arg_mismatch(2)
27582982,single,✓,✓,1,text grammar checker,text grammar checker,arg_mismatch(1)
20150446,chain,✗,✗,3,text downloader -> video search -> video voiceover -> video synchronization,text downloader -> video voiceover -> video synchronization,node_mismatch; link_mismatch; arg_mismatch(3)
42884908,chain,✓,✗,5,url extractor -> image downloader -> image search (by image) -> image-to-video -> video speed changer,url extractor -> image downloader -> image search (by image) -> image-to-video -> video speed changer,link_mismatch; arg_mismatch(5)
32750718,dag,✗,✗,4,url extractor -> image downloader -> image-to-text -> image style transfer,url extractor -> image downloader -> image-to-text ocr -> image style transfer,node_mismatch; link_mismatch; arg_mismatch(4)
13912235,chain,✗,✗,1,text downloader -> text grammar checker -> article spinner,text downloader -> text grammar checker -> text paraphraser -> article spinner,node_mismatch; link_mismatch; arg_mismatch(1)
58448859,chain,✗,✗,1,image-to-video -> video-to-audio,image-to-video -> video stabilizer -> video-to-audio,node_mismatch; link_mismatch; arg_mismatch(1)
44483671,single,✓,✓,1,video speed changer,video speed changer,arg_mismatch(1)
24053280,dag,✓,✗,3,text grammar checker -> url extractor -> video downloader -> audio effects,text grammar checker -> url extractor -> video downloader -> audio effects,link_mismatch; arg_mismatch(3)
58788707,chain,✓,✗,2,text simplifier -> text sentiment analysis -> article spinner,text simplifier -> text sentiment analysis -> article spinner,link_mismatch; arg_mismatch(2)
52198592,dag,✗,✗,3,image-to-text -> video voiceover -> url extractor,image-to-text -> voiceover generator -> video voiceover -> url extractor,node_mismatch; link_mismatch; arg_mismatch(3)
23971934,single,✓,✓,1,text search,text search,arg_mismatch(1)
31069902,chain,✓,✓,6,text downloader -> text translator -> article spinner -> text expander -> text simplifier -> text-to-video -> video speed changer,text downloader -> text translator -> article spinner -> text expander -> text simplifier -> text-to-video -> video speed changer,arg_mismatch(6)
25468122,chain,✗,✗,3,text grammar checker -> text-to-audio -> audio splicer,audio splicer -> text grammar checker -> text-to-audio,node_mismatch; link_mismatch; arg_mismatch(3)
72101752,chain,✓,✗,2,image-to-text -> text-to-audio -> audio-to-text,image-to-text -> text-to-audio -> audio-to-text,link_mismatch; arg_mismatch(2)
23018016,chain,✗,✗,2,video-to-audio -> audio-to-text -> text summarizer,video-to-text -> text summarizer,node_mismatch; link_mismatch; arg_mismatch(2)
11026984,chain,✗,✗,6,text downloader -> text translator -> audio effects -> audio splicer -> audio-to-image -> image search (by image),text downloader -> text translator -> text to audio -> audio effects -> audio splicer -> audio-to-image -> image search (by image),node_mismatch; link_mismatch; arg_mismatch(6)
28266738,chain,✓,✓,1,url extractor -> text downloader -> text translator -> image search,url extractor -> text downloader -> text translator -> image search,arg_mismatch(1)
19346194,chain,✗,✗,4,text simplifier -> url extractor -> text expander,text paraphraser -> text summarizer -> text simplifier -> url extractor,node_mismatch; link_mismatch; arg_mismatch(4)
21223332,single,✓,✓,1,text expander,text expander,arg_mismatch(1)
26391787,single,✓,✓,1,text-to-image,text-to-image,arg_mismatch(1)
21600308,chain,✓,✗,1,text grammar checker -> text sentiment analysis -> text-to-image -> image-to-text,text grammar checker -> text sentiment analysis -> text-to-image -> image-to-text,link_mismatch; arg_mismatch(1)
29564549,chain,✗,✗,2,text-to-video -> text-to-video -> video speed changer,topic generator -> text-to-video -> video speed changer,node_mismatch; link_mismatch; arg_mismatch(2)
27949356,dag,✗,✗,3,video-to-audio -> audio-to-image -> audio splicer,audio splicer -> audio-to-image -> video-to-audio,node_mismatch; link_mismatch; arg_mismatch(3)
64729302,chain,✓,✗,2,video downloader -> video speed changer -> video-to-audio -> video stabilizer,video downloader -> video speed changer -> video-to-audio -> video stabilizer,link_mismatch; arg_mismatch(2)
19403666,single,✓,✓,1,video speed changer,video speed changer,arg_mismatch(1)
10383208,single,✗,✗,1,text downloader -> text-to-file,text downloader,node_mismatch; link_mismatch; arg_mismatch(1)
28272333,chain,✓,✓,1,video stabilizer -> video-to-audio -> audio noise reduction -> voice changer,video stabilizer -> video-to-audio -> audio noise reduction -> voice changer,arg_mismatch(1)
26159720,dag,✓,✓,1,video downloader -> video-to-text -> video speed changer -> text search,video downloader -> video-to-text -> video speed changer -> text search,arg_mismatch(1)
11906925,single,✓,✓,1,url extractor,url extractor,arg_mismatch(1)
51317021,chain,✓,✓,3,article spinner -> keyword extractor -> video voiceover -> video-to-image,article spinner -> keyword extractor -> video voiceover -> video-to-image,arg_mismatch(3)
13499620,chain,✗,✗,3,text search -> video synchronization -> video-to-audio,keyword extractor -> text simplifier -> video search -> video synchronization -> video-to-audio,node_mismatch; link_mismatch; arg_mismatch(3)
44761057,dag,✗,✓,3,url extractor -> image downloader -> image style transfer,url extractor -> image downloader -> image downloader -> image style transfer,node_mismatch; arg_mismatch(3)
16089833,dag,✗,✓,3,video-to-audio -> audio effects -> article spinner -> video synchronization,article spinner -> video-to-audio -> audio effects -> video synchronization,node_mismatch; arg_mismatch(3)
23566955,chain,✗,✗,2,text translator -> text-to-image -> image-to-video,text translator -> text expander -> text simplifier -> text-to-image -> image-to-video,node_mismatch; link_mismatch; arg_mismatch(2)
20788083,dag,✗,✗,2,text simplifier -> video stabilizer -> video voiceover -> text-to-video -> video-to-text,text simplifier -> video stabilizer -> video voiceover -> video summary -> video-to-text,node_mismatch; link_mismatch; arg_mismatch(2)
29943279,chain,✗,✗,4,video-to-audio -> audio-to-text -> text expander -> text paraphraser -> video voiceover,video-to-text -> text expander -> article spinner -> video voiceover,node_mismatch; link_mismatch; arg_mismatch(4)
10470289,dag,✓,✓,1,text translator -> url extractor -> audio downloader -> video synchronization,text translator -> url extractor -> audio downloader -> video synchronization,arg_mismatch(1)
16111074,single,✓,✓,1,voice changer,voice changer,arg_mismatch(1)
23015228,chain,✗,✗,5,image search (by image) -> image-to-text -> text paraphraser -> text sentiment analysis -> image search,text search -> text paraphraser -> text sentiment analysis -> image search,node_mismatch; link_mismatch; arg_mismatch(5)
27719259,chain,✗,✗,2,text sentiment analysis -> text summarizer,text paraphraser -> text sentiment analysis -> text summarizer,node_mismatch; link_mismatch; arg_mismatch(2)
33153230,dag,✗,✓,3,image search (by image) -> audio search,text search -> image search -> text paraphraser -> text-to-audio,node_mismatch; arg_mismatch(3)
18528312,chain,✓,✗,3,audio-to-text -> text expander -> article spinner -> text summarizer,audio-to-text -> text expander -> article spinner -> text summarizer,link_mismatch; arg_mismatch(3)
33340135,dag,✗,✗,0,text summarizer -> keyword extractor -> image search -> url extractor -> image downloader,text summarizer -> keyword extractor -> text-to-image -> url extractor -> image downloader,node_mismatch; link_mismatch
28840049,chain,✗,✗,4,image downloader -> image search (by image) -> text sentiment analysis -> audio effects -> audio splicer -> voice changer,image downloader -> image search (by image) -> image-to-text -> text sentiment analysis -> audio effects -> audio splicer -> voice changer,node_mismatch; link_mismatch; arg_mismatch(4)
21494947,dag,✓,✗,2,topic generator -> text-to-image -> image-to-text -> text translator -> url extractor -> audio downloader -> audio-to-image,topic generator -> text-to-image -> image-to-text -> text translator -> url extractor -> audio downloader -> audio-to-image,link_mismatch; arg_mismatch(2)
26683433,chain,✗,✗,4,text translator -> article spinner -> image search,article spinner -> text translator -> keyword extractor -> image search,node_mismatch; link_mismatch; arg_mismatch(4)
21815790,dag,✓,✗,1,text sentiment analysis -> keyword extractor -> image search,text sentiment analysis -> keyword extractor -> image search,link_mismatch; arg_mismatch(1)
11194671,chain,✗,✗,2,text grammar checker -> text summarizer -> text-to-audio,text summarizer -> text grammar checker -> voice changer,node_mismatch; link_mismatch; arg_mismatch(2)
88392338,chain,✗,✗,2,video stabilizer -> video synchronization -> video-to-audio -> audio-to-text -> text summarizer,video stabilizer -> video synchronization -> video-to-text -> text summarizer,node_mismatch; link_mismatch; arg_mismatch(2)
50624992,chain,✗,✗,3,topic generator -> text simplifier,text search -> topic generator -> text simplifier,node_mismatch; link_mismatch; arg_mismatch(3)
55973916,chain,✓,✓,2,audio downloader -> voice changer -> audio splicer -> audio noise reduction -> audio-to-image -> image search (by image),audio downloader -> voice changer -> audio splicer -> audio noise reduction -> audio-to-image -> image search (by image),arg_mismatch(2)
20058569,chain,✗,✗,3,text-to-image -> image colorizer -> image-to-text -> text paraphraser -> topic generator -> video voiceover -> video stabilizer,text-to-image -> image colorizer -> image-to-text -> article spinner -> topic generator -> video voiceover -> video stabilizer,node_mismatch; link_mismatch; arg_mismatch(3)
75160738,chain,✗,✗,6,url extractor -> video downloader -> video-to-audio -> audio-to-text -> text simplifier -> text sentiment analysis -> image search,url extractor -> video downloader -> video-to-text -> text simplifier -> text sentiment analysis -> image search,node_mismatch; link_mismatch; arg_mismatch(6)
82014160,chain,✗,✗,1,text simplifier -> topic generator -> video search,text simplifier -> topic generator -> video searcher -> video downloader,node_mismatch; link_mismatch; arg_mismatch(1)
20558368,chain,✓,✗,2,audio effects -> audio splicer,audio effects -> audio splicer,link_mismatch; arg_mismatch(2)
17980139,single,✗,✗,2,text-to-image -> image-to-video,text-to-video,node_mismatch; link_mismatch; arg_mismatch(2)
59617358,dag,✗,✗,4,text-to-video -> video synchronization -> video voiceover,text grammar checker -> keyword extractor -> text simplifier -> video voiceover,node_mismatch; link_mismatch; arg_mismatch(4)
10415527,chain,✓,✓,1,text summarizer -> video speed changer -> video-to-audio,text summarizer -> video speed changer -> video-to-audio,arg_mismatch(1)
35125517,dag,✗,✗,3,audio splicer -> text expander -> audio effects,text expander -> audio splicer -> audio effects,node_mismatch; link_mismatch; arg_mismatch(3)
85707711,chain,✗,✗,1,audio-to-text -> text paraphraser -> text expander,audio-to-text -> article spinner -> text expander,node_mismatch; link_mismatch; arg_mismatch(1)
65203506,chain,✗,✗,2,video search -> video synchronization,video search -> video stabilizer -> video synchronization,node_mismatch; link_mismatch; arg_mismatch(2)
13139218,dag,✓,✗,3,video stabilizer -> video-to-image -> video-to-text,video stabilizer -> video-to-image -> video-to-text,link_mismatch; arg_mismatch(3)
25983364,chain,✗,✗,3,text downloader -> text grammar checker -> text search -> text paraphraser -> video voiceover,text downloader -> text grammar checker -> text search -> video voiceover,node_mismatch; link_mismatch; arg_mismatch(3)
33819282,chain,✗,✗,3,video-to-audio -> audio-to-text -> text summarizer -> video speed changer -> video synchronization,video-to-text -> text summarizer -> video speed changer,node_mismatch; link_mismatch; arg_mismatch(3)
16722370,chain,✗,✗,3,keyword extractor -> topic generator,topic generator -> text summarizer -> text expander,node_mismatch; link_mismatch; arg_mismatch(3)
26187047,dag,✗,✗,4,image-to-video -> audio splicer -> video synchronization -> video stabilizer,audio splicer -> image-to-video -> video stabilizer -> video synchronization,node_mismatch; link_mismatch; arg_mismatch(4)
12719748,chain,✗,✗,2,video-to-image -> image style transfer -> image stitcher,video-to-image -> image stitcher -> image style transfer,node_mismatch; link_mismatch; arg_mismatch(2)
32658350,single,✓,✓,1,image downloader,image downloader,arg_mismatch(1)
29430829,chain,✗,✗,3,video voiceover -> video stabilizer -> video-to-audio,video stabilizer -> video voiceover -> video-to-audio,node_mismatch; link_mismatch; arg_mismatch(3)
17877093,chain,✗,✗,5,video speed changer -> video-to-audio -> audio-to-text -> text translator -> keyword extractor,video speed changer -> video-to-text -> text translator -> keyword extractor,node_mismatch; link_mismatch; arg_mismatch(5)
30398383,dag,✗,✗,2,audio-to-image -> image style transfer,audio-to-text -> topic generator -> text-to-image -> image style transfer,node_mismatch; link_mismatch; arg_mismatch(2)
66452793,dag,✓,✗,4,text summarizer -> text expander -> text-to-image -> image-to-video,text summarizer -> text expander -> text-to-image -> image-to-video,link_mismatch; arg_mismatch(4)
44780711,single,✓,✓,1,video search,video search,arg_mismatch(1)
24111722,single,✓,✓,1,topic generator,topic generator,arg_mismatch(1)
32944665,dag,✗,✗,2,audio noise reduction -> video synchronization -> video stabilizer,audio noise reduction -> video stabilizer -> video synchronization,node_mismatch; link_mismatch; arg_mismatch(2)
11832192,single,✗,✗,1,video-to-audio -> audio-to-text,video-to-text,node_mismatch; link_mismatch; arg_mismatch(1)
82692710,chain,✗,✗,2,text-to-image -> image style transfer,text summarizer -> text-to-image -> image style transfer,node_mismatch; link_mismatch; arg_mismatch(2)
67679215,chain,✓,✗,1,text sentiment analysis -> topic generator -> video search,text sentiment analysis -> topic generator -> video search,link_mismatch; arg_mismatch(1)
97094422,chain,✓,✗,1,video voiceover -> video-to-audio -> audio-to-image -> image search (by image),video voiceover -> video-to-audio -> audio-to-image -> image search (by image),link_mismatch; arg_mismatch(1)
96244511,chain,✗,✗,1,text simplifier -> text-to-image -> image-to-text,article spinner -> text-to-image -> image-to-text,node_mismatch; link_mismatch; arg_mismatch(1)
26475115,chain,✗,✗,3,video-to-image -> image search -> image style transfer,video-to-image -> image search (by image) -> image style transfer -> image colorizer,node_mismatch; link_mismatch; arg_mismatch(3)
10125670,chain,✓,✗,3,text translator -> topic generator -> text-to-image -> image search (by image),text translator -> topic generator -> text-to-image -> image search (by image),link_mismatch; arg_mismatch(3)
16757221,single,✓,✓,1,text expander,text expander,arg_mismatch(1)
28989936,chain,✗,✗,3,image style transfer -> image search (by image),text-to-image -> image style transfer -> image search (by image),node_mismatch; link_mismatch; arg_mismatch(3)
92118219,chain,✗,✗,2,image style transfer -> image search (by image),image style transfer -> image-to-video -> video-to-image -> image search (by image),node_mismatch; link_mismatch; arg_mismatch(2)
25623465,dag,✗,✗,3,text-to-video -> video stabilizer -> video-to-image,text paraphraser -> keyword extractor -> text-to-image -> image-to-video -> video stabilizer,node_mismatch; link_mismatch; arg_mismatch(3)
27217267,chain,✓,✗,2,image downloader -> image search (by image) -> image stitcher -> image style transfer -> image colorizer,image downloader -> image search (by image) -> image stitcher -> image style transfer -> image colorizer,link_mismatch; arg_mismatch(2)
90414951,chain,✗,✗,3,article spinner -> text-to-audio -> audio splicer,text search -> article spinner -> text to speech -> audio effects -> audio splicer,node_mismatch; link_mismatch; arg_mismatch(3)
23500043,single,✗,✗,2,url extractor -> text search,url extractor,node_mismatch; link_mismatch; arg_mismatch(2)
31432951,chain,✗,✗,3,text search -> text expander -> text grammar checker,text expander -> text grammar checker -> text search,node_mismatch; link_mismatch; arg_mismatch(3)
53909364,chain,✗,✗,2,image search -> image stitcher,text search -> topic generator -> keyword extractor -> image search -> image colorizer -> image collage creator,node_mismatch; link_mismatch; arg_mismatch(2)
12989283,chain,✗,✗,2,text search -> text summarizer -> text-to-audio -> audio noise reduction,text search -> text-to-audio -> audio noise reduction,node_mismatch; link_mismatch; arg_mismatch(2)
23948945,single,✓,✓,1,text summarizer,text summarizer,arg_mismatch(1)
48618614,chain,✓,✗,2,text simplifier -> url extractor -> image downloader,text simplifier -> url extractor -> image downloader,link_mismatch; arg_mismatch(2)
10700608,chain,✗,✗,2,video-to-audio -> audio-to-text -> text translator -> text grammar checker -> audio effects,video-to-text -> topic generator -> text translator -> text grammar checker -> audio effects,node_mismatch; link_mismatch; arg_mismatch(2)
11546984,chain,✗,✗,1,text-to-video,text paraphraser -> text-to-video,node_mismatch; link_mismatch; arg_mismatch(1)
18962812,chain,✓,✗,5,audio downloader -> video synchronization -> video-to-audio -> audio-to-image -> image-to-text -> text search,audio downloader -> video synchronization -> video-to-audio -> audio-to-image -> image-to-text -> text search,link_mismatch; arg_mismatch(5)
15945297,chain,✗,✗,3,voice changer -> audio splicer,topic generator -> article spinner -> text-to-audio -> voice changer -> audio splicer,node_mismatch; link_mismatch; arg_mismatch(3)
12787849,chain,✗,✗,3,video voiceover -> video-to-audio -> audio-to-text -> text simplifier,video voiceover -> video-to-text -> text simplifier,node_mismatch; link_mismatch; arg_mismatch(3)
19977194,chain,✗,✗,5,text translator -> text simplifier -> text-to-audio -> audio effects -> audio splicer -> audio-to-image,text translator -> text simplifier -> text-to-speech -> audio effects -> audio splicer -> audio-to-image,node_mismatch; link_mismatch; arg_mismatch(5)
45629364,chain,✗,✗,4,video voiceover -> video-to-audio -> audio-to-text -> text expander -> text-to-video,video voiceover -> video-to-text -> text expander -> text-to-video,node_mismatch; link_mismatch; arg_mismatch(4)
24222489,chain,✓,✗,3,video stabilizer -> video voiceover -> video-to-image -> image-to-text,video stabilizer -> video voiceover -> video-to-image -> image-to-text,link_mismatch; arg_mismatch(3)
30809221,chain,✗,✗,5,video speed changer -> video-to-audio -> audio-to-text -> text expander -> text-to-video -> video stabilizer,video speed changer -> video-to-text -> text expander -> text-to-video -> video stabilizer,node_mismatch; link_mismatch; arg_mismatch(5)
27813133,chain,✗,✗,4,text search -> text summarizer -> image search -> image stitcher,text search -> text summarizer -> keyword extractor -> text paraphraser -> image search,node_mismatch; link_mismatch; arg_mismatch(4)
20702320,single,✓,✓,1,topic generator,topic generator,arg_mismatch(1)
14665244,chain,✗,✗,1,text summarizer -> text-to-image,text summarizer -> text search -> text-to-image,node_mismatch; link_mismatch; arg_mismatch(1)
26061632,single,✗,✗,2,text-to-image -> text-to-video,text-to-video,node_mismatch; link_mismatch; arg_mismatch(2)
23279910,chain,✗,✗,4,image search (by image) -> text paraphraser -> text expander -> text simplifier,image-to-text -> text search -> text paraphraser -> text expander -> text simplifier,node_mismatch; link_mismatch; arg_mismatch(4)
20742900,single,✓,✓,1,text-to-video,text-to-video,arg_mismatch(1)
27615483,chain,✗,✗,3,video search -> video-to-audio -> audio effects,audio effects -> video search -> video-to-audio,node_mismatch; link_mismatch; arg_mismatch(3)
20717412,dag,✓,✓,1,text sentiment analysis -> video speed changer -> voice changer -> video synchronization,text sentiment analysis -> video speed changer -> voice changer -> video synchronization,arg_mismatch(1)
26534824,chain,✓,✗,2,text expander -> text search -> audio effects,text expander -> text search -> audio effects,link_mismatch; arg_mismatch(2)
81236794,chain,✗,✗,2,text expander -> text-to-video -> text-to-audio -> video voiceover,text expander -> article spinner -> video voiceover -> video synchronization,node_mismatch; link_mismatch; arg_mismatch(2)
24292923,chain,✓,✗,1,text paraphraser -> topic generator -> image search,text paraphraser -> topic generator -> image search,link_mismatch; arg_mismatch(1)
30719733,chain,✓,✗,1,text expander -> text sentiment analysis -> text search -> text summarizer -> text-to-image,text expander -> text sentiment analysis -> text search -> text summarizer -> text-to-image,link_mismatch; arg_mismatch(1)
10857007,chain,✓,✗,2,image-to-text -> keyword extractor -> image search,image-to-text -> keyword extractor -> image search,link_mismatch; arg_mismatch(2)
11971676,chain,✗,✗,3,text-to-video -> video speed changer,text grammar checker -> text-to-video -> video speed changer,node_mismatch; link_mismatch; arg_mismatch(3)
23508450,dag,✗,✗,3,video-to-audio -> audio-to-text -> text simplifier -> text-to-image -> text-to-video,video-to-text -> text simplifier -> text-to-video -> text-to-image,node_mismatch; link_mismatch; arg_mismatch(3)
12931756,chain,✓,✓,1,image downloader -> image-to-text -> text-to-video -> video-to-audio,image downloader -> image-to-text -> text-to-video -> video-to-audio,arg_mismatch(1)
25541711,chain,✓,✗,4,text summarizer -> text sentiment analysis -> text-to-image -> image stitcher,text summarizer -> text sentiment analysis -> text-to-image -> image stitcher,link_mismatch; arg_mismatch(4)
97618198,single,✓,✓,1,video speed changer,video speed changer,arg_mismatch(1)
13251790,chain,✓,✗,3,audio-to-image -> image-to-text -> audio effects -> audio noise reduction,audio-to-image -> image-to-text -> audio effects -> audio noise reduction,link_mismatch; arg_mismatch(3)
58285024,single,✓,✓,1,voice changer,voice changer,arg_mismatch(1)
64036447,chain,✗,✗,3,text simplifier -> text search -> video-to-audio,text grammar checker -> text simplifier -> video search -> video-to-audio,node_mismatch; link_mismatch; arg_mismatch(3)
10939907,single,✓,✓,1,voice changer,voice changer,arg_mismatch(1)
19326556,chain,✗,✗,4,text search -> text grammar checker -> keyword extractor -> video speed changer,text search -> text grammar checker -> keyword extractor -> video summary maker -> video speed changer,node_mismatch; link_mismatch; arg_mismatch(4)
26269578,dag,✓,✗,4,text sentiment analysis -> topic generator -> audio effects -> video synchronization,text sentiment analysis -> topic generator -> audio effects -> video synchronization,link_mismatch; arg_mismatch(4)
48345196,chain,✗,✗,1,video voiceover,video voiceover -> video-to-audio,node_mismatch; link_mismatch; arg_mismatch(1)
21750360,chain,✗,✗,4,video-to-text -> text translator -> audio effects -> audio-to-image,video-to-image -> image-to-text -> text translator -> audio effects -> audio-to-image,node_mismatch; link_mismatch; arg_mismatch(4)
22648839,chain,✗,✗,6,text simplifier -> text sentiment analysis -> text summarizer -> topic generator -> text-to-video -> video-to-image,text simplifier -> text sentiment analysis -> text summarizer -> text search -> topic generator -> text-to-video -> video voiceover -> video-to-image,node_mismatch; link_mismatch; arg_mismatch(6)
96666586,chain,✓,✗,1,video voiceover -> video speed changer,video voiceover -> video speed changer,link_mismatch; arg_mismatch(1)
31036708,chain,✓,✗,1,audio-to-text -> url extractor,audio-to-text -> url extractor,link_mismatch; arg_mismatch(1)
70667293,chain,✗,✗,2,text-to-image -> image-to-video,keyword extractor -> image search -> text expander -> topic generator,node_mismatch; link_mismatch; arg_mismatch(2)
30679212,dag,✗,✗,1,image stitcher -> image search -> image style transfer,image stitcher -> image search (by image) -> image style transfer,node_mismatch; link_mismatch; arg_mismatch(1)
11470302,chain,✗,✗,4,url extractor -> video downloader -> video-to-text -> text-to-audio,text-to-audio -> url extractor -> video downloader -> video-to-text,node_mismatch; link_mismatch; arg_mismatch(4)
31913793,chain,✗,✗,1,image search (by image) -> image-to-text -> keyword extractor -> video search,image search (by image) -> image-to-text -> topic generator -> video search,node_mismatch; link_mismatch; arg_mismatch(1)
29021659,chain,✗,✗,2,text expander -> text-to-audio -> audio effects -> audio-to-image -> image-to-video,article spinner -> text expander -> audio effects -> audio-to-image -> image-to-video,node_mismatch; link_mismatch; arg_mismatch(2)
83283317,single,✓,✓,1,url extractor,url extractor,arg_mismatch(1)
19799587,chain,✗,✗,2,text grammar checker -> text paraphraser -> text simplifier,text grammar checker -> article spinner -> text paraphraser -> text simplifier,node_mismatch; link_mismatch; arg_mismatch(2)
60693259,chain,✗,✗,3,text translator -> text grammar checker -> text summarizer -> text search,text translator -> text summarizer -> text grammar checker -> text search,node_mismatch; link_mismatch; arg_mismatch(3)
24902388,dag,✗,✗,2,image style transfer -> image-to-video -> video-to-audio -> audio-to-text -> video voiceover,image style transfer -> image-to-video -> video-to-text -> video voiceover,node_mismatch; link_mismatch; arg_mismatch(2)
32815556,chain,✗,✗,3,image-to-text -> image style transfer,image-to-text -> url extractor -> image downloader -> image style transfer,node_mismatch; link_mismatch; arg_mismatch(3)
25132295,chain,✓,✓,1,video synchronization -> video-to-audio -> audio-to-image,video synchronization -> video-to-audio -> audio-to-image,arg_mismatch(1)
19735051,chain,✓,✗,1,audio-to-text -> text simplifier -> text paraphraser -> keyword extractor -> text grammar checker -> image search,audio-to-text -> text simplifier -> text paraphraser -> keyword extractor -> text grammar checker -> image search,link_mismatch; arg_mismatch(1)
24612056,chain,✓,✓,1,url extractor -> video downloader -> video synchronization,url extractor -> video downloader -> video synchronization,arg_mismatch(1)
26859868,chain,✗,✗,3,text-to-audio -> audio search -> url extractor,text-to-audio -> audio-to-text -> text search -> url extractor,node_mismatch; link_mismatch; arg_mismatch(3)
71313059,chain,✗,✗,7,video stabilizer -> video-to-audio -> audio-to-text -> text translator -> text search -> text-to-image -> image style transfer -> image-to-video,video stabilizer -> video-to-text -> text translator -> text search -> text-to-image -> image style transfer -> image-to-video,node_mismatch; link_mismatch; arg_mismatch(7)
24821383,single,✓,✓,1,image search,image search,arg_mismatch(1)
12851561,chain,✗,✗,1,text downloader -> voice changer -> video voiceover -> video speed changer,text downloader -> voice changer -> video synchronization -> video playback speed adjuster,node_mismatch; link_mismatch; arg_mismatch(1)
28962155,chain,✓,✓,2,video-to-image -> image stitcher -> image-to-video,video-to-image -> image stitcher -> image-to-video,arg_mismatch(2)
29133573,chain,✗,✗,3,audio-to-text -> text sentiment analysis -> text-to-video -> video voiceover -> video speed changer,audio-to-text -> text sentiment analysis -> text paraphraser -> video search -> video voiceover -> video speed changer,node_mismatch; link_mismatch; arg_mismatch(3)
91065728,chain,✓,✗,2,text translator -> text-to-audio -> audio-to-image,text translator -> text-to-audio -> audio-to-image,link_mismatch; arg_mismatch(2)
20443554,chain,✓,✗,1,text downloader -> keyword extractor -> text simplifier -> video voiceover -> video-to-image -> image-to-text,text downloader -> keyword extractor -> text simplifier -> video voiceover -> video-to-image -> image-to-text,link_mismatch; arg_mismatch(1)
97783628,dag,✓,✓,1,image stitcher -> video-to-image -> image-to-video,image stitcher -> video-to-image -> image-to-video,arg_mismatch(1)
39104728,chain,✓,✓,1,text downloader -> keyword extractor -> audio effects,text downloader -> keyword extractor -> audio effects,arg_mismatch(1)
27666222,chain,✗,✓,3,keyword extractor -> article spinner,text sentiment analysis -> positive sentiment transfer -> keyword extractor -> article spinner,node_mismatch; arg_mismatch(3)
13308002,chain,✗,✗,1,audio effects -> audio splicer -> audio-to-text -> video search,audio effects -> audio mixer -> audio-to-text -> video search,node_mismatch; link_mismatch; arg_mismatch(1)
11576339,chain,✗,✗,3,text-to-image -> image-to-video,text-to-image -> image-to-video -> video stabilizer,node_mismatch; link_mismatch; arg_mismatch(3)
22549398,dag,✗,✗,4,audio-to-image -> image-to-video -> text paraphraser -> audio effects,audio effects -> audio-to-image -> image-to-video -> text paraphraser,node_mismatch; link_mismatch; arg_mismatch(4)
14982036,single,✓,✓,1,video speed changer,video speed changer,arg_mismatch(1)
17747801,chain,✗,✗,4,audio-to-text -> text-to-audio -> audio splicer,text search -> text expander -> text-to-audio -> audio splicer,node_mismatch; link_mismatch; arg_mismatch(4)
26423418,chain,✓,✗,2,text grammar checker -> text simplifier -> keyword extractor,text grammar checker -> text simplifier -> keyword extractor,link_mismatch; arg_mismatch(2)
29384760,chain,✗,✗,3,video-to-image -> image style transfer,video search -> video-to-image -> image style transfer,node_mismatch; link_mismatch; arg_mismatch(3)
12931793,chain,✓,✗,2,article spinner -> text expander -> video search,article spinner -> text expander -> video search,link_mismatch; arg_mismatch(2)
21806829,single,✓,✓,1,text-to-audio,text-to-audio,arg_mismatch(1)
28518152,chain,✗,✗,1,text downloader -> keyword extractor -> video speed changer -> video stabilizer -> video synchronization,text downloader -> topic generator -> video speed changer -> video stabilizer -> video synchronization,node_mismatch; link_mismatch; arg_mismatch(1)
12913447,chain,✗,✗,2,text-to-video -> video-to-image,text paraphraser -> text-to-video -> video stabilizer -> video-to-image,node_mismatch; link_mismatch; arg_mismatch(2)
14682522,chain,✓,✗,2,audio-to-text -> text-to-image -> image search (by image),audio-to-text -> text-to-image -> image search (by image),link_mismatch; arg_mismatch(2)
25774935,single,✓,✓,1,url extractor,url extractor,arg_mismatch(1)
31375030,chain,✓,✗,4,text downloader -> text summarizer -> url extractor -> audio downloader,text downloader -> text summarizer -> url extractor -> audio downloader,link_mismatch; arg_mismatch(4)
61331200,chain,✓,✓,2,article spinner -> text-to-image -> image-to-video,article spinner -> text-to-image -> image-to-video,arg_mismatch(2)
24300626,chain,✗,✗,3,text-to-audio -> voice changer,audio-to-text -> text paraphraser -> text-to-audio -> voice changer,node_mismatch; link_mismatch; arg_mismatch(3)
33435749,chain,✗,✗,2,text sentiment analysis -> audio effects,audio effects -> text sentiment analysis,node_mismatch; link_mismatch; arg_mismatch(2)
92160380,chain,✗,✗,4,video speed changer -> video-to-audio -> audio-to-text -> text expander,video speed changer -> video-to-text -> text expander,node_mismatch; link_mismatch; arg_mismatch(4)
29599823,chain,✗,✗,3,audio-to-text -> text sentiment analysis -> text expander -> url extractor,audio-to-text -> text keyword extraction -> text sentiment analysis -> sentiment elaborator -> url extractor,node_mismatch; link_mismatch; arg_mismatch(3)
47140513,chain,✗,✗,4,video-to-audio -> audio splicer -> audio-to-image -> image-to-text,audio splicer -> audio-to-image -> image-to-text -> video-to-audio,node_mismatch; link_mismatch; arg_mismatch(4)
27091622,chain,✗,✗,3,image stitcher -> image-to-video -> video-to-audio -> audio-to-text,image stitcher -> image-to-video -> video-to-text,node_mismatch; link_mismatch; arg_mismatch(3)
23103058,chain,✗,✗,2,text grammar checker -> text paraphraser -> video voiceover,text grammar checker -> text paraphraser -> audio generation -> video editing -> video synchronization,node_mismatch; link_mismatch; arg_mismatch(2)
28282379,chain,✓,✗,3,topic generator -> video voiceover -> video-to-text,topic generator -> video voiceover -> video-to-text,link_mismatch; arg_mismatch(3)
33259512,chain,✗,✗,3,text paraphraser -> text translator -> article spinner -> video voiceover,article spinner -> text paraphraser -> text translator -> video voiceover,node_mismatch; link_mismatch; arg_mismatch(3)
94459348,chain,✓,✗,2,text-to-image -> image search (by image) -> image style transfer -> image-to-text,text-to-image -> image search (by image) -> image style transfer -> image-to-text,link_mismatch; arg_mismatch(2)
32767066,chain,✗,✗,2,audio noise reduction -> video synchronization,audio downloader -> audio noise reduction -> video synchronization,node_mismatch; link_mismatch; arg_mismatch(2)
18612760,single,✗,✗,1,video-to-audio -> audio-to-text,video-to-text,node_mismatch; link_mismatch; arg_mismatch(1)
72528270,chain,✗,✗,3,video downloader -> video stabilizer,text paraphraser -> text search -> url extractor -> video downloader -> video stabilizer,node_mismatch; link_mismatch; arg_mismatch(3)
32379764,single,✗,✗,1,text-to-image -> text-to-audio -> image-to-video,text-to-video,node_mismatch; link_mismatch; arg_mismatch(1)
56707564,chain,✗,✗,4,image-to-text -> image search -> image stitcher -> video synchronization -> image stitcher,image-to-text -> text-to-image -> image search (by image) -> image stitcher -> image-to-video -> video synchronization,node_mismatch; link_mismatch; arg_mismatch(4)
47591432,chain,✓,✗,1,image search (by image) -> image stitcher,image search (by image) -> image stitcher,link_mismatch; arg_mismatch(1)
48817007,single,✓,✓,1,text-to-image,text-to-image,arg_mismatch(1)
28882102,single,✗,✗,2,text-to-image -> image downloader,text-to-image,node_mismatch; link_mismatch; arg_mismatch(2)
89833181,chain,✓,✗,2,text summarizer -> text-to-audio -> audio-to-image,text summarizer -> text-to-audio -> audio-to-image,link_mismatch; arg_mismatch(2)
27646653,chain,✗,✗,3,video-to-audio -> audio-to-text -> text translator -> image search,video-to-text -> text translator -> image search,node_mismatch; link_mismatch; arg_mismatch(3)
98336582,chain,✓,✓,1,audio effects -> audio-to-image -> image-to-video -> video stabilizer -> video voiceover,audio effects -> audio-to-image -> image-to-video -> video stabilizer -> video voiceover,arg_mismatch(1)
49183966,single,✗,✗,1,image search -> text downloader,image search -> text scrape,node_mismatch; link_mismatch; arg_mismatch(1)
30700266,chain,✗,✗,3,text translator -> text search -> image search,text translator -> keyword extractor -> text search -> image search,node_mismatch; link_mismatch; arg_mismatch(3)
16756688,chain,✗,✗,3,video downloader -> video stabilizer -> video voiceover -> video synchronization,video downloader -> video stabilizer -> voiceover creator -> video voiceover -> video synchronization,node_mismatch; link_mismatch; arg_mismatch(3)
31260533,chain,✓,✗,2,audio-to-text -> video voiceover -> video-to-image,audio-to-text -> video voiceover -> video-to-image,link_mismatch; arg_mismatch(2)
23990318,chain,✗,✓,1,article spinner,text paraphraser -> article spinner,node_mismatch; arg_mismatch(1)
25850214,single,✓,✓,1,url extractor,url extractor,arg_mismatch(1)
13138957,single,✓,✓,1,text-to-audio,text-to-audio,arg_mismatch(1)
11171245,single,✓,✓,1,video speed changer,video speed changer,arg_mismatch(1)
27820831,chain,✗,✗,4,audio-to-image -> image-to-text -> text simplifier -> article spinner -> keyword extractor,audio-to-text -> text simplifier -> article spinner -> keyword extractor,node_mismatch; link_mismatch; arg_mismatch(4)
13323023,chain,✗,✗,2,url extractor -> text downloader -> text grammar checker -> audio effects,url extractor -> text downloader -> text grammar checker -> voice changer,node_mismatch; link_mismatch; arg_mismatch(2)
14262994,chain,✗,✗,3,topic generator -> text search -> url extractor -> text downloader,topic generator -> url extractor -> text downloader,node_mismatch; link_mismatch; arg_mismatch(3)
71222197,chain,✓,✓,1,url extractor -> text downloader -> text-to-audio,url extractor -> text downloader -> text-to-audio,arg_mismatch(1)
10925517,chain,✓,✓,1,video search -> video stabilizer -> video speed changer,video search -> video stabilizer -> video speed changer,arg_mismatch(1)
30162813,chain,✗,✗,2,text summarizer -> text-to-image,text paraphraser -> text summarizer -> text-to-image,node_mismatch; link_mismatch; arg_mismatch(2)
18197804,dag,✗,✗,2,audio-to-image -> image stitcher,audio-to-image -> image colorizer -> image stitcher,node_mismatch; link_mismatch; arg_mismatch(2)
25256062,chain,✗,✗,3,video-to-audio -> audio-to-text -> voice changer -> audio-to-image,video-to-audio -> audio noise reduction -> audio-to-text -> voice changer -> audio-to-image,node_mismatch; link_mismatch; arg_mismatch(3)
27351233,single,✗,✗,1,video synchronization -> video synchronization,video synchronization,node_mismatch; link_mismatch; arg_mismatch(1)
26266993,chain,✓,✗,3,article spinner -> keyword extractor -> text grammar checker -> text simplifier,article spinner -> keyword extractor -> text grammar checker -> text simplifier,link_mismatch; arg_mismatch(3)
19176726,chain,✗,✗,1,image search (by image) -> image-to-video -> audio-to-image,image search (by image) -> image-to-video -> video-to-audio -> audio-to-image,node_mismatch; link_mismatch; arg_mismatch(1)
83421214,chain,✗,✗,2,text downloader -> keyword extractor -> video search,text sentiment analysis -> keyword extractor -> topic generator -> video search,node_mismatch; link_mismatch; arg_mismatch(2)
83894256,chain,✓,✓,1,text-to-image -> image search (by image),text-to-image -> image search (by image),arg_mismatch(1)
38702885,single,✓,✓,1,video speed changer,video speed changer,arg_mismatch(1)
16966775,chain,✓,✗,2,audio-to-text -> text translator -> text simplifier,audio-to-text -> text translator -> text simplifier,link_mismatch; arg_mismatch(2)
87420418,single,✓,✓,1,image search,image search,arg_mismatch(1)
20105430,chain,✗,✗,2,text simplifier -> text expander,text search -> topic generator -> keyword extractor -> text paraphraser -> text simplifier -> text expander,node_mismatch; link_mismatch; arg_mismatch(2)
32683094,single,✓,✓,1,image search,image search,arg_mismatch(1)
69359662,chain,✓,✗,2,text search -> text-to-audio -> audio effects,text search -> text-to-audio -> audio effects,link_mismatch; arg_mismatch(2)
31157056,single,✓,✓,1,image search,image search,arg_mismatch(1)
30884606,chain,✓,✗,3,keyword extractor -> text sentiment analysis -> voice changer -> audio splicer,keyword extractor -> text sentiment analysis -> voice changer -> audio splicer,link_mismatch; arg_mismatch(3)
20224441,chain,✗,✗,3,text translator -> text summarizer -> text paraphraser,text paraphraser -> text summarizer -> text translator,node_mismatch; link_mismatch; arg_mismatch(3)
27835977,chain,✗,✗,2,url extractor -> video-to-audio,url extractor -> video downloader -> video-to-audio,node_mismatch; link_mismatch; arg_mismatch(2)
13457465,chain,✓,✓,1,topic generator -> text-to-audio -> audio splicer,topic generator -> text-to-audio -> audio splicer,arg_mismatch(1)
41179472,dag,✗,✓,2,image downloader -> image style transfer,image downloader -> image downloader -> image style transfer,node_mismatch; arg_mismatch(2)
69284241,single,✓,✓,1,image search,image search,arg_mismatch(1)
33414632,chain,✗,✗,4,video-to-audio -> audio effects -> audio noise reduction -> audio-to-image -> image search (by image),video-to-text -> audio effects -> audio noise reduction -> audio-to-image -> image search (by image),node_mismatch; link_mismatch; arg_mismatch(4)
18429349,chain,✗,✗,3,image-to-text -> text expander -> keyword extractor -> text-to-image,image-to-text -> url extractor -> text downloader -> text expander -> keyword extractor -> keywords-to-image,node_mismatch; link_mismatch; arg_mismatch(3)
32260700,chain,✓,✗,2,text simplifier -> text summarizer -> keyword extractor,text simplifier -> text summarizer -> keyword extractor,link_mismatch; arg_mismatch(2)
15435141,chain,✓,✗,2,image downloader -> image colorizer -> image search (by image) -> image-to-video -> video synchronization,image downloader -> image colorizer -> image search (by image) -> image-to-video -> video synchronization,link_mismatch; arg_mismatch(2)
30405033,chain,✗,✗,4,article spinner -> keyword extractor -> text search -> image search,article spinner -> text search -> image search,node_mismatch; link_mismatch; arg_mismatch(4)
19793459,chain,✓,✗,2,text paraphraser -> text simplifier -> image search,text paraphraser -> text simplifier -> image search,link_mismatch; arg_mismatch(2)
20746143,single,✓,✓,1,text-to-audio,text-to-audio,arg_mismatch(1)
31599319,dag,✗,✗,3,article spinner -> topic generator -> text-to-image,text paraphraser -> article spinner -> topic generator -> text-to-image,node_mismatch; link_mismatch; arg_mismatch(3)
92907681,chain,✓,✓,1,text grammar checker -> text translator -> text sentiment analysis -> video speed changer,text grammar checker -> text translator -> text sentiment analysis -> video speed changer,arg_mismatch(1)
38050943,chain,✗,✗,4,text search -> text summarizer -> video speed changer,text paraphraser -> text expander -> text search -> text summarizer -> video speed changer,node_mismatch; link_mismatch; arg_mismatch(4)
31424785,dag,✗,✗,3,image style transfer -> image-to-text,image downloader -> image downloader -> image style transfer -> image-to-text,node_mismatch; link_mismatch; arg_mismatch(3)
79306783,chain,✗,✗,3,voice changer -> text search -> audio splicer -> audio effects,voice changer -> audio-to-text -> video search -> video-to-audio -> audio mixer -> audio effects,node_mismatch; link_mismatch; arg_mismatch(3)
23758289,chain,✓,✗,2,image search (by image) -> image-to-text -> text-to-audio,image search (by image) -> image-to-text -> text-to-audio,link_mismatch; arg_mismatch(2)
20263282,chain,✗,✗,4,voice changer -> audio-to-image -> image-to-video,audio-to-text -> voice changer -> audio-to-image -> image-to-video,node_mismatch; link_mismatch; arg_mismatch(4)
28870711,chain,✗,✗,0,image style transfer -> image-to-text -> text simplifier -> text summarizer -> text grammar checker -> text sentiment analysis -> text paraphraser,image style transfer -> image-to-text -> text simplifier -> text summarizer -> text grammar checker -> text sentiment analysis -> article spinner,node_mismatch; link_mismatch
15252799,chain,✗,✗,3,text downloader -> text summarizer -> image search -> article spinner,text downloader -> text sentiment analysis -> text paraphraser -> text expander -> keyword extractor -> article spinner -> text grammar checker -> image search,node_mismatch; link_mismatch; arg_mismatch(3)
14534820,chain,✗,✗,5,text search -> text simplifier -> video voiceover -> video-to-image,text simplifier -> text search -> article spinner -> video voiceover -> video-to-image,node_mismatch; link_mismatch; arg_mismatch(5)
12459708,chain,✓,✓,2,text downloader -> text-to-image -> image stitcher -> image-to-video,text downloader -> text-to-image -> image stitcher -> image-to-video,arg_mismatch(2)
31250786,chain,✓,✗,2,text sentiment analysis -> text summarizer -> text simplifier,text sentiment analysis -> text summarizer -> text simplifier,link_mismatch; arg_mismatch(2)
13577171,single,✓,✓,1,video search,video search,arg_mismatch(1)
91080769,chain,✗,✗,4,video-to-image -> image stitcher -> image-to-text -> article spinner,article spinner -> image stitcher -> image-to-text -> video-to-image,node_mismatch; link_mismatch; arg_mismatch(4)
22652766,single,✗,✗,2,text-to-image -> image-to-video,text-to-video,node_mismatch; link_mismatch; arg_mismatch(2)
28310959,chain,✗,✗,3,keyword extractor -> image-to-video -> video voiceover -> audio splicer,keyword extractor -> video voiceover -> video-to-image -> image-to-video,node_mismatch; link_mismatch; arg_mismatch(3)
19048020,dag,✗,✗,3,text paraphraser -> video search -> url extractor,article spinner -> video search -> url extractor,node_mismatch; link_mismatch; arg_mismatch(3)
85526854,chain,✗,✗,2,image search (by image) -> image stitcher,image downloader -> image search (by image) -> image style transfer -> image stitcher,node_mismatch; link_mismatch; arg_mismatch(2)
24951648,chain,✗,✗,7,video synchronization -> video-to-text -> text translator -> text summarizer -> text-to-video -> video-to-audio -> audio effects,audio effects -> text summarizer -> text translator -> text-to-video -> video synchronization -> video-to-audio -> video-to-text,node_mismatch; link_mismatch; arg_mismatch(7)
26378845,chain,✗,✗,4,text search -> article spinner -> topic generator -> text-to-image,article spinner -> text search -> text-to-image -> topic generator,node_mismatch; link_mismatch; arg_mismatch(4)
12139770,dag,✗,✗,3,audio-to-image -> image-to-text -> video speed changer, ->  -> ,node_mismatch; link_mismatch; arg_mismatch(3)
17838853,chain,✓,✗,3,image downloader -> image stitcher -> image colorizer -> image-to-video,image downloader -> image stitcher -> image colorizer -> image-to-video,link_mismatch; arg_mismatch(3)
26508475,chain,✓,✗,2,image search (by image) -> image-to-text -> audio effects,image search (by image) -> image-to-text -> audio effects,link_mismatch; arg_mismatch(2)
99473559,chain,✓,✓,1,text grammar checker -> video speed changer -> video stabilizer,text grammar checker -> video speed changer -> video stabilizer,arg_mismatch(1)
16568780,chain,✗,✗,2,image search,text-to-image -> image search (by image),node_mismatch; link_mismatch; arg_mismatch(2)
10706422,chain,✗,✗,2,text translator -> topic generator,text simplifier -> text translator -> topic generator,node_mismatch; link_mismatch; arg_mismatch(2)
25140246,dag,✗,✗,2,audio-to-image -> image style transfer -> image-to-video,audio-to-image -> image style transfer -> image search (by image) -> image-to-video,node_mismatch; link_mismatch; arg_mismatch(2)
17187225,chain,✗,✗,4,video-to-audio -> audio-to-text -> text simplifier -> text translator -> image search,video-to-text -> text simplifier -> text translator -> image search,node_mismatch; link_mismatch; arg_mismatch(4)
21358424,single,✓,✓,1,keyword extractor,keyword extractor,arg_mismatch(1)
65316510,dag,✗,✗,5,video voiceover -> video-to-text -> video speed changer -> video-to-audio -> audio noise reduction,audio noise reduction -> video speed changer -> video voiceover -> video-to-audio -> video-to-text,node_mismatch; link_mismatch; arg_mismatch(5)
55078170,chain,✓,✓,2,text-to-image -> image-to-video -> video-to-image -> image-to-text -> url extractor -> video downloader,text-to-image -> image-to-video -> video-to-image -> image-to-text -> url extractor -> video downloader,arg_mismatch(2)
10582571,chain,✗,✗,3,video-to-audio -> audio-to-text -> text-to-video -> video-to-audio -> audio-to-text -> article spinner,article spinner -> audio-to-text -> text-to-video -> video-to-audio -> video-to-text,node_mismatch; link_mismatch; arg_mismatch(3)
40090394,chain,✗,✗,4,video-to-audio -> audio-to-text -> text search -> video voiceover -> video-to-audio,video-to-text -> video search -> video voiceover -> video-to-audio,node_mismatch; link_mismatch; arg_mismatch(4)
66427645,chain,✗,✗,2,text downloader -> text-to-audio -> audio splicer -> audio-to-text -> url extractor -> audio downloader -> audio-to-image,text downloader -> voice changer -> audio splicer -> audio-to-text -> url extractor -> audio downloader -> audio-to-image,node_mismatch; link_mismatch; arg_mismatch(2)
54987328,dag,✓,✓,1,url extractor -> image downloader -> image-to-text -> text-to-image -> image-to-video,url extractor -> image downloader -> image-to-text -> text-to-image -> image-to-video,arg_mismatch(1)
31337148,chain,✓,✗,2,text downloader -> keyword extractor -> text-to-video,text downloader -> keyword extractor -> text-to-video,link_mismatch; arg_mismatch(2)
28128050,chain,✓,✗,4,video downloader -> video-to-audio -> audio-to-image -> image-to-text -> image search,video downloader -> video-to-audio -> audio-to-image -> image-to-text -> image search,link_mismatch; arg_mismatch(4)
27362500,chain,✗,✗,1,video-to-audio -> audio-to-text -> text simplifier -> text paraphraser,video-to-audio -> audio-to-text -> text paraphraser -> text simplifier,node_mismatch; link_mismatch; arg_mismatch(1)
30821783,chain,✗,✗,5,url extractor -> image downloader -> image colorizer -> image stitcher -> image style transfer -> image-to-video,url extractor -> image downloader -> image search (by image) -> image colorizer -> image stitcher -> image style transfer -> image-to-video,node_mismatch; link_mismatch; arg_mismatch(5)
10607951,chain,✓,✓,1,video downloader -> video stabilizer -> video-to-audio,video downloader -> video stabilizer -> video-to-audio,arg_mismatch(1)
30499288,single,✓,✓,1,audio noise reduction,audio noise reduction,arg_mismatch(1)
26508882,chain,✓,✓,1,image search (by image) -> image-to-video -> video-to-audio -> voice changer,image search (by image) -> image-to-video -> video-to-audio -> voice changer,arg_mismatch(1)
20643333,chain,✗,✗,4,voice changer -> audio effects -> audio-to-text -> keyword extractor -> text expander,voice changer -> audio effects -> audio-to-text -> keyword extractor -> article spinner,node_mismatch; link_mismatch; arg_mismatch(4)
13930479,chain,✓,✓,1,audio-to-text -> text summarizer -> text-to-video -> video-to-image,audio-to-text -> text summarizer -> text-to-video -> video-to-image,arg_mismatch(1)
27583944,chain,✓,✗,3,image-to-video -> video-to-audio -> audio-to-text -> video search,image-to-video -> video-to-audio -> audio-to-text -> video search,link_mismatch; arg_mismatch(3)
47145801,single,✓,✓,1,text grammar checker,text grammar checker,arg_mismatch(1)
20267587,chain,✓,✓,2,audio effects -> audio noise reduction -> audio splicer -> voice changer,audio effects -> audio noise reduction -> audio splicer -> voice changer,arg_mismatch(2)
18543849,chain,✗,✗,3,video-to-audio -> audio-to-text -> keyword extractor -> text-to-audio,video-to-text -> text search -> text-to-audio -> voice changer,node_mismatch; link_mismatch; arg_mismatch(3)
20196337,chain,✗,✗,3,text expander -> text-to-audio -> image-to-video,text expander -> voice modifier -> audio-to-image -> image-to-video,node_mismatch; link_mismatch; arg_mismatch(3)
11754706,chain,✓,✗,5,url extractor -> text downloader -> video voiceover -> video stabilizer -> video-to-image,url extractor -> text downloader -> video voiceover -> video stabilizer -> video-to-image,link_mismatch; arg_mismatch(5)
23373191,chain,✗,✗,3,text-to-image -> image stitcher,keyword extractor -> topic generator -> text-to-image,node_mismatch; link_mismatch; arg_mismatch(3)
97467597,chain,✓,✓,1,image style transfer -> image-to-text -> text translator -> topic generator -> text expander,image style transfer -> image-to-text -> text translator -> topic generator -> text expander,arg_mismatch(1)
16991312,single,✓,✓,1,image search,image search,arg_mismatch(1)
74926610,dag,✓,✓,3,video-to-image -> image-to-video -> video-to-text -> article spinner,video-to-image -> image-to-video -> video-to-text -> article spinner,arg_mismatch(3)
14995373,dag,✓,✗,2,url extractor -> audio downloader -> audio effects -> audio-to-text,url extractor -> audio downloader -> audio effects -> audio-to-text,link_mismatch; arg_mismatch(2)
26437788,chain,✓,✗,3,audio downloader -> audio-to-image -> image colorizer -> image style transfer,audio downloader -> audio-to-image -> image colorizer -> image style transfer,link_mismatch; arg_mismatch(3)
30436433,chain,✓,✗,1,image-to-text -> text paraphraser -> video speed changer -> video-to-audio -> video synchronization,image-to-text -> text paraphraser -> video speed changer -> video-to-audio -> video synchronization,link_mismatch; arg_mismatch(1)
16361695,single,✓,✓,1,text-to-image,text-to-image,arg_mismatch(1)
12252210,chain,✗,✗,1,text downloader -> text summarizer,text downloader -> text simplifier -> text summarizer,node_mismatch; link_mismatch; arg_mismatch(1)
14028789,chain,✗,✗,3,video speed changer -> video-to-audio -> audio-to-text -> article spinner,video speed changer -> video-to-text -> text paraphraser,node_mismatch; link_mismatch; arg_mismatch(3)
25382468,chain,✗,✗,6,text expander -> text-to-audio -> audio-to-image -> image-to-video -> video-to-audio -> audio-to-text,text expander -> voice changer -> audio-to-image -> image colorizer -> image-to-video -> video-to-audio -> audio-to-text,node_mismatch; link_mismatch; arg_mismatch(6)
29787811,dag,✗,✗,2,video-to-audio -> text simplifier -> voice changer,text simplifier -> video-to-audio -> voice modification,node_mismatch; link_mismatch; arg_mismatch(2)
25655442,chain,✗,✗,5,image search (by image) -> image style transfer -> image-to-text -> topic generator -> video stabilizer,image downloader -> image search (by image) -> image stitcher -> image style transfer -> image-to-text -> topic generator -> text-to-video -> video stabilizer,node_mismatch; link_mismatch; arg_mismatch(5)
68185495,dag,✗,✗,3,video downloader -> video speed changer,keyword extractor -> video downloader -> video speed changer,node_mismatch; link_mismatch; arg_mismatch(3)
90032290,chain,✗,✗,2,text downloader -> text-to-video -> video voiceover -> video synchronization -> video-to-image,text downloader -> text-to-video -> video synchronization -> video-to-image,node_mismatch; link_mismatch; arg_mismatch(2)
16767947,single,✓,✓,1,topic generator,topic generator,arg_mismatch(1)
20476385,chain,✓,✓,1,image style transfer -> image stitcher -> image-to-video -> video voiceover -> video-to-image,image style transfer -> image stitcher -> image-to-video -> video voiceover -> video-to-image,arg_mismatch(1)
53950808,dag,✗,✗,2,image search (by image) -> url extractor -> text-to-audio -> audio effects,image-to-text -> text search -> url extractor -> voice changer,node_mismatch; link_mismatch; arg_mismatch(2)
25167182,single,✗,✗,1,video-to-image -> image-to-text,video-to-image,node_mismatch; link_mismatch; arg_mismatch(1)
19774348,chain,✗,✗,3,text search -> text summarizer,topic generator -> text grammar checker -> url extractor,node_mismatch; link_mismatch; arg_mismatch(3)
26786491,chain,✗,✗,4,image stitcher -> image search (by image) -> image-to-text,image downloader -> image stitcher -> image search (by image) -> image-to-text,node_mismatch; link_mismatch; arg_mismatch(4)
26527596,single,✓,✓,1,text search,text search,arg_mismatch(1)
30484207,chain,✗,✗,1,text translator -> text grammar checker -> voice changer -> video voiceover,text translator -> text grammar checker -> voice changer -> video synchronization,node_mismatch; link_mismatch; arg_mismatch(1)
18562405,dag,✓,✗,3,audio-to-image -> image-to-text -> text-to-image -> video speed changer,audio-to-image -> image-to-text -> text-to-image -> video speed changer,link_mismatch; arg_mismatch(3)
25351008,single,✓,✓,1,image search,image search,arg_mismatch(1)
63351648,dag,✗,✗,2,video-to-image -> image style transfer,video-to-image -> text-to-image -> image style transfer,node_mismatch; link_mismatch; arg_mismatch(2)
20012827,dag,✓,✓,1,text translator -> text summarizer -> topic generator -> text-to-image,text translator -> text summarizer -> topic generator -> text-to-image,arg_mismatch(1)
15230259,chain,✗,✗,2,audio downloader -> video voiceover,audio downloader -> audio-to-text -> video voiceover,node_mismatch; link_mismatch; arg_mismatch(2)
76210773,chain,✗,✗,3,text downloader -> text-to-audio -> audio-to-image,text downloader -> text expander -> text-to-audio -> audio-to-image,node_mismatch; link_mismatch; arg_mismatch(3)
49388996,single,✗,✗,2,text-to-image -> image-to-video,text-to-video,node_mismatch; link_mismatch; arg_mismatch(2)
13798094,single,✓,✓,1,text-to-audio,text-to-audio,arg_mismatch(1)
28332210,single,✗,✗,1,video-to-audio -> audio-to-text,video-to-text,node_mismatch; link_mismatch; arg_mismatch(1)
23613825,single,✓,✓,1,image search,image search,arg_mismatch(1)
99179548,dag,✗,✗,2,text summarizer -> text-to-video -> text-to-image,text summarizer -> text-to-video -> video-to-image -> image colorizer,node_mismatch; link_mismatch; arg_mismatch(2)
26160344,chain,✗,✗,4,video-to-audio -> audio-to-text -> keyword extractor -> text summarizer -> text search -> video stitcher,video-to-text -> text summarizer -> topic generator -> text-to-video,node_mismatch; link_mismatch; arg_mismatch(4)
23954959,single,✓,✓,1,image search,image search,arg_mismatch(1)
10615744,chain,✓,✗,3,video downloader -> video-to-text -> keyword extractor -> text search,video downloader -> video-to-text -> keyword extractor -> text search,link_mismatch; arg_mismatch(3)
30807946,chain,✓,✗,2,video stabilizer -> video-to-audio -> audio splicer,video stabilizer -> video-to-audio -> audio splicer,link_mismatch; arg_mismatch(2)
17866271,chain,✓,✓,1,image-to-text -> text simplifier -> text grammar checker -> text translator,image-to-text -> text simplifier -> text grammar checker -> text translator,arg_mismatch(1)
21190161,chain,✗,✗,2,video-to-audio -> audio-to-text -> url extractor,video-to-image -> image-to-text -> url extractor,node_mismatch; link_mismatch; arg_mismatch(2)
15375319,chain,✗,✗,1,image-to-text -> text simplifier -> text-to-image,image-to-text -> text simplifier -> topic generator -> text-to-image,node_mismatch; link_mismatch; arg_mismatch(1)
13059487,chain,✗,✗,2,text-to-image -> image-to-text,create image from text -> extract text from image,node_mismatch; link_mismatch; arg_mismatch(2)
91930058,chain,✗,✗,0,video synchronization -> video-to-audio -> audio-to-image -> image style transfer -> image stitcher,video synchronization -> video-to-audio -> audio-to-image -> image style transfer -> image merger,node_mismatch; link_mismatch
10375369,chain,✗,✗,0,video synchronization -> video-to-image -> image colorizer -> image-to-video,video synchronization -> video-to-image -> image colorizer -> create slideshow,node_mismatch; link_mismatch
13000355,chain,✗,✗,3,topic generator -> text grammar checker -> url extractor,article spinner -> topic generator -> text grammar checker -> url extractor,node_mismatch; link_mismatch; arg_mismatch(3)
27451280,chain,✗,✗,5,topic generator -> article spinner -> text search -> video search -> video speed changer,text paraphraser -> text search -> topic generator -> keyword extractor -> article spinner -> video search -> video speed changer,node_mismatch; link_mismatch; arg_mismatch(5)
16251366,single,✓,✓,1,topic generator,topic generator,arg_mismatch(1)
48721400,chain,✗,✗,2,text summarizer -> text grammar checker,topic generator -> text summarizer -> text paraphraser -> text grammar checker,node_mismatch; link_mismatch; arg_mismatch(2)
15744573,dag,✗,✗,3,keyword extractor -> video-to-audio -> audio effects,audio effects -> keyword extractor -> video-to-audio,node_mismatch; link_mismatch; arg_mismatch(3)
22596513,chain,✗,✗,3,video speed changer -> video-to-audio -> audio-to-text -> article spinner -> video voiceover,video speed changer -> video-to-text -> article rewriter -> voiceover creator,node_mismatch; link_mismatch; arg_mismatch(3)
97362558,chain,✗,✓,3,image style transfer -> image-to-text -> text summarizer,image search (by image) -> image style transfer -> image-to-text -> text summarizer,node_mismatch; arg_mismatch(3)
10487722,chain,✓,✗,1,image downloader -> image style transfer -> image stitcher -> image-to-video -> video-to-audio,image downloader -> image style transfer -> image stitcher -> image-to-video -> video-to-audio,link_mismatch; arg_mismatch(1)
17298369,chain,✓,✓,1,audio downloader -> audio noise reduction -> audio-to-image -> image search (by image),audio downloader -> audio noise reduction -> audio-to-image -> image search (by image),arg_mismatch(1)
17612373,chain,✓,✗,3,text expander -> text sentiment analysis -> url extractor -> text downloader,text expander -> text sentiment analysis -> url extractor -> text downloader,link_mismatch; arg_mismatch(3)
76088504,chain,✗,✗,5,url extractor -> video downloader -> video-to-audio -> audio-to-image -> image search (by image),text downloader -> url extractor -> video downloader -> video-to-audio -> audio-to-image -> image search (by image),node_mismatch; link_mismatch; arg_mismatch(5)
18243759,chain,✗,✗,1,article spinner,article spinner -> text search -> keyword extractor -> text expander -> text grammar checker -> topic generator,node_mismatch; link_mismatch; arg_mismatch(1)
62426290,chain,✓,✓,1,voice changer -> audio-to-image -> image style transfer,voice changer -> audio-to-image -> image style transfer,arg_mismatch(1)
29369557,single,✗,✗,2,video search -> video downloader,video search,node_mismatch; link_mismatch; arg_mismatch(2)
18991193,chain,✓,✗,2,topic generator -> keyword extractor -> audio effects -> voice changer,topic generator -> keyword extractor -> audio effects -> voice changer,link_mismatch; arg_mismatch(2)
91708276,single,✗,✗,2,text-to-image -> image-to-video,text-to-video,node_mismatch; link_mismatch; arg_mismatch(2)
11341023,chain,✗,✗,6,image style transfer -> image stitcher -> image-to-video -> video stabilizer -> video-to-image -> image stitcher,image style transfer -> image-to-video -> video stabilizer -> video-to-image -> image stitcher,node_mismatch; link_mismatch; arg_mismatch(6)
32083018,single,✗,✗,2,text-to-image -> text-to-audio -> image-to-video,text-to-video,node_mismatch; link_mismatch; arg_mismatch(2)
29300562,chain,✓,✓,1,text paraphraser -> text translator -> voice changer,text paraphraser -> text translator -> voice changer,arg_mismatch(1)
27472913,chain,✗,✗,3,video stabilizer -> video-to-audio -> audio-to-text -> text simplifier,video stabilizer -> video-to-text -> text simplifier,node_mismatch; link_mismatch; arg_mismatch(3)
31395561,chain,✗,✗,1,image-to-text -> text summarizer -> text-to-image,image-to-text -> text summarizer -> text paraphraser -> text-to-image,node_mismatch; link_mismatch; arg_mismatch(1)
48617388,chain,✗,✗,3,image search (by image) -> image-to-text -> url extractor,image downloader -> image search (by image) -> image-to-text -> url extractor,node_mismatch; link_mismatch; arg_mismatch(3)
16456604,chain,✗,✗,3,text search -> text translator -> text summarizer,text search -> language detect -> multi text translator -> text summarizer,node_mismatch; link_mismatch; arg_mismatch(3)
32042179,single,✗,✗,2,text-to-image -> text-to-video,text-to-video,node_mismatch; link_mismatch; arg_mismatch(2)
16087472,chain,✗,✗,5,video-to-audio -> audio-to-image -> image style transfer -> image stitcher,video voiceover -> video-to-audio -> audio-to-image -> image search (by image) -> image stitcher -> image style transfer,node_mismatch; link_mismatch; arg_mismatch(5)
19744202,chain,✗,✗,2,text search -> video voiceover,text paraphraser -> video search -> video voiceover,node_mismatch; link_mismatch; arg_mismatch(2)
43835984,chain,✓,✓,2,video downloader -> video speed changer -> video voiceover,video downloader -> video speed changer -> video voiceover,arg_mismatch(2)
23045701,chain,✗,✗,3,article spinner -> video search,article spinner -> keyword extractor -> video search,node_mismatch; link_mismatch; arg_mismatch(3)
33792204,chain,✗,✗,3,image downloader -> image style transfer -> image stitcher,image downloader -> image style transfer -> image stitcher -> image colorizer,node_mismatch; link_mismatch; arg_mismatch(3)
73890826,chain,✗,✗,4,text downloader -> keyword extractor -> text simplifier -> image search -> image downloader,text downloader -> keyword extractor -> text simplifier -> image searcher -> image downloader,node_mismatch; link_mismatch; arg_mismatch(4)
24824876,chain,✓,✗,4,video-to-audio -> audio-to-image -> image-to-text -> text summarizer -> video speed changer,video-to-audio -> audio-to-image -> image-to-text -> text summarizer -> video speed changer,link_mismatch; arg_mismatch(4)
29392203,chain,✓,✓,1,video stabilizer -> video speed changer -> video voiceover,video stabilizer -> video speed changer -> video voiceover,arg_mismatch(1)
23680567,dag,✓,✗,2,text expander -> text translator -> url extractor -> text-to-audio,text expander -> text translator -> url extractor -> text-to-audio,link_mismatch; arg_mismatch(2)
93366262,chain,✗,✗,0,text grammar checker -> text summarizer -> text expander -> text paraphraser -> audio effects,text grammar checker -> text summarizer -> text expander -> article spinner -> audio effects,node_mismatch; link_mismatch
20524429,single,✓,✓,1,text grammar checker,text grammar checker,arg_mismatch(1)
32591813,single,✗,✗,2,text-to-audio -> audio splicer,text-to-audio,node_mismatch; link_mismatch; arg_mismatch(2)
19617599,chain,✗,✗,2,audio downloader -> audio-to-text -> audio effects,audio downloader -> audio-to-text -> text-to-audio -> audio effects -> audio splicer,node_mismatch; link_mismatch; arg_mismatch(2)
12052681,chain,✗,✗,2,image style transfer -> image search (by image) -> image-to-text -> topic generator -> text-to-video,image style transfer -> image search (by image) -> ocr (optical character recognition) -> topic generator -> text-to-video,node_mismatch; link_mismatch; arg_mismatch(2)
21765798,chain,✗,✗,3,image-to-text -> text sentiment analysis -> article spinner -> text paraphraser,image-to-text -> text sentiment analysis -> article rewriter -> text paraphraser,node_mismatch; link_mismatch; arg_mismatch(3)
30128227,chain,✗,✗,7,audio effects -> audio-to-text -> text-to-video -> video-to-audio -> video synchronization -> video-to-image -> image stitcher -> image search,audio effects -> audio-to-text -> image search (by image) -> image stitcher -> text-to-video -> video synchronization -> video-to-audio -> video-to-image,node_mismatch; link_mismatch; arg_mismatch(7)
12596149,single,✗,✗,1,image downloader -> save to local storage,image downloader,node_mismatch; link_mismatch; arg_mismatch(1)
87863729,chain,✗,✗,3,image search -> image downloader,text simplifier -> keyword extractor -> text sentiment analysis -> image search,node_mismatch; link_mismatch; arg_mismatch(3)
20253761,chain,✓,✓,1,video downloader -> video-to-text -> video voiceover,video downloader -> video-to-text -> video voiceover,arg_mismatch(1)
46098926,chain,✓,✓,1,video search -> video speed changer -> video stabilizer,video search -> video speed changer -> video stabilizer,arg_mismatch(1)
25796439,chain,✗,✗,3,text simplifier -> text-to-audio -> audio-to-text -> text sentiment analysis,text simplifier -> text-to-speech -> speech-to-text -> sentiment analysis,node_mismatch; link_mismatch; arg_mismatch(3)
30810988,chain,✓,✓,1,video voiceover -> video-to-image,video voiceover -> video-to-image,arg_mismatch(1)
21080186,chain,✗,✗,2,video search -> video downloader,text paraphraser -> video search,node_mismatch; link_mismatch; arg_mismatch(2)
96705715,single,✓,✓,1,text-to-image,text-to-image,arg_mismatch(1)
16474109,chain,✗,✗,2,article spinner -> text sentiment analysis -> text-to-image,article spinner -> text sentiment analysis -> image search,node_mismatch; link_mismatch; arg_mismatch(2)
23983514,chain,✓,✗,1,text translator -> text simplifier -> text paraphraser -> image search,text translator -> text simplifier -> text paraphraser -> image search,link_mismatch; arg_mismatch(1)
28972619,single,✓,✓,1,audio splicer,audio splicer,arg_mismatch(1)
24932362,chain,✓,✓,1,article spinner -> keyword extractor -> audio effects,article spinner -> keyword extractor -> audio effects,arg_mismatch(1)
19173806,chain,✓,✗,5,audio-to-text -> article spinner -> text simplifier -> url extractor -> image downloader -> image search (by image),audio-to-text -> article spinner -> text simplifier -> url extractor -> image downloader -> image search (by image),link_mismatch; arg_mismatch(5)
16686027,dag,✗,✓,3,video stabilizer -> video speed changer -> text downloader -> video voiceover,text downloader -> video stabilizer -> video speed changer -> video voiceover,node_mismatch; arg_mismatch(3)
22790352,single,✓,✓,1,video speed changer,video speed changer,arg_mismatch(1)
63654958,single,✓,✓,1,image search,image search,arg_mismatch(1)
24706313,chain,✓,✓,1,voice changer -> audio noise reduction -> audio-to-image -> image style transfer,voice changer -> audio noise reduction -> audio-to-image -> image style transfer,arg_mismatch(1)
33986145,chain,✗,✗,2,text search -> text expander,text search -> text paraphraser -> text expander,node_mismatch; link_mismatch; arg_mismatch(2)
22309304,dag,✗,✗,2,video downloader -> video-to-text -> image search -> video-to-audio,video downloader -> video-to-audio -> video-to-text -> image search,node_mismatch; link_mismatch; arg_mismatch(2)
24378191,dag,✗,✗,3,video-to-audio -> audio-to-text -> article spinner -> text-to-image,video downloader -> video-to-text -> article spinner -> text-to-image,node_mismatch; link_mismatch; arg_mismatch(3)
15736276,single,✗,✗,1,video-to-audio -> audio-to-text,video-to-text,node_mismatch; link_mismatch; arg_mismatch(1)
29419608,dag,✗,✗,2,article spinner -> text-to-image,article spinner -> text search -> text-to-image,node_mismatch; link_mismatch; arg_mismatch(2)
39913556,chain,✗,✗,2,audio noise reduction -> audio-to-text -> keyword extractor -> text paraphraser -> text-to-image -> image search -> image-to-video,audio noise reduction -> audio-to-text -> topic generator -> text paraphraser -> text-to-image -> image search (by image) -> image-to-video,node_mismatch; link_mismatch; arg_mismatch(2)
28989403,chain,✗,✗,4,video-to-audio -> audio-to-text -> text search -> text paraphraser,text paraphraser -> text search -> video-to-text,node_mismatch; link_mismatch; arg_mismatch(4)
27517183,dag,✓,✗,5,text summarizer -> text sentiment analysis -> audio effects -> voice changer -> audio splicer,text summarizer -> text sentiment analysis -> audio effects -> voice changer -> audio splicer,link_mismatch; arg_mismatch(5)
10978103,single,✓,✓,1,url extractor,url extractor,arg_mismatch(1)
21235241,chain,✓,✓,1,audio splicer -> audio-to-text -> text simplifier -> text-to-video,audio splicer -> audio-to-text -> text simplifier -> text-to-video,arg_mismatch(1)
24113482,chain,✓,✗,1,audio splicer -> audio-to-image -> image-to-text -> text paraphraser -> audio effects,audio splicer -> audio-to-image -> image-to-text -> text paraphraser -> audio effects,link_mismatch; arg_mismatch(1)
26928996,single,✗,✓,1,audio effects,apply audio effects,node_mismatch; arg_mismatch(1)
59994340,chain,✗,✗,4,text summarizer -> image search -> image-to-video -> video-to-audio,text summarizer -> image search (by text) -> image downloader -> image-to-video -> voice over,node_mismatch; link_mismatch; arg_mismatch(4)
70430276,chain,✗,✗,4,video downloader -> video speed changer -> video voiceover,url extractor -> video downloader -> video speed changer -> video voiceover,node_mismatch; link_mismatch; arg_mismatch(4)
